sample success SP-Score Modeler SPFN SPFP Compression Compression TC s h:m:s max_rss max_vms max_uss max_pss io_in io_out mean_load cpu_time
lyase_1_500_1 1 0.7930864197530865 0.8015972048914399 0.20691358024691353 0.19840279510856007 (naive) 1.015655577299413 0.6341948310139165 325.9223 0:05:25 8444.73 123594.33 8100.41 8219.83 1.98 7.53 181.50 639.19
ldh_20_1 1 0.7319534849703796 0.7250072442770211 0.2680465150296204 0.2749927557229789 (naive) 0.9973045822102425 0.2648648648648649 470.1398 0:07:50 8331.60 123525.95 7999.98 8105.92 1.99 5.23 189.79 974.50
myb_DNA-binding_500_3 1 0.9438877755511023 0.9326732673267327 0.05611222444889774 0.06732673267326728 (naive) 1.0 0.7857142857142857 161.7189 0:02:41 6434.29 123599.84 6091.60 6205.36 1.98 6.35 96.99 213.73
egf_500_2 1 0.7734465457352374 0.7684049079754601 0.2265534542647626 0.23159509202453987 (naive) 1.0422535211267605 0.36764705882352944 155.8202 0:02:35 6392.64 123599.75 6049.02 6212.29 1.98 5.95 124.01 271.00
aat_50_3 1 0.8028433791563858 0.7977816695855224 0.19715662084361418 0.20221833041447757 (naive) 1.0252100840336134 0.48337028824833705 427.6452 0:07:07 9031.71 113451.97 8823.30 8916.09 297.99 5.35 176.31 735.03
rhv_200_1 1 0.22354509953328888 0.448585626911315 0.7764549004667112 0.551414373088685 (naive) 2.0085470085470085 0.04338153503893215 228.6290 0:03:48 7141.45 123589.95 6797.13 6884.18 1.99 5.58 143.64 418.93
sodfe_100_2 1 0.9074143771170493 0.9033345822405395 0.09258562288295069 0.09666541775946047 (naive) 0.9908675799086758 0.6555023923444976 217.5233 0:03:37 6592.17 123597.38 6262.71 6418.83 1.99 5.56 157.11 411.32
kringle_1000_2 1 0.9282415630550621 0.9197465681098205 0.07175843694493789 0.08025343189017953 (naive) 1.02 0.7191011235955056 180.3750 0:03:00 6622.48 123592.76 6277.67 6360.81 1.97 7.66 124.87 256.60
rvp_50_2 1 0.7280108254397835 0.7202141900937081 0.27198917456021654 0.27978580990629187 (naive) 1.0 0.2972972972972973 232.1640 0:03:52 6603.89 123532.85 6259.82 6369.80 1.99 5.28 171.99 473.81
DMRL_synthase_100_1 1 0.9044368600682594 0.8769027134348114 0.09556313993174059 0.12309728656518859 (naive) 0.9505494505494505 0.7041420118343196 220.8446 0:03:40 6866.93 123533.11 6522.46 6686.13 1.99 5.27 161.97 410.25
LIM_50_3 1 0.9854838709677419 0.9854838709677419 0.014516129032258074 0.014516129032258074 (naive) 1.0 0.9024390243902439 207.6179 0:03:27 6451.61 123528.81 6106.68 6189.87 1.99 5.48 160.20 418.28
int_200_3 1 0.8674832962138085 0.8767585818795723 0.13251670378619151 0.12324141812042766 (naive) 1.0273972602739727 0.6831683168316832 209.1301 0:03:29 7119.77 123596.93 6775.27 6863.50 1.99 5.81 161.54 393.90
biotin_lipoyl_50_3 1 0.9451029320024953 0.9305896805896806 0.05489706799750471 0.06941031941031939 (naive) 0.9553571428571429 0.7529411764705882 273.7966 0:04:33 6501.57 110967.03 6158.14 6272.63 165.99 5.06 117.77 323.42
tms_200_1 1 0.963615472998851 0.96140619029423 0.036384527001149025 0.03859380970576998 (naive) 1.0028011204481793 0.8666666666666667 292.9530 0:04:52 8158.24 123464.77 7815.11 7978.25 1.99 7.48 192.53 609.19
OTCace_500_2 1 0.9528239202657808 0.9582358837287003 0.04717607973421922 0.04176411627129972 (naive) 1.0142857142857142 0.8783382789317508 225.9018 0:03:45 7099.62 123661.20 6754.26 6918.61 1.98 6.46 121.20 295.74
tRNA-synt_2b_200_3 1 0.5389025389025389 0.5077160493827161 0.4610974610974611 0.4922839506172839 (naive) 0.8886509635974305 0.26744186046511625 257.0798 0:04:17 7179.55 123651.75 6851.53 6957.18 257.99 6.08 124.02 335.45
subt_20_1 1 0.7039928156949433 0.6920882852292021 0.2960071843050567 0.30791171477079793 (naive) 1.0338164251207729 0.24489795918367346 563.9417 0:09:23 8145.82 123597.14 7800.47 7914.96 1.99 5.35 211.84 1291.68
rub_50_0 1 0.9755102040816327 0.9755102040816327 0.024489795918367308 0.024489795918367308 (naive) 1.0 0.8888888888888888 200.1362 0:03:20 6405.30 123591.71 6061.30 6224.79 1.99 5.16 124.50 348.60
HMG_box_50_0 1 0.7025495750708215 0.7015558698727016 0.2974504249291785 0.2984441301272984 (naive) 1.0224719101123596 0.2345679012345679 216.6549 0:03:36 6496.37 123661.03 6171.66 6323.24 1.99 5.21 141.01 381.57
subt_100_2 1 0.7863360044211108 0.7910904162902217 0.21366399557888915 0.2089095837097783 (naive) 1.0579710144927537 0.31887755102040816 370.1612 0:06:10 8453.46 123596.88 8107.24 8192.04 1.99 5.50 178.30 749.29
rrm_1000_1 1 0.8328077920257866 0.8137066958784062 0.1671922079742134 0.18629330412159384 (naive) 0.9554140127388535 0.17117117117117117 179.5502 0:02:59 6601.37 123592.76 6256.36 6366.56 1.96 7.55 132.41 292.22
aadh_100_0 1 0.8193372246281303 0.8367464666858956 0.1806627753718697 0.16325353331410442 (naive) 1.0498154981549817 0.4489795918367347 338.2331 0:05:38 7721.05 123655.84 7376.19 7539.81 1.99 5.66 184.16 696.77
hormone_rec_20_2 1 0.5774326176336226 0.5474231268947596 0.42256738236637736 0.4525768731052404 (naive) 0.974025974025974 0.29537366548042704 448.1407 0:07:28 7376.12 123650.09 7030.88 7140.39 25.99 5.36 181.39 829.26
tgfb_1000_3 1 0.8232067510548523 0.8764600179694519 0.1767932489451477 0.12353998203054806 (naive) 1.1440677966101696 0.3247863247863248 183.9849 0:03:03 6758.23 123658.47 6413.96 6578.23 1.98 7.36 130.84 293.07
hr_20_2 1 0.9971428571428571 1.0 0.0028571428571428914 0.0 (naive) 1.0121951219512195 0.9873417721518988 251.9026 0:04:11 6497.76 123597.76 6153.01 6263.29 1.99 5.11 151.49 452.43
phc_20_3 1 0.6897266729500471 0.7193551558045808 0.3102733270499529 0.28064484419541924 (naive) 1.094972067039106 0.3575418994413408 333.5074 0:05:33 6955.92 123590.22 6621.59 6778.62 1.99 5.18 182.04 682.28
flav_500_3 1 0.8175344904316867 0.8252470799640611 0.1824655095683133 0.1747529200359389 (naive) 1.0382513661202186 0.5428571428571428 186.3639 0:03:06 6897.20 123528.84 6552.57 6666.38 1.98 6.66 127.18 294.08
myb_DNA-binding_200_0 1 0.9398797595190381 0.9287128712871288 0.06012024048096187 0.07128712871287124 (naive) 1.0 0.7678571428571429 168.8097 0:02:48 6392.32 123525.09 6049.53 6133.99 1.99 5.55 111.91 260.99
tRNA-synt_2b_500_0 1 0.5384930384930385 0.5096899224806202 0.46150696150696147 0.4903100775193798 (naive) 0.9100642398286938 0.25290697674418605 223.6937 0:03:43 7245.02 123530.34 6900.15 7010.20 1.98 7.12 131.84 348.94
cah_200_1 1 0.866580310880829 0.8771853146853147 0.13341968911917101 0.12281468531468531 (naive) 1.043010752688172 0.6494464944649446 223.1305 0:03:43 7616.34 123468.98 7271.21 7354.50 1.99 5.67 142.76 422.89
ldh_200_3 1 0.8660864477437286 0.8559450668594145 0.13391355225627144 0.14405493314058548 (naive) 1.0 0.5351351351351351 212.1282 0:03:32 6900.55 123596.93 6555.69 6639.35 1.99 5.61 164.40 411.78
zf-CCHH_500_0 1 0.9432750624331074 0.9389204545454546 0.056724937566892564 0.061079545454545414 (naive) 1.1025641025641026 0.7428571428571429 149.3955 0:02:29 6362.27 123663.63 6034.06 6140.22 1.98 6.02 108.89 241.98
kunitz_1000_2 1 0.9893069306930693 0.9893069306930693 0.010693069306930703 0.010693069306930703 (naive) 1.0 0.95 162.3337 0:02:42 6486.80 123663.73 6142.88 6252.63 1.96 7.06 114.37 241.71
lyase_1_20_1 1 0.41358024691358025 0.4077409931840312 0.5864197530864197 0.5922590068159688 (naive) 0.9823874755381604 0.02584493041749503 532.0505 0:08:52 8264.27 123523.48 7919.96 8023.40 1.99 5.10 199.83 1146.78
hr_100_1 1 1.0 1.0 0.0 0.0 (naive) 1.0 1.0 212.0094 0:03:32 6483.75 123587.69 6139.44 6227.95 501.99 5.34 116.67 262.49
flav_200_1 1 0.7961726746773475 0.8051305130513051 0.20382732532265246 0.19486948694869488 (naive) 1.0327868852459017 0.44571428571428573 197.2026 0:03:17 6861.38 123589.95 6517.40 6627.25 1.99 5.47 134.19 327.87
ghf13_1000_1 1 0.6414518502370702 0.6460643319793611 0.3585481497629298 0.3539356680206389 (naive) 1.02555910543131 0.30560271646859083 438.7406 0:07:18 8603.16 123534.29 8258.13 8421.68 41.96 9.84 216.95 970.26
ace_50_3 1 0.6341691117631368 0.6688704459136307 0.36583088823686316 0.33112955408636935 (naive) 1.1666666666666667 0.3771626297577855 494.0543 0:08:14 11011.79 123591.52 10686.85 10823.68 1.99 5.19 183.70 1020.36
PDZ_100_1 1 0.8179723502304147 0.8236658932714617 0.1820276497695853 0.17633410672853833 (naive) 1.0 0.6262626262626263 192.0006 0:03:12 6546.37 123526.14 6202.95 6313.08 1.99 5.54 132.08 353.39
egf_500_3 1 0.7884986491702045 0.7732778198334594 0.2115013508297955 0.22672218016654055 (naive) 1.0140845070422535 0.36764705882352944 155.6551 0:02:35 6386.82 123528.73 6042.51 6125.73 1.98 5.98 114.00 268.40
HLH_100_1 1 0.9111470113085622 0.9141004862236629 0.08885298869143776 0.08589951377633709 (naive) 1.0 0.7976190476190477 193.6626 0:03:13 6432.66 123590.02 6105.01 6260.49 1.99 5.51 138.82 323.76
hla_500_2 1 1.0 1.0 0.0 0.0 (naive) 1.0 1.0 187.5242 0:03:07 7151.12 123596.90 6806.11 6916.30 1.98 6.83 129.18 306.16
kringle_1000_1 1 0.9378330373001776 0.9289232934553132 0.06216696269982236 0.07107670654468679 (naive) 1.02 0.7415730337078652 170.8446 0:02:50 6552.53 123590.25 6210.12 6321.01 1.97 7.25 140.28 285.38
cyclo_1000_2 1 0.8929765886287625 0.9012658227848102 0.1070234113712375 0.09873417721518984 (naive) 1.0147783251231528 0.7671957671957672 252.0871 0:04:12 7096.20 123529.30 6776.38 6927.31 73.96 8.07 127.27 334.94
p450_500_1 1 0.2587291795188155 0.4298011887681902 0.7412708204811844 0.5701988112318098 (naive) 1.72265625 0.028056112224448898 359.2743 0:05:59 9158.64 123530.38 8813.48 8922.17 1.98 8.24 174.54 672.29
GEL_50_0 1 0.6009950248756218 0.594488188976378 0.39900497512437816 0.405511811023622 (naive) 0.9933333333333333 0.2945205479452055 262.5339 0:04:22 6543.40 110949.34 6198.65 6281.89 229.99 5.32 146.17 385.44
zf-CCHH_20_2 1 0.8915447734570103 0.8886913229018493 0.10845522654298967 0.11130867709815073 (naive) 1.0769230769230769 0.6 230.7760 0:03:50 6352.88 110845.71 6326.29 6332.90 9.99 5.47 139.76 327.56
annexin_200_1 1 1.0 1.0 0.0 0.0 (naive) 1.0 1.0 200.9866 0:03:20 6513.51 110957.74 6168.96 6279.02 173.99 5.79 133.41 273.18
cytb_500_3 1 0.8118234804329725 0.8200168208578638 0.18817651956702752 0.17998317914213624 (naive) 1.03 0.5434782608695652 176.3278 0:02:56 6549.29 123592.79 6205.99 6369.54 1.98 6.47 137.53 305.52
uce_20_3 1 0.8305785123966942 0.817220816769064 0.16942148760330578 0.182779183230936 (naive) 0.9891304347826086 0.29518072289156627 334.3756 0:05:34 6867.71 111321.77 6522.52 6629.82 9.99 5.06 164.11 551.98
sodfe_20_0 1 0.8244260444109899 0.8227230046948357 0.17557395558901012 0.17727699530516428 (naive) 1.0456621004566211 0.45454545454545453 348.3858 0:05:48 6696.73 123527.59 6352.25 6515.89 1.99 5.18 170.05 719.82
blm_500_1 1 0.8775226165622826 0.8854093526190142 0.12247738343771741 0.11459064738098579 (naive) 1.0364963503649636 0.6704119850187266 329.8776 0:05:29 8637.20 123528.78 8293.39 8403.24 1.98 8.03 165.55 580.05
asp_20_3 1 0.8321123812590565 0.8325144974226805 0.1678876187409435 0.16748550257731953 (naive) 1.0078947368421052 0.48663101604278075 501.5358 0:08:21 8595.12 123597.23 8250.39 8363.46 1.99 5.28 192.32 1049.70
lyase_1_50_0 1 0.5298765432098765 0.5543787135107208 0.47012345679012346 0.44562128648927923 (naive) 1.0704500978473581 0.2286282306163022 410.8342 0:06:50 8100.73 123462.23 7756.46 7867.25 1.99 5.74 186.66 847.93
phc_500_1 1 0.8817153628652215 0.9009920061639218 0.11828463713477855 0.09900799383607817 (naive) 1.0670391061452513 0.659217877094972 173.0993 0:02:53 6594.74 123532.91 6251.04 6360.78 1.99 6.00 180.25 391.26
ghf5_500_3 1 0.6193279372087319 0.6358599848904558 0.3806720627912681 0.3641400151095442 (naive) 1.1085106382978724 0.3161953727506427 323.1858 0:05:23 8266.34 123535.64 7922.02 8086.31 1.98 8.50 230.09 823.84
DEATH_500_0 1 0.7503916449086162 0.7615262321144675 0.2496083550913838 0.23847376788553254 (naive) 1.050314465408805 0.4435483870967742 172.4127 0:02:52 6518.04 123592.73 6175.30 6258.36 1.98 6.35 152.00 292.13
tms_200_2 1 0.9563385675986212 0.9534173348606338 0.043661432401378764 0.04658266513936615 (naive) 1.0 0.8421052631578947 244.3226 0:04:04 8043.20 123527.62 7697.62 7807.84 1.99 5.96 159.61 498.73
tgfb_1000_2 1 0.8481012658227848 0.8553191489361702 0.15189873417721522 0.14468085106382977 (naive) 0.9915254237288136 0.452991452991453 181.4420 0:03:01 6744.48 123464.88 6399.60 6484.81 1.98 6.93 124.95 314.74
ghf1_200_1 1 0.891566265060241 0.8983511505707555 0.10843373493975905 0.10164884942924446 (naive) 1.0409252669039146 0.6739562624254473 357.5307 0:05:57 10114.01 123724.89 9769.12 9932.76 1.99 6.98 179.01 695.91
aldosered_100_1 1 0.9220152976388427 0.939034716342083 0.07798470236115729 0.06096528365791698 (naive) 1.0233160621761659 0.7384615384615385 332.5957 0:05:32 8209.23 112689.01 7864.29 7974.15 45.99 5.49 165.13 553.95
mofe_100_0 1 0.7274639423076923 0.7469916692378895 0.2725360576923077 0.2530083307621105 (naive) 1.0049261083743843 0.4811320754716981 363.2843 0:06:03 9303.75 123597.29 8958.82 9112.67 1.99 5.74 189.79 767.94
Ald_Xan_dh_2_1000_3 1 0.8321441982726249 0.8323004694835681 0.16785580172737513 0.16769953051643194 (naive) 1.0169491525423728 0.6310096153846154 202.2408 0:03:22 6745.91 123526.46 6401.28 6484.39 1.97 7.90 169.20 392.45
HLH_20_0 1 0.9402261712439418 0.9402261712439418 0.05977382875605819 0.05977382875605819 (naive) 1.0 0.8690476190476191 264.5386 0:04:24 6457.07 123532.84 6112.12 6222.63 1.99 5.55 171.38 523.65
flav_20_0 1 0.7779261237205163 0.7803571428571429 0.22207387627948372 0.21964285714285714 (naive) 1.0218579234972678 0.3942857142857143 337.5869 0:05:37 6842.32 123527.63 6803.71 6810.92 1.99 5.25 186.54 700.86
tms_200_3 1 0.9662964381463041 0.9622425629290617 0.03370356185369594 0.03775743707093826 (naive) 0.9943977591036415 0.8736842105263158 273.3543 0:04:33 8107.46 123591.62 7762.46 7872.28 1.99 5.70 173.03 522.65
zf-CCHH_100_0 1 0.8662147698894042 0.8631354425879844 0.13378523011059584 0.13686455741201564 (naive) 1.0256410256410255 0.6 172.2807 0:02:52 6320.25 123589.12 5976.53 6064.09 1.99 5.22 148.03 326.66
myb_DNA-binding_20_0 1 0.9198396793587175 0.9089108910891089 0.08016032064128253 0.09108910891089106 (naive) 1.0 0.75 286.6689 0:04:46 6423.42 110887.22 6103.95 6254.76 9.99 5.22 134.08 388.36
ghf13_1000_0 1 0.6720257234726688 0.6701994673623567 0.32797427652733124 0.3298005326376433 (naive) 1.0143769968051117 0.28183361629881154 421.3525 0:07:01 8522.20 123655.25 8177.05 8260.58 581.96 8.82 209.22 903.17
kringle_1000_0 1 0.9321492007104796 0.9232934553131598 0.06785079928952042 0.07670654468684024 (naive) 1.01 0.7528089887640449 177.7839 0:02:57 6573.09 123658.48 6227.98 6337.89 1.97 6.96 134.06 287.51
oxidored_q6_100_1 1 0.9290697674418604 0.936328125 0.07093023255813957 0.06367187500000004 (naive) 1.0035087719298246 0.8421052631578947 267.1432 0:04:27 6765.46 111137.79 6421.66 6585.14 21.99 5.30 157.18 420.73
oxidored_q6_200_2 1 0.9503875968992248 0.9649744195198741 0.04961240310077519 0.03502558048012594 (naive) 1.0350877192982457 0.8533834586466166 209.9788 0:03:29 6776.48 123591.69 6432.04 6516.73 1.99 5.70 165.56 419.24
ltn_100_3 1 0.9468533369579992 0.9454397394136808 0.053146663042000775 0.05456026058631924 (naive) 1.00711743772242 0.7628458498023716 262.7640 0:04:22 7550.80 123463.55 7206.36 7316.25 1.99 5.73 189.34 560.05
DEATH_50_1 1 0.6913838120104439 0.6885075403016121 0.30861618798955615 0.3114924596983879 (naive) 1.0251572327044025 0.4032258064516129 243.7214 0:04:03 6550.50 123596.93 6206.71 6318.36 1.99 5.36 163.36 483.23
kunitz_50_3 1 0.9572277227722772 0.9572277227722772 0.04277227722772281 0.04277227722772281 (naive) 1.0 0.8 218.4367 0:03:38 6425.09 110902.21 6080.76 6193.21 21.99 5.17 120.39 268.00
uce_100_1 1 0.9078971533516988 0.9225529532518428 0.09210284664830115 0.07744704674815717 (naive) 1.048913043478261 0.5783132530120482 225.2426 0:03:45 6871.90 123463.67 6527.81 6637.66 1.99 5.58 141.90 412.74
ghf13_100_3 1 0.6137664177884353 0.5986604295130767 0.3862335822115647 0.40133957048692326 (naive) 0.9440894568690096 0.2427843803056027 357.2936 0:05:57 8810.24 123591.60 8465.93 8549.12 1.99 5.62 203.55 815.59
Sulfotransfer_50_2 1 0.6417536534446764 0.6385542168674698 0.3582463465553236 0.3614457831325302 (naive) 0.9711286089238845 0.31756756756756754 352.2630 0:05:52 7793.32 123655.63 7470.12 7623.18 1.99 5.68 202.45 813.59
tRNA-synt_2b_1000_0 1 0.4954954954954955 0.4689922480620155 0.5045045045045045 0.5310077519379846 (naive) 0.9122055674518201 0.2180232558139535 244.3714 0:04:04 7230.74 123533.21 6886.13 6971.29 1.97 8.58 141.66 407.28
uce_50_2 1 0.9115702479338843 0.8986150085996198 0.0884297520661157 0.10138499140038015 (naive) 0.9891304347826086 0.5602409638554217 256.0902 0:04:16 6848.33 123525.98 6504.86 6668.16 13.99 5.25 152.15 487.60
ghf10_1000_3 1 0.9214694978092349 0.9327874445581713 0.07853050219076507 0.06721255544182869 (naive) 1.0631868131868132 0.7832817337461301 345.9493 0:05:45 8155.20 123535.82 7810.91 7895.61 1.96 8.68 162.92 598.00
kunitz_500_0 1 0.95009900990099 0.9534976152623211 0.049900990099009945 0.04650238473767887 (naive) 1.015625 0.7666666666666667 157.0611 0:02:37 6464.11 123530.32 6120.18 6230.08 1.98 6.11 122.39 253.35
sodcu_50_1 1 0.8702239789196311 0.8667979002624672 0.1297760210803689 0.13320209973753283 (naive) 0.9940828402366864 0.7168674698795181 275.3048 0:04:35 6895.86 111362.67 6552.04 6635.20 197.99 5.10 149.34 416.14
ltn_200_2 1 0.933260840016311 0.9338955386289445 0.06673915998368896 0.06610446137105552 (naive) 1.0142348754448398 0.7154150197628458 224.1953 0:03:44 7591.90 123590.02 7247.68 7332.25 1.99 5.96 147.41 394.79
aadh_200_2 1 0.8648088872152138 0.8642393451876941 0.13519111278478624 0.13576065481230593 (naive) 1.007380073800738 0.562358276643991 274.4025 0:04:34 7724.43 123660.95 7380.61 7543.86 1.99 6.93 177.14 527.20
tms_50_2 1 0.9513596323247798 0.9499043977055449 0.048640367675220175 0.05009560229445509 (naive) 1.0028011204481793 0.8385964912280702 332.1175 0:05:32 7956.34 123655.78 7610.96 7694.31 1.99 5.64 195.13 726.36
biotin_lipoyl_50_2 1 0.9451029320024953 0.9305896805896806 0.05489706799750471 0.06941031941031939 (naive) 0.9553571428571429 0.7529411764705882 224.3102 0:03:44 6502.50 123591.68 6159.10 6247.57 1.99 5.32 143.07 409.64
msb_500_1 1 0.8352417302798982 0.8506640751538711 0.16475826972010177 0.1493359248461289 (naive) 1.0316455696202531 0.5724137931034483 176.9136 0:02:56 6533.18 123530.32 6186.76 6269.98 1.98 6.64 134.85 311.04
DMRL_synthase_100_3 1 0.9174061433447099 0.8912466843501327 0.08259385665529007 0.10875331564986734 (naive) 0.967032967032967 0.7159763313609467 222.2878 0:03:42 6855.13 123466.38 6510.42 6594.99 1.99 5.66 157.33 412.42
cys_200_0 1 0.9162380602498164 0.9128843338213762 0.08376193975018364 0.08711566617862376 (naive) 1.0318021201413428 0.6417910447761194 232.9767 0:03:52 7487.73 123526.17 7158.58 7314.10 1.99 6.33 183.63 478.37
tms_50_0 1 0.9586365377250096 0.9535238095238096 0.04136346227499044 0.04647619047619045 (naive) 0.9971988795518207 0.8456140350877193 329.8835 0:05:29 8004.52 123656.29 7661.15 7824.52 1.99 5.63 192.49 702.46
DEATH_100_2 1 0.7493472584856397 0.7477853048462741 0.25065274151436034 0.25221469515372585 (naive) 1.0062893081761006 0.4435483870967742 243.8567 0:04:03 6556.39 111006.85 6530.80 6537.20 269.99 5.55 125.62 311.41
ghf5_20_2 1 0.06377238165317635 0.06327573618885374 0.9362276183468237 0.9367242638111463 (naive) 1.023404255319149 0.0 495.4613 0:08:15 8103.51 123590.00 7758.47 7872.08 1.99 5.43 192.86 1023.46
ghf1_20_0 1 0.8353713360906312 0.8782493619434729 0.1646286639093688 0.12175063805652708 (naive) 1.1316725978647686 0.5666003976143141 613.5296 0:10:13 9782.81 114273.02 9438.90 9553.02 125.99 5.23 192.24 1184.25
hormone_rec_100_3 1 0.6943809958885335 0.6657906263688129 0.3056190041114665 0.3342093736311871 (naive) 1.0129870129870129 0.3807829181494662 259.6848 0:04:19 7310.60 123526.20 6977.08 7133.12 1.99 5.46 164.66 487.28
Rhodanese_500_1 1 0.6936008676789588 0.7019758507135017 0.3063991323210412 0.29802414928649834 (naive) 1.0925925925925926 0.3645833333333333 182.7289 0:03:02 6707.20 123658.42 6362.98 6526.20 1.98 6.75 137.55 311.46
rhv_20_1 1 0.25659586627297837 0.3535433070866142 0.7434041337270216 0.6464566929133858 (naive) 1.4455128205128205 0.0055617352614015575 716.5362 0:11:56 7496.06 111900.07 7152.80 7264.07 365.99 5.19 213.71 1535.83
gpdh_1000_3 1 0.9636108411618616 0.9622600819495364 0.036389158838138425 0.03773991805046362 (naive) 1.0027777777777778 0.888268156424581 219.1445 0:03:39 7007.48 123592.98 6662.83 6772.78 1.98 8.25 138.43 339.18
tRNA-synt_2b_1000_3 1 0.49303849303849306 0.49937785151389463 0.506961506961507 0.5006221484861053 (naive) 0.9593147751605996 0.22093023255813954 250.8783 0:04:10 7284.31 123528.03 6939.78 7049.70 1.97 8.57 143.49 378.22
egf_200_1 1 0.7580084909301428 0.7591805179744878 0.24199150906985722 0.24081948202551218 (naive) 1.1408450704225352 0.3235294117647059 160.5351 0:02:40 6362.59 123591.62 6019.27 6131.55 1.99 5.46 124.35 322.63
mofe_1000_0 1 0.7884615384615384 0.811504561620535 0.21153846153846156 0.18849543837946503 (naive) 1.0656814449917897 0.5660377358490566 455.7192 0:07:35 9765.52 123530.39 9420.50 9531.30 1.97 10.72 170.05 800.55
gluts_200_0 1 0.9287368421052632 0.9314822635135135 0.0712631578947368 0.06851773648648651 (naive) 1.025531914893617 0.7339055793991416 199.0713 0:03:19 6668.90 123589.03 6324.64 6409.83 1.99 5.63 132.14 343.66
myb_DNA-binding_200_3 1 0.9519038076152304 0.9405940594059405 0.04809619238476959 0.05940594059405946 (naive) 1.0 0.8035714285714286 187.6055 0:03:07 6437.55 110826.90 6094.31 6182.70 405.99 5.56 106.77 201.19
HLH_500_1 1 0.9353796445880452 0.9353796445880452 0.06462035541195477 0.06462035541195477 (naive) 1.0 0.8571428571428571 168.8646 0:02:48 6426.80 123528.84 6083.73 6193.75 1.98 6.34 105.74 233.96
oxidored_q6_100_3 1 0.9608527131782946 0.9660950896336711 0.03914728682170543 0.03390491036632892 (naive) 1.0105263157894737 0.9022556390977443 242.7782 0:04:02 6778.25 123525.98 6434.43 6519.25 1.99 5.40 170.87 532.26
DMRL_synthase_1000_1 1 0.9058020477815699 0.8811420982735724 0.09419795221843008 0.11885790172642763 (naive) 0.9560439560439561 0.6804733727810651 203.1540 0:03:23 6944.80 123591.95 6600.32 6714.31 1.97 8.32 142.19 335.09
cryst_20_3 1 0.912404634077423 0.9170690144845215 0.087595365922577 0.0829309855154785 (naive) 1.0052083333333333 0.6795580110497238 318.4505 0:05:18 6573.51 123591.53 6228.76 6389.05 1.99 5.21 179.93 639.21
sodcu_1000_2 1 0.8787878787878788 0.9019607843137255 0.12121212121212122 0.0980392156862745 (naive) 1.029585798816568 0.7228915662650602 216.7222 0:03:36 7090.86 123599.82 6746.21 6910.25 1.97 8.14 120.03 311.29
KAS_20_0 1 0.3651226158038147 0.3701657458563536 0.6348773841961852 0.6298342541436464 (naive) 1.0420792079207921 0.0825 497.7184 0:08:17 7403.48 123660.84 7058.62 7171.41 1.99 5.23 199.86 1042.02
uce_50_3 1 0.9282828282828283 0.912941388964147 0.07171717171717173 0.087058611035853 (naive) 0.9836956521739131 0.5843373493975904 266.3224 0:04:26 6853.65 111311.75 6613.12 6685.02 49.99 5.43 153.29 413.25
DMRL_synthase_500_3 1 0.9085324232081912 0.8837981407702523 0.09146757679180884 0.11620185922974768 (naive) 0.9560439560439561 0.6923076923076923 188.6472 0:03:08 6928.05 123592.81 6582.98 6666.20 1.98 7.21 128.52 290.54
msb_20_2 1 0.7916666666666666 0.7879075656853435 0.20833333333333337 0.21209243431465652 (naive) 1.018987341772152 0.42758620689655175 307.1027 0:05:07 6702.77 123596.85 6357.81 6462.87 1.99 5.18 176.59 626.10
rhv_1000_2 1 0.368511286789218 0.46496815286624205 0.631488713210782 0.535031847133758 (naive) 1.3621794871794872 0.05005561735261402 231.5492 0:03:51 7144.32 123528.79 6799.24 6962.96 1.98 8.45 212.31 526.54
GEL_1000_3 1 0.7213930348258707 0.7045675413022352 0.2786069651741293 0.2954324586977648 (naive) 1.0 0.3835616438356164 180.2612 0:03:00 6647.71 123592.76 6303.17 6386.25 1.97 6.80 139.49 312.70
ghf13_50_0 1 0.26519156357294676 0.30393504059962523 0.7348084364270533 0.6960649594003747 (naive) 1.3146964856230032 0.001697792869269949 422.5438 0:07:02 8190.27 123596.92 7845.43 8006.86 1.99 5.24 194.63 876.44
cryst_50_0 1 0.922011867759254 0.9199323371863547 0.07798813224074597 0.0800676628136453 (naive) 1.0 0.6961325966850829 249.3524 0:04:09 6558.21 123654.09 6214.71 6377.99 1.99 5.33 166.45 499.48
ghf5_500_1 1 0.6247240618101545 0.6396283274736313 0.3752759381898455 0.3603716725263687 (naive) 1.1063829787234043 0.30848329048843187 311.3631 0:05:11 8229.00 123594.32 7884.06 7994.13 1.98 7.73 164.12 557.67
hla_500_3 1 1.0 1.0 0.0 0.0 (naive) 1.0 1.0 212.1874 0:03:32 7109.19 111449.25 6764.57 6894.55 85.98 6.60 116.32 251.35
int_20_0 1 0.5996659242761693 0.5983333333333334 0.40033407572383073 0.4016666666666666 (naive) 1.0228310502283104 0.22277227722772278 348.9414 0:05:48 7069.74 123592.81 6724.75 6888.34 1.99 5.18 184.26 690.50
DMRL_synthase_200_1 1 0.9242320819112628 0.8978779840848806 0.07576791808873717 0.10212201591511938 (naive) 0.967032967032967 0.7100591715976331 192.6550 0:03:12 6856.90 123655.68 6512.99 6622.86 1.99 5.77 121.80 315.46
gpdh_100_0 1 0.9603714501673686 0.9586117697779694 0.03962854983263142 0.04138823022203064 (naive) 0.9972222222222222 0.8798882681564246 256.9297 0:04:16 6998.62 123783.74 6654.04 6766.61 1.99 5.70 172.44 505.31
phc_100_0 1 0.9220546654099906 0.934741066309956 0.07794533459000941 0.06525893369004399 (naive) 1.0335195530726258 0.6927374301675978 215.8304 0:03:35 6568.51 123589.93 6224.41 6334.41 1.99 5.31 170.35 439.60
hom_200_3 1 0.952994204764971 0.9475032010243278 0.04700579523502901 0.052496798975672165 (naive) 0.9591836734693877 0.6956521739130435 170.9496 0:02:50 6431.16 123471.77 6086.46 6199.90 1.99 5.78 133.62 308.55
msb_100_1 1 0.851145038167939 0.8574174943928228 0.14885496183206104 0.14258250560717722 (naive) 1.018987341772152 0.5793103448275863 203.2565 0:03:23 6670.84 123596.99 6644.99 6651.46 1.99 5.45 156.13 439.56
cah_500_2 1 0.8916234887737479 0.9045116075339465 0.10837651122625214 0.09548839246605345 (naive) 1.050179211469534 0.6863468634686347 239.0731 0:03:59 7677.87 123720.73 7333.13 7417.61 1.98 7.45 151.14 436.87
mofe_20_0 1 0.46859975961538464 0.520875083500334 0.5314002403846154 0.47912491649966604 (naive) 1.1412151067323482 0.1660377358490566 622.5297 0:10:22 9613.97 114049.47 9587.78 9594.43 293.99 5.38 209.67 1308.07
Ald_Xan_dh_2_200_1 1 0.8521404431092753 0.8506231843313654 0.14785955689072472 0.1493768156686346 (naive) 1.0033898305084745 0.6550480769230769 210.0749 0:03:30 6791.07 123590.13 6445.63 6559.33 1.99 5.88 166.97 407.67
blmb_100_3 1 0.727509778357236 0.75 0.27249022164276404 0.25 (naive) 0.9680232558139535 0.44 278.3661 0:04:38 7262.37 111755.19 6918.96 7032.07 537.99 5.51 152.08 406.67
asp_1000_1 1 0.8972790210916116 0.9009052699644359 0.10272097890838838 0.09909473003556413 (naive) 1.0263157894736843 0.7192513368983957 401.7746 0:06:41 8720.97 123464.76 8375.98 8486.12 1.96 9.77 150.55 637.54
tms_20_2 1 0.9448487169666794 0.940884820747521 0.05515128303332062 0.059115179252479 (naive) 1.0084033613445378 0.8210526315789474 427.4843 0:07:07 7938.87 123525.99 7594.16 7703.65 1.99 5.28 194.37 905.56
HLH_20_2 1 0.938610662358643 0.938610662358643 0.06138933764135701 0.06138933764135701 (naive) 1.0 0.8809523809523809 249.4580 0:04:09 6447.88 123591.71 6102.92 6191.48 1.99 5.14 151.34 467.25
p450_50_3 1 0.4671601891836315 0.520649035156071 0.5328398108163686 0.47935096484392903 (naive) 1.66015625 0.0 431.2689 0:07:11 9948.02 123532.98 9618.82 9775.18 1.99 5.32 183.64 868.76
tRNA-synt_2b_50_0 1 0.3452088452088452 0.3234842670759785 0.6547911547911548 0.6765157329240215 (naive) 0.8843683083511777 0.09593023255813954 331.3361 0:05:31 7153.49 123596.88 6808.54 6972.10 1.99 5.27 188.83 686.35
blm_1000_3 1 0.9063326374391093 0.921074964639321 0.0936673625608907 0.07892503536067896 (naive) 1.032846715328467 0.7453183520599251 400.7871 0:06:40 8635.44 123593.07 8291.71 8455.09 1.97 8.74 159.97 683.47
DEATH_20_2 1 0.5493472584856397 0.5528113504992118 0.4506527415143603 0.4471886495007882 (naive) 1.0125786163522013 0.18548387096774194 300.4941 0:05:00 6567.04 123526.14 6221.60 6331.74 1.99 5.05 183.06 649.42
peroxidase_20_0 1 0.3529032258064516 0.6695226438188494 0.6470967741935484 0.3304773561811506 (naive) 1.6919060052219321 0.08882521489971347 470.1536 0:07:50 8175.55 123525.94 7831.54 7943.74 1.99 5.15 190.57 979.87
zf-CCHH_1000_1 1 0.9600428112736354 0.9545938275984391 0.039957188726364556 0.04540617240156086 (naive) 1.0769230769230769 0.7714285714285715 147.1658 0:02:27 6389.82 123656.95 6045.59 6155.29 1.96 6.76 121.98 221.28
HLH_200_1 1 0.9353796445880452 0.939935064935065 0.06462035541195477 0.06006493506493504 (naive) 1.0326086956521738 0.8571428571428571 170.5933 0:02:50 6437.57 123527.64 6110.99 6190.78 1.99 5.74 121.84 292.87
gpdh_200_1 1 0.9560522621747112 0.9543004957965079 0.043947737825288824 0.045699504203492114 (naive) 0.9972222222222222 0.8715083798882681 212.6056 0:03:32 6962.38 123596.88 6616.74 6727.09 1.99 5.74 164.88 421.87
GEL_200_3 1 0.6805970149253732 0.6692759295499021 0.31940298507462683 0.3307240704500979 (naive) 1.0066666666666666 0.3698630136986301 177.0495 0:02:57 6517.60 123655.64 6172.87 6262.66 1.99 5.83 160.01 398.33
myb_DNA-binding_200_2 1 0.9519038076152304 0.9405940594059405 0.04809619238476959 0.05940594059405946 (naive) 1.0 0.8035714285714286 173.1412 0:02:53 6371.25 123526.01 6344.51 6351.11 1.99 5.93 142.08 289.16
cah_50_1 1 0.7789291882556131 0.7689684569479965 0.22107081174438692 0.23103154305200346 (naive) 0.982078853046595 0.5202952029520295 314.3463 0:05:14 7628.02 123596.84 7284.23 7448.37 1.99 5.44 168.24 591.52
serpin_500_3 1 0.9470192117250941 0.9413328083472783 0.05298078827490593 0.05866719165272172 (naive) 1.0095923261390887 0.8015075376884422 340.7815 0:05:40 9091.99 123535.64 8746.99 8857.29 1.98 8.09 163.79 621.66
ace_100_2 1 0.7184582555348092 0.797601421379923 0.28154174446519076 0.20239857862007704 (naive) 1.17 0.4844290657439446 406.5098 0:06:46 10560.79 123590.01 10215.54 10298.93 1.99 5.95 171.02 808.62
tim_1000_2 1 0.989053736204089 0.9900389386941955 0.010946263795911015 0.009961061305804542 (naive) 1.0076923076923077 0.9459459459459459 282.2612 0:04:42 7675.70 123528.80 7343.12 7498.59 1.97 9.39 152.68 481.72
uce_500_1 1 0.9246097337006428 0.9238462244242591 0.07539026629935719 0.07615377557574088 (naive) 1.0217391304347827 0.6325301204819277 193.8769 0:03:13 6919.67 123658.45 6574.78 6738.38 1.98 6.54 124.74 261.38
proteasome_500_2 1 0.8286280336800397 0.8219887372916588 0.17137196631996032 0.17801126270834122 (naive) 1.0744336569579287 0.32068965517241377 227.1633 0:03:47 7241.07 123523.78 6921.68 7026.02 45.98 6.72 106.59 251.20
annexin_200_0 1 1.0 1.0 0.0 0.0 (naive) 1.0 1.0 207.6968 0:03:27 6506.81 110892.49 6162.70 6273.37 69.99 5.58 123.38 261.20
rrm_20_2 1 0.8070212318688249 0.7780705310093231 0.1929787681311751 0.2219294689906769 (naive) 0.9299363057324841 0.25225225225225223 275.0666 0:04:35 6562.84 123526.13 6217.64 6328.54 1.99 5.42 172.44 542.39
ltn_500_1 1 0.9469892619274161 0.9489239989103786 0.05301073807258394 0.0510760010896214 (naive) 1.0498220640569396 0.7351778656126482 238.4894 0:03:58 7641.46 123464.79 7296.57 7406.45 1.98 7.87 150.03 423.23
icd_500_1 1 0.9256150506512301 0.9318181818181818 0.07438494934876994 0.06818181818181823 (naive) 1.0138568129330254 0.8292011019283747 324.9846 0:05:24 9047.83 123594.41 8703.20 8813.11 1.98 7.92 171.80 648.94
adh_100_2 1 0.9814765100671141 0.98544474393531 0.018523489932885884 0.014555256064689992 (naive) 1.0106666666666666 0.9546666666666667 253.3266 0:04:13 6833.13 123594.29 6488.21 6598.31 1.99 5.30 165.35 490.34
aat_100_2 1 0.7590177417459758 0.7520810291635136 0.2409822582540242 0.2479189708364864 (naive) 1.0294117647058822 0.4146341463414634 331.1378 0:05:31 8998.34 123590.25 8654.03 8768.62 1.99 5.36 186.31 690.94
annexin_1000_2 1 1.0 1.0 0.0 0.0 (naive) 1.0 1.0 176.2500 0:02:56 6491.90 123722.48 6149.94 6233.32 1.97 7.33 135.14 300.33
ghf5_500_0 1 0.6433652195241599 0.6610383064516129 0.3566347804758401 0.3389616935483871 (naive) 1.078723404255319 0.3264781491002571 323.9441 0:05:23 8265.55 123528.78 7920.51 8005.13 1.98 8.65 224.78 776.93
cyclo_200_3 1 0.8779264214046822 0.8939974457215837 0.12207357859531776 0.10600255427841632 (naive) 1.0394088669950738 0.7248677248677249 224.9650 0:03:44 7026.68 111486.98 6682.77 6776.76 45.99 5.98 119.33 273.27
oxidored_q6_20_1 1 0.8197674418604651 0.8166023166023166 0.18023255813953487 0.18339768339768336 (naive) 0.9964912280701754 0.5601503759398496 409.6714 0:06:49 6821.43 123655.73 6491.48 6646.91 1.99 5.22 187.76 844.44
zf-CCHH_1000_0 1 0.9550481626828398 0.9496275274920184 0.04495183731716024 0.0503724725079816 (naive) 1.0769230769230769 0.7428571428571429 152.9047 0:02:32 6363.85 123471.73 6019.58 6129.75 1.96 6.48 121.46 216.24
DEATH_500_3 1 0.7315926892950392 0.7389240506329114 0.2684073107049608 0.26107594936708856 (naive) 1.0188679245283019 0.4435483870967742 173.3882 0:02:53 6479.04 123592.84 6137.94 6252.39 1.98 6.29 143.76 291.81
Rhodanese_1000_2 1 0.7071583514099783 0.6969535008017104 0.2928416485900217 0.30304649919828963 (naive) 1.0324074074074074 0.421875 199.9644 0:03:19 6756.92 123530.36 6410.80 6494.04 1.96 7.63 106.04 305.79
proteasome_50_2 1 0.8130072008229512 0.7833988031866075 0.1869927991770488 0.21660119681339252 (naive) 0.9870550161812298 0.2793103448275862 318.2165 0:05:18 7202.60 111650.91 6858.39 7011.83 161.99 5.37 147.28 473.56
aadh_500_2 1 0.8373187723592543 0.870169259367968 0.16268122764074566 0.12983074063203204 (naive) 1.1273062730627306 0.46938775510204084 311.3959 0:05:11 7746.41 123660.79 7402.05 7565.89 197.98 7.03 144.60 480.57
hormone_rec_500_0 1 0.7259022384650525 0.7460093896713615 0.27409776153494747 0.25399061032863846 (naive) 1.0909090909090908 0.47686832740213525 208.1511 0:03:28 7345.52 123529.74 7001.23 7085.72 1.98 6.64 160.58 364.60
subt_500_2 1 0.7661646863774524 0.779957805907173 0.2338353136225476 0.220042194092827 (naive) 1.1545893719806763 0.2857142857142857 341.2689 0:05:41 8603.61 123592.93 8258.11 8341.47 1.98 8.50 162.23 600.47
gluts_1000_3 1 0.8974210526315789 0.901596869712352 0.1025789473684211 0.09840313028764802 (naive) 1.025531914893617 0.6351931330472103 207.7838 0:03:27 6701.16 123528.76 6355.96 6466.19 1.96 8.15 135.21 321.08
sodcu_100_2 1 0.8745059288537549 0.8771060455896927 0.1254940711462451 0.12289395441030726 (naive) 1.0059171597633136 0.7168674698795181 222.1008 0:03:42 6894.84 123527.63 6553.05 6714.24 1.99 5.48 152.50 391.70
sodcu_1000_3 1 0.8913043478260869 0.9114179858538228 0.10869565217391308 0.08858201414617717 (naive) 1.0236686390532543 0.7590361445783133 209.7929 0:03:29 7014.53 123663.84 6689.04 6798.88 1.97 8.21 134.10 334.30
tRNA-synt_2b_20_3 1 0.44676494676494677 0.415935951200915 0.5532350532350532 0.584064048799085 (naive) 0.880085653104925 0.14534883720930233 441.3155 0:07:21 7193.46 123596.92 7167.30 7175.63 1.99 5.25 189.05 915.59
kringle_50_1 1 0.9534635879218473 0.9430780042164442 0.046536412078152734 0.056921995783555834 (naive) 1.04 0.7752808988764045 217.8016 0:03:37 6527.75 123660.96 6183.11 6293.16 1.99 5.16 147.74 414.64
cah_200_2 1 0.8942141623488774 0.8988715277777778 0.1057858376511226 0.10112847222222221 (naive) 1.025089605734767 0.7084870848708487 226.8874 0:03:46 7644.14 123525.95 7300.06 7409.96 1.99 6.58 141.12 380.12
flav_100_2 1 0.7619047619047619 0.7799544419134397 0.23809523809523814 0.22004555808656034 (naive) 1.0655737704918034 0.4742857142857143 229.3469 0:03:49 6824.14 123592.37 6479.52 6591.98 1.99 5.30 148.50 416.46
adh_1000_1 1 0.9691275167785235 0.9730458221024259 0.03087248322147651 0.02695417789757415 (naive) 1.0106666666666666 0.928 229.5223 0:03:49 6899.05 123656.88 6554.30 6718.94 1.96 8.54 135.89 350.96
hormone_rec_20_0 1 0.5902238465052535 0.5669153137340939 0.4097761534947465 0.4330846862659061 (naive) 1.0129870129870129 0.3167259786476868 424.0169 0:07:04 7351.31 111843.31 7006.65 7105.87 13.99 5.25 185.88 793.18
ghf13_500_0 1 0.656766036296256 0.6495095397218928 0.34323396370374404 0.35049046027810715 (naive) 0.9984025559105432 0.30560271646859083 316.5767 0:05:16 8476.79 123464.88 8132.32 8243.36 1.98 8.20 166.44 548.83
adh_500_2 1 0.9624161073825503 0.9681339454496354 0.037583892617449655 0.03186605455036462 (naive) 1.0186666666666666 0.912 194.0778 0:03:14 6879.04 123535.63 6536.23 6700.13 1.98 6.54 131.81 307.80
sodcu_20_2 1 0.8494729907773386 0.8531260337413166 0.15052700922266138 0.14687396625868343 (naive) 1.0650887573964498 0.5843373493975904 315.7402 0:05:15 6868.19 123596.95 6523.36 6686.59 1.99 5.19 167.36 615.71
cys_20_0 1 0.8368846436443791 0.829368932038835 0.1631153563556209 0.170631067961165 (naive) 0.9787985865724381 0.5111940298507462 391.5039 0:06:31 7398.47 123590.04 7076.83 7229.03 1.99 5.11 190.92 820.35
aadh_50_2 1 0.7836565618527584 0.7827722399849539 0.21634343814724155 0.21722776001504607 (naive) 1.011070110701107 0.39909297052154197 419.0280 0:06:59 7806.88 123468.84 7462.24 7626.61 1.99 5.47 196.58 916.39
blm_100_3 1 0.8926931106471816 0.9019828434819294 0.1073068893528184 0.09801715651807064 (naive) 1.051094890510949 0.6591760299625468 358.0418 0:05:58 8410.30 112882.94 8065.62 8158.57 105.99 5.44 166.56 601.80
msb_100_0 1 0.8346055979643766 0.8418350978504973 0.1653944020356234 0.15816490214950274 (naive) 1.0063291139240507 0.5448275862068965 237.5034 0:03:57 6686.68 111137.89 6343.15 6506.47 393.99 5.44 135.90 326.74
phc_200_0 1 0.8887841658812441 0.903602912993484 0.11121583411875591 0.09639708700651595 (naive) 1.0391061452513966 0.6256983240223464 207.9302 0:03:27 6598.74 110968.50 6254.12 6366.86 185.99 5.57 131.78 279.02
PDZ_50_3 1 0.7811059907834101 0.7841171935235158 0.21889400921658986 0.21588280647648417 (naive) 1.018181818181818 0.5252525252525253 231.2907 0:03:51 6542.10 123526.09 6198.57 6286.47 1.99 5.57 138.46 419.09
ace_500_3 1 0.8538276873833022 0.8703099510603589 0.14617231261669783 0.1296900489396411 (naive) 1.0683333333333334 0.6522491349480969 664.8147 0:11:04 11314.53 123594.32 10969.27 11114.02 1.98 7.66 191.35 1317.58
flav_1000_0 1 0.842456608811749 0.8504043126684636 0.157543391188251 0.1495956873315364 (naive) 1.0327868852459017 0.5828571428571429 207.8432 0:03:27 6911.20 123591.98 6567.17 6698.43 1.97 7.55 132.03 344.24
annexin_500_1 1 1.0 1.0 0.0 0.0 (naive) 1.0 1.0 226.9048 0:03:46 6510.45 110958.91 6290.24 6392.01 169.98 6.29 83.19 192.87
Ald_Xan_dh_2_200_0 1 0.8485730379271498 0.8539442607463391 0.15142696207285022 0.1460557392536609 (naive) 1.0169491525423728 0.6298076923076923 212.9359 0:03:32 6793.98 123461.97 6449.18 6559.13 1.99 5.63 154.77 410.87
cys_1000_0 1 0.937790840068577 0.9342442356959864 0.06220915993142295 0.06575576430401364 (naive) 1.0353356890459364 0.7014925373134329 294.8907 0:04:54 7545.47 123464.79 7217.73 7332.94 1.96 8.68 192.74 628.16
hr_100_3 1 1.0 1.0 0.0 0.0 (naive) 1.0 1.0 184.8509 0:03:04 6488.86 123527.71 6145.90 6310.02 1.99 5.35 143.74 337.57
int_500_1 1 0.7433184855233853 0.7529610829103215 0.2566815144766147 0.2470389170896785 (naive) 1.0273972602739727 0.3910891089108911 206.9346 0:03:26 7169.21 123599.70 6823.53 6909.10 1.98 7.01 140.88 337.65
DEATH_50_2 1 0.6266318537859008 0.6279434850863422 0.3733681462140992 0.37205651491365777 (naive) 1.0062893081761006 0.4435483870967742 238.3215 0:03:58 6538.38 123590.07 6194.50 6277.62 1.99 5.29 167.19 506.20
cah_20_3 1 0.7573402417962003 0.7495726495726496 0.2426597582037997 0.2504273504273504 (naive) 0.989247311827957 0.45387453874538747 395.2818 0:06:35 7698.00 123653.99 7353.95 7439.38 1.99 5.14 198.46 860.07
Acetyltransf_200_3 1 0.6337123084527929 0.6160499759730899 0.3662876915472071 0.38395002402691014 (naive) 0.9868995633187773 0.2804232804232804 209.5460 0:03:29 6583.07 110953.30 6239.76 6403.14 1.99 5.57 137.04 288.14
blm_500_2 1 0.9025748086290883 0.9110705254284911 0.09742519137091166 0.0889294745715089 (naive) 1.0291970802919708 0.700374531835206 313.9155 0:05:13 8616.34 123592.72 8270.99 8381.24 1.98 7.65 160.90 556.27
peroxidase_200_1 1 0.6912903225806452 0.7487770789657582 0.30870967741935484 0.2512229210342418 (naive) 1.0966057441253263 0.35816618911174786 251.4628 0:04:11 7842.09 123589.07 7497.07 7607.20 1.99 6.58 162.58 473.96
phc_100_2 1 0.8964184731385485 0.912763915547025 0.1035815268614515 0.08723608445297504 (naive) 1.0446927374301676 0.6703910614525139 221.8953 0:03:41 6580.30 123463.57 6236.16 6400.36 1.99 5.54 161.21 439.81
cys_20_3 1 0.778226794024002 0.7788467430602365 0.22177320597599803 0.2211532569397635 (naive) 1.0 0.4925373134328358 397.4408 0:06:37 7454.65 123527.53 7132.56 7283.24 1.99 5.51 195.51 860.05
kringle_500_2 1 0.9420959147424511 0.9331456720619282 0.057904085257548865 0.06685432793807178 (naive) 1.02 0.7640449438202247 168.2989 0:02:48 6522.87 123466.38 6180.41 6263.50 1.98 6.20 105.22 223.61
hpr_200_1 1 0.9953379953379954 1.0 0.004662004662004615 0.0 (naive) 1.0112359550561798 0.9886363636363636 171.9984 0:02:51 6521.89 123590.03 6177.68 6341.02 1.99 5.46 123.17 297.80
rrm_500_0 1 0.8206152336907014 0.8023431077007399 0.17938476630929856 0.1976568922992601 (naive) 0.9617834394904459 0.1981981981981982 165.2099 0:02:45 6520.50 123535.82 6175.57 6285.70 1.98 6.13 111.53 270.64
oxidored_q6_50_1 1 0.913953488372093 0.916083916083916 0.086046511627907 0.08391608391608396 (naive) 1.0070175438596491 0.8082706766917294 315.4866 0:05:15 6776.57 111225.59 6442.57 6523.74 137.99 5.48 155.03 492.78
ltn_50_2 1 0.9403289384259889 0.9394350896252037 0.05967106157401114 0.06056491037479628 (naive) 1.0142348754448398 0.7351778656126482 347.8598 0:05:47 7567.71 112054.70 7228.70 7388.01 69.99 5.20 158.76 538.09
ghf13_50_2 1 0.19150907406398168 0.2742955272812427 0.8084909259360183 0.7257044727187574 (naive) 1.648562300319489 0.022071307300509338 433.9662 0:07:13 8212.52 112693.42 7868.11 7980.42 249.99 5.45 181.67 789.37
hla_20_0 1 1.0 1.0 0.0 0.0 (naive) 1.0 1.0 337.5734 0:05:37 7058.74 123589.94 6713.47 6869.04 1.99 5.05 188.04 704.35
cryst_1000_3 1 0.9222944334557784 0.9230769230769231 0.07770556654422156 0.07692307692307687 (naive) 1.0 0.7237569060773481 190.4616 0:03:10 6661.01 123594.54 6332.27 6412.14 1.98 7.59 117.36 274.49
hr_20_0 1 0.9971428571428571 1.0 0.0028571428571428914 0.0 (naive) 1.0121951219512195 0.9873417721518988 248.3434 0:04:08 6490.16 123535.59 6146.12 6308.73 1.99 5.20 166.65 486.13
cys_1000_2 1 0.9329537105069802 0.9308448897305883 0.06704628949301983 0.06915511026941168 (naive) 1.0247349823321554 0.6865671641791045 291.9247 0:04:51 7590.70 123594.45 7246.41 7356.24 1.96 10.93 182.21 575.34
GEL_100_0 1 0.6029850746268657 0.5912195121951219 0.3970149253731343 0.4087804878048781 (naive) 0.9933333333333333 0.2808219178082192 199.0589 0:03:19 6539.83 123660.93 6196.57 6311.21 1.99 5.53 134.83 330.29
KAS_1000_3 1 0.8080067071892685 0.8763355308024551 0.19199329281073152 0.12366446919754492 (naive) 1.1237623762376239 0.62 253.9461 0:04:13 7507.76 123471.75 7163.07 7273.14 1.98 8.31 133.93 371.06
aadh_1000_0 1 0.8406138203728112 0.8733372456964006 0.15938617962718882 0.1266627543035994 (naive) 1.1254612546125462 0.49206349206349204 351.1652 0:05:51 7784.64 123599.78 7439.20 7549.28 1.97 9.46 155.42 615.07
ldh_20_2 1 0.49528267388283476 0.547254434522607 0.5047173261171652 0.452745565477393 (naive) 1.202156334231806 0.0 464.4452 0:07:44 8255.54 112771.29 8042.15 8090.28 205.99 5.09 184.33 860.94
sdr_100_1 1 0.7845669812882927 0.7694056511854498 0.21543301871170728 0.2305943488145502 (naive) 1.03601108033241 0.3217665615141956 266.7034 0:04:26 7106.40 123526.07 6787.16 6938.52 1.99 5.64 174.63 561.35
ghf1_1000_3 1 0.8983096565365941 0.9051458597572024 0.10169034346340589 0.09485414024279759 (naive) 1.0320284697508897 0.6958250497017893 555.8457 0:09:15 10537.05 123663.83 10509.68 10516.40 1.97 10.50 180.27 1060.81
ltn_500_2 1 0.9430474378143265 0.9471025868541396 0.05695256218567346 0.052897413145860384 (naive) 1.0569395017793595 0.7193675889328063 239.9552 0:03:59 7646.57 123466.50 7364.29 7465.24 1.98 6.85 151.61 432.02
phc_50_3 1 0.8945334590009425 0.9092738072427669 0.1054665409990575 0.09072619275723315 (naive) 1.0391061452513966 0.6256983240223464 252.8576 0:04:12 6593.06 123597.00 6249.38 6354.64 1.99 5.56 151.91 462.41
annexin_500_0 1 1.0 1.0 0.0 0.0 (naive) 1.0 1.0 168.9336 0:02:48 6497.53 123533.12 6153.07 6263.29 1.98 6.22 123.40 240.13
p450_1000_3 1 0.7346493933785729 0.738537230743788 0.26535060662142707 0.26146276925621204 (naive) 1.12890625 0.3527054108216433 448.2606 0:07:28 9655.41 123527.40 9310.71 9393.82 197.96 10.57 162.02 745.09
serpin_500_2 1 0.9401861754802932 0.9361995858396608 0.05981382451970685 0.06380041416033921 (naive) 1.0215827338129497 0.7814070351758794 367.2706 0:06:07 9061.24 123594.64 8733.54 8836.41 1.98 7.95 173.20 703.75
kunitz_50_2 1 0.8586138613861386 0.8569169960474309 0.1413861386138614 0.14308300395256912 (naive) 0.96875 0.3 211.7704 0:03:31 6438.53 123655.55 6109.24 6264.60 1.99 5.24 144.92 405.78
LIM_500_1 1 0.9790322580645161 0.9790322580645161 0.020967741935483897 0.020967741935483897 (naive) 1.0 0.8902439024390244 160.7687 0:02:40 6476.68 123535.68 6132.50 6217.72 1.98 6.41 123.38 244.28
cah_100_3 1 0.864853195164076 0.864853195164076 0.135146804835924 0.135146804835924 (naive) 1.003584229390681 0.6642066420664207 262.9491 0:04:22 7602.50 123462.03 7258.91 7371.42 1.99 5.56 181.20 544.79
uce_1000_0 1 0.9101010101010101 0.904701049748973 0.08989898989898992 0.09529895025102697 (naive) 1.0326086956521738 0.5903614457831325 209.0680 0:03:29 6937.14 123656.91 6591.47 6679.35 1.97 8.09 145.29 351.32
tim_50_3 1 0.9620951691695314 0.960184182015168 0.03790483083046858 0.039815817984832025 (naive) 1.0 0.8841698841698842 309.9776 0:05:09 7613.79 123596.96 7268.52 7379.64 1.99 5.63 168.76 582.93
hormone_rec_1000_3 1 0.7309273640931933 0.7586533902323376 0.26907263590680675 0.24134660976766242 (naive) 1.0909090909090908 0.505338078291815 241.8455 0:04:01 7380.50 123530.50 7050.94 7206.50 1.98 8.61 144.23 406.41
DEATH_500_1 1 0.7514360313315926 0.7617787188988883 0.24856396866840735 0.23822128110111174 (naive) 1.0440251572327044 0.4435483870967742 177.5703 0:02:57 6207.84 123526.21 5864.03 5974.75 1.98 6.31 127.21 307.45
flav_1000_1 1 0.7783711615487316 0.7881928796755295 0.22162883845126835 0.21180712032447047 (naive) 1.0327868852459017 0.42857142857142855 212.9106 0:03:32 7009.86 123594.36 6664.61 6774.66 1.97 8.01 137.67 344.39
hormone_rec_1000_2 1 0.7140246687985381 0.7219399538106236 0.2859753312014619 0.2780600461893764 (naive) 1.077922077922078 0.44483985765124556 242.4583 0:04:02 7367.16 123528.85 7022.42 7132.37 1.97 8.02 151.78 408.31
DEATH_50_0 1 0.7258485639686684 0.7235814679854242 0.27415143603133163 0.2764185320145758 (naive) 1.0125786163522013 0.4032258064516129 261.0100 0:04:21 6548.87 110949.94 6205.59 6316.37 21.99 5.34 150.88 398.74
serpin_50_3 1 0.9331550802139037 0.925002454108177 0.0668449197860963 0.07499754589182295 (naive) 1.0 0.7839195979899497 416.5867 0:06:56 8766.30 113241.58 8421.35 8509.70 33.99 5.41 181.56 761.24
msb_20_0 1 0.6052798982188295 0.6048951048951049 0.39472010178117045 0.3951048951048951 (naive) 1.0443037974683544 0.21379310344827587 294.7312 0:04:54 6709.27 123591.61 6365.00 6501.86 1.99 5.25 179.62 633.18
OTCace_1000_0 1 0.9385382059800664 0.94671581769437 0.06146179401993357 0.053284182305630035 (naive) 1.02 0.8427299703264095 263.1626 0:04:23 7142.33 123656.64 6796.96 6880.30 61.97 8.34 135.72 372.86
rvp_1000_1 1 0.6150202976995941 0.7842968075927523 0.3849797023004059 0.21570319240724767 (naive) 1.5606060606060606 0.15315315315315314 182.2085 0:03:02 6691.48 123530.37 6346.96 6436.22 1.98 6.82 136.93 291.11
aat_1000_2 1 0.8288097755845376 0.8348422983608498 0.1711902244154624 0.16515770163915022 (naive) 1.0588235294117647 0.516629711751663 410.8370 0:06:50 9069.24 123527.52 8725.32 8833.91 241.96 11.25 166.47 697.63
oxidored_q6_1000_3 1 0.9100775193798449 0.9280632411067193 0.08992248062015507 0.07193675889328066 (naive) 1.0315789473684212 0.793233082706767 239.6381 0:03:59 6818.11 123528.74 6502.38 6587.27 273.98 7.82 127.26 323.24
aadh_50_3 1 0.7891169271323668 0.7874859075535513 0.2108830728676332 0.2125140924464487 (naive) 0.992619926199262 0.41496598639455784 428.8196 0:07:08 7778.93 112257.18 7432.98 7543.33 297.99 5.38 184.59 796.52
aat_100_1 1 0.7294677476207261 0.7202018444405777 0.2705322523792739 0.27979815555942233 (naive) 1.01890756302521 0.35920177383592017 333.9586 0:05:33 8978.92 123533.07 8633.28 8716.83 1.99 5.59 175.78 668.72
aadh_500_1 1 0.8440971568442854 0.8743904817632143 0.15590284315571457 0.12560951823678568 (naive) 1.1014760147601477 0.4965986394557823 278.8704 0:04:38 7790.73 123464.75 7445.82 7555.85 1.98 7.18 168.96 537.50
DEATH_20_1 1 0.6814621409921671 0.6758156395649922 0.31853785900783294 0.32418436043500776 (naive) 1.0062893081761006 0.3790322580645161 302.0693 0:05:02 6573.34 123591.53 6229.33 6341.80 1.99 5.12 182.65 641.72
il8_100_0 1 0.9273806159932184 0.9201009251471826 0.07261938400678158 0.07989907485281744 (naive) 0.9753086419753086 0.6753246753246753 186.0739 0:03:06 6477.14 123590.07 6132.82 6217.78 1.99 5.29 127.89 322.02
gpdh_500_3 1 0.9623150847640644 0.960551843069627 0.037684915235935645 0.03944815693037296 (naive) 0.9972222222222222 0.8854748603351955 199.6233 0:03:19 6959.37 123592.75 6614.17 6724.14 1.98 6.64 125.50 304.72
DMRL_synthase_20_1 1 0.9146757679180887 0.8891838088918381 0.08532423208191131 0.11081619110816188 (naive) 0.9615384615384616 0.7218934911242604 307.3816 0:05:07 6867.07 123527.61 6537.95 6693.37 1.99 5.48 191.11 658.16
ghf10_20_0 1 0.8294573643410853 0.8261161463578383 0.1705426356589147 0.17388385364216175 (naive) 1.010989010989011 0.6687306501547987 474.6131 0:07:54 8282.35 123469.01 7936.44 8020.21 1.99 5.37 205.03 1094.54
gluts_50_0 1 0.7253157894736842 0.7426308131702323 0.27468421052631575 0.2573691868297677 (naive) 1.0936170212765957 0.3905579399141631 289.5850 0:04:49 6692.24 111144.82 6367.28 6519.26 9.99 5.40 169.97 497.16
icd_100_0 1 0.8729377713458756 0.884457478005865 0.12706222865412442 0.11554252199413495 (naive) 1.023094688221709 0.7079889807162535 330.9834 0:05:30 8950.83 123525.97 8605.90 8770.54 1.99 5.39 184.86 701.62
uce_500_0 1 0.902295684113866 0.9020471862664097 0.09770431588613404 0.09795281373359033 (naive) 1.0108695652173914 0.6024096385542169 189.9586 0:03:09 6894.53 123594.38 6549.71 6632.99 1.98 6.59 128.69 289.16
int_100_3 1 0.8012249443207127 0.8043599776411403 0.19877505567928733 0.1956400223588597 (naive) 1.0136986301369864 0.5346534653465347 252.7670 0:04:12 7096.58 123660.87 6770.97 6923.48 1.99 5.61 164.99 470.97
DEATH_200_3 1 0.7498694516971279 0.7618037135278515 0.25013054830287207 0.23819628647214852 (naive) 1.0440251572327044 0.4435483870967742 191.6482 0:03:11 6571.52 123596.90 6227.49 6337.61 1.99 5.77 133.73 311.03
mofe_200_0 1 0.8061899038461539 0.8127840048470161 0.19381009615384615 0.18721599515298393 (naive) 1.0114942528735633 0.5886792452830188 351.4263 0:05:51 9456.57 113921.01 9429.49 9435.93 81.99 7.06 166.85 604.68
mmp_100_2 1 0.973097940311055 0.9838504037399065 0.02690205968894499 0.01614959626009349 (naive) 1.038888888888889 0.9112426035502958 274.6446 0:04:34 7032.03 123527.60 6686.98 6797.24 1.99 5.61 168.76 570.50
cyclo_100_2 1 0.8963210702341137 0.8997062526227444 0.10367892976588633 0.1002937473772556 (naive) 1.019704433497537 0.7354497354497355 279.2265 0:04:39 6970.71 123649.14 6626.18 6789.63 377.99 5.42 141.85 402.96
ghf1_1000_2 1 0.9105376730803812 0.9150627993132737 0.08946232691961875 0.08493720068672628 (naive) 1.0284697508896796 0.6978131212723658 481.3989 0:08:01 10611.13 123530.39 10265.97 10371.63 1.97 9.65 177.19 899.05
hr_1000_2 1 0.9914285714285714 0.9914285714285714 0.008571428571428563 0.008571428571428563 (naive) 1.0 0.9493670886075949 167.4361 0:02:47 6528.18 123663.89 6186.74 6297.11 1.98 6.30 126.03 235.28
Sulfotransfer_200_3 1 0.761169102296451 0.7773987206823028 0.23883089770354904 0.22260127931769724 (naive) 1.015748031496063 0.46283783783783783 250.6961 0:04:10 7893.14 123527.62 7548.33 7660.71 1.99 6.65 163.53 468.62
myb_DNA-binding_1000_3 1 0.9679358717434869 0.9564356435643564 0.03206412825651306 0.0435643564356436 (naive) 1.0 0.8392857142857143 174.7876 0:02:54 6105.78 123471.75 5759.07 5843.70 1.96 7.30 139.86 294.37
ghf5_1000_0 1 0.6237429482462595 0.6292996782974511 0.37625705175374047 0.37070032170254885 (naive) 1.0872340425531914 0.3341902313624679 366.1992 0:06:06 8231.49 123658.48 7885.92 8049.56 1.97 9.54 164.12 625.73
LIM_500_2 1 0.9790322580645161 0.9790322580645161 0.020967741935483897 0.020967741935483897 (naive) 1.0 0.8902439024390244 162.0603 0:02:42 6464.50 123592.71 6119.64 6232.57 1.98 6.43 119.89 231.86
KAS_500_1 1 0.7826451477677636 0.8550492328829861 0.21735485223223638 0.14495076711701393 (naive) 1.1287128712871286 0.555 228.7703 0:03:48 7489.22 123589.97 7144.70 7232.43 1.99 7.22 132.62 358.63
blm_1000_1 1 0.8810020876826722 0.8994032395566922 0.11899791231732781 0.10059676044330779 (naive) 1.051094890510949 0.6891385767790262 446.2873 0:07:26 8658.13 123463.26 8469.04 8546.12 245.97 7.91 194.37 886.48
gpdh_1000_0 1 0.9641507396609438 0.9627992236359715 0.03584926033905622 0.03720077636402852 (naive) 1.0027777777777778 0.8910614525139665 221.4153 0:03:41 6991.66 123466.41 6646.71 6810.32 1.98 8.34 137.95 345.62
cryst_200_1 1 0.9183385137044363 0.921201814058957 0.08166148629556369 0.07879818594104304 (naive) 1.0104166666666667 0.7292817679558011 192.4611 0:03:12 6588.01 123463.77 6243.91 6328.42 1.99 5.76 116.79 325.25
asp_200_0 1 0.8919658670101432 0.894919634924481 0.10803413298985676 0.10508036507551899 (naive) 1.013157894736842 0.6898395721925134 275.3493 0:04:35 8675.73 123590.04 8331.44 8495.47 1.99 7.07 167.05 519.32
DMRL_synthase_500_0 1 0.9146757679180887 0.8885941644562334 0.08532423208191131 0.1114058355437666 (naive) 0.9560439560439561 0.6923076923076923 182.7913 0:03:02 6908.58 123469.21 6564.18 6728.40 1.98 6.38 129.61 310.69
aldosered_50_0 1 0.916860658463585 0.9105019815059445 0.083139341536415 0.08949801849405548 (naive) 0.9922279792746114 0.6892307692307692 364.1541 0:06:04 8111.04 112608.11 7766.27 7862.60 101.99 5.34 174.21 636.83
kunitz_20_2 1 0.8431683168316831 0.8516 0.15683168316831686 0.14839999999999998 (naive) 0.984375 0.2833333333333333 241.1036 0:04:01 6437.54 123592.75 6093.12 6191.28 1.99 5.17 161.67 486.36
kunitz_100_2 1 0.9786138613861386 0.9821144674085851 0.021386138613861405 0.0178855325914149 (naive) 1.015625 0.9 179.1166 0:02:59 6425.12 123591.70 6080.93 6190.97 1.99 5.45 147.03 340.45
blmb_500_2 1 0.6241851368970013 0.642186452045607 0.3758148631029987 0.357813547954393 (naive) 1.0319767441860466 0.3054545454545455 234.8933 0:03:54 7376.51 123530.32 7031.70 7145.56 1.98 6.90 206.75 559.15
OTCace_50_1 1 0.9269102990033222 0.9278350515463918 0.07308970099667778 0.07216494845360821 (naive) 1.002857142857143 0.7833827893175074 344.4257 0:05:44 7035.62 111454.21 6818.29 6884.48 297.99 5.47 162.38 564.11
sodfe_50_3 1 0.9019570944674444 0.8910578174381856 0.09804290553255557 0.10894218256181443 (naive) 1.0 0.5933014354066986 268.4398 0:04:28 6592.58 123590.10 6247.67 6357.97 1.99 5.24 178.53 526.96
rrm_200_1 1 0.7792726508303552 0.7655400289116817 0.22072734916964476 0.2344599710883183 (naive) 0.9554140127388535 0.16216216216216217 177.0281 0:02:57 6481.23 123527.64 6135.06 6298.93 1.99 5.67 133.50 311.11
subt_200_3 1 0.7855070461453441 0.7888310787374263 0.21449295385465594 0.2111689212625737 (naive) 1.065217391304348 0.3086734693877551 292.5707 0:04:52 8375.21 123527.56 8031.37 8118.96 1.99 6.79 216.47 696.21
Sulfotransfer_50_0 1 0.6438413361169102 0.6660907127429806 0.3561586638830898 0.3339092872570194 (naive) 1.020997375328084 0.31756756756756754 371.4529 0:06:11 7836.12 123586.16 7492.16 7606.18 109.99 5.48 164.14 622.76
p450_500_3 1 0.7383508122558091 0.7360200065595277 0.2616491877441909 0.2639799934404723 (naive) 1.123046875 0.3106212424849699 446.1130 0:07:26 9601.91 123592.73 9255.86 9339.27 1.98 8.26 194.50 900.08
ltn_50_0 1 0.9393095011553623 0.9336620955211782 0.06069049884463773 0.06633790447882182 (naive) 0.9928825622775801 0.7351778656126482 303.0076 0:05:03 7543.90 123591.65 7214.78 7320.83 1.99 5.22 188.91 640.70
ldh_200_1 1 0.8633438162802604 0.8538825997323592 0.13665618371973964 0.14611740026764075 (naive) 1.0080862533692723 0.5513513513513514 213.1159 0:03:33 6907.66 123461.96 6868.40 6874.50 1.99 5.25 172.76 426.77
PDZ_20_2 1 0.7726574500768049 0.7667682926829268 0.22734254992319514 0.2332317073170732 (naive) 0.9818181818181818 0.5050505050505051 267.8723 0:04:27 6554.04 123591.65 6209.41 6292.71 1.99 5.30 171.74 541.70
Rhodanese_50_1 1 0.5233188720173536 0.5124800849707913 0.4766811279826464 0.48751991502920866 (naive) 1.0324074074074074 0.2916666666666667 249.5900 0:04:09 6644.48 123463.55 6300.28 6464.67 1.99 5.13 159.26 480.77
KAS_20_3 1 0.43638650178159716 0.5827036104114189 0.5636134982184029 0.41729638958858106 (naive) 1.349009900990099 0.1125 476.1381 0:07:56 7498.61 123532.83 7153.69 7266.84 1.99 5.21 211.43 1064.23
hpr_100_3 1 1.0 1.0 0.0 0.0 (naive) 1.0 1.0 187.5225 0:03:07 6549.61 123591.61 6205.63 6288.76 1.99 5.65 132.26 339.32
cah_100_0 1 0.8592400690846287 0.8625921109666234 0.1407599309153713 0.13740788903337664 (naive) 1.025089605734767 0.6457564575645757 254.1276 0:04:14 7582.93 123525.97 7238.27 7401.79 1.99 5.50 161.23 493.43
ace_1000_1 1 0.8584955988263537 0.8732872066205399 0.14150440117364627 0.12671279337946006 (naive) 1.0533333333333332 0.6522491349480969 706.0133 0:11:46 11193.29 123599.87 10872.56 11023.38 1.96 9.87 182.18 1358.47
egf_20_2 1 0.7082207641837128 0.6901090635577285 0.2917792358162872 0.3098909364422715 (naive) 1.028169014084507 0.25 246.2557 0:04:06 6386.05 123596.97 6041.90 6205.38 1.99 5.16 163.48 479.40
il8_1000_1 1 0.8541961005933879 0.8580755038319614 0.1458038994066121 0.1419244961680386 (naive) 1.0 0.5454545454545454 171.4556 0:02:51 6449.80 123528.86 6107.00 6191.44 1.98 7.30 151.67 282.40
lyase_1_1000_0 1 0.7306172839506173 0.7459037055709604 0.2693827160493827 0.2540962944290396 (naive) 1.0234833659491194 0.5308151093439364 418.9017 0:06:58 8401.10 123599.71 8056.23 8219.59 1.97 9.07 177.50 775.98
rub_200_3 1 0.9836734693877551 0.9836734693877551 0.01632653061224487 0.01632653061224487 (naive) 1.0 0.9259259259259259 164.9939 0:02:44 6391.10 123590.00 6047.45 6130.76 1.99 5.90 100.53 260.09
tRNA-synt_2b_500_1 1 0.4631449631449631 0.4267924528301887 0.5368550368550369 0.5732075471698113 (naive) 0.8650963597430407 0.19186046511627908 217.4573 0:03:37 7247.86 123528.87 6902.84 7012.70 1.98 6.88 140.33 348.86
KAS_100_2 1 0.7717459652064557 0.837960855712335 0.22825403479354434 0.16203914428766497 (naive) 1.1287128712871286 0.5925 294.0618 0:04:54 7499.41 123526.17 7155.25 7269.22 1.99 5.33 197.50 631.84
tRNA-synt_2b_100_0 1 0.506961506961507 0.4734225621414914 0.493038493038493 0.5265774378585086 (naive) 0.8950749464668094 0.23546511627906977 268.3276 0:04:28 7142.85 123466.38 6797.77 6910.78 1.99 5.32 181.46 564.01
GEL_100_3 1 0.7164179104477612 0.7058823529411765 0.28358208955223885 0.2941176470588235 (naive) 1.0133333333333334 0.3767123287671233 195.9279 0:03:15 6534.45 123597.02 6208.10 6363.36 1.99 5.13 132.04 338.64
ltn_1000_1 1 0.9420280005436998 0.9493185398260393 0.05797199945630016 0.05068146017396069 (naive) 1.0462633451957295 0.7351778656126482 301.0395 0:05:01 7666.44 123590.09 7338.05 7435.00 81.97 9.22 137.91 432.61
oxidored_q6_50_0 1 0.9523255813953488 0.9519566059666796 0.04767441860465116 0.048043394033320364 (naive) 1.0 0.8872180451127819 293.2460 0:04:53 6796.31 123587.46 6452.05 6562.33 1.99 5.31 189.47 652.04
hormone_rec_1000_0 1 0.7213339424394701 0.7519047619047619 0.27866605756052987 0.24809523809523815 (naive) 1.1168831168831168 0.4804270462633452 242.0163 0:04:02 7443.54 123600.26 7097.09 7211.34 1.98 8.21 144.60 398.88
aat_20_2 1 0.48067207143696394 0.5100679508758805 0.5193279285630361 0.4899320491241195 (naive) 1.1827731092436975 0.015521064301552107 544.9598 0:09:04 8937.38 123525.93 8593.14 8757.02 1.99 5.27 202.38 1178.09
il8_100_3 1 0.8917773382311387 0.8902679830747532 0.1082226617688613 0.10973201692524681 (naive) 0.9753086419753086 0.6103896103896104 184.0566 0:03:04 6473.70 123589.99 6130.17 6213.33 1.99 5.28 131.71 309.19
HLH_100_2 1 0.8820678513731826 0.8936170212765957 0.11793214862681745 0.1063829787234043 (naive) 1.0326086956521738 0.7976190476190477 201.4010 0:03:21 6445.89 123596.98 6420.90 6429.78 1.99 6.07 140.74 313.98
gpdh_500_2 1 0.9582118561710399 0.9568686650851844 0.04178814382896012 0.04313133491481558 (naive) 1.0027777777777778 0.8798882681564246 201.1821 0:03:21 7007.89 123530.46 6663.30 6773.30 1.98 6.61 114.49 286.58
GEL_50_3 1 0.6845771144278607 0.6699123661148978 0.31542288557213927 0.3300876338851022 (naive) 1.0 0.3767123287671233 254.3726 0:04:14 6545.65 110995.04 6226.16 6313.24 153.99 5.46 129.47 334.14
oxidored_q6_100_2 1 0.9368217054263566 0.9419329696024942 0.06317829457364343 0.058067030397505826 (naive) 1.0105263157894737 0.849624060150376 244.3243 0:04:04 6774.79 123526.11 6429.90 6536.85 1.99 5.58 168.53 496.23
blmb_1000_2 1 0.6932855280312907 0.7227319062181448 0.30671447196870927 0.27726809378185524 (naive) 1.0232558139534884 0.41818181818181815 251.7527 0:04:11 7388.23 123590.97 7043.07 7126.39 1.96 8.17 146.74 427.89
Sulfotransfer_20_0 1 0.5148225469728601 0.49959481361426256 0.4851774530271399 0.5004051863857375 (naive) 0.968503937007874 0.0945945945945946 466.5241 0:07:46 7777.02 123589.95 7431.60 7571.91 1.99 5.11 192.38 992.06
DMRL_synthase_100_2 1 0.910580204778157 0.8857901726427623 0.08941979522184296 0.11420982735723773 (naive) 0.9505494505494505 0.7159763313609467 214.7243 0:03:34 6872.66 123597.00 6528.07 6611.42 1.99 5.82 159.29 415.85
rhv_500_1 1 0.2824078483665111 0.4334795321637427 0.7175921516334889 0.5665204678362573 (naive) 1.8952991452991452 0.0033370411568409346 240.1022 0:04:00 7161.75 123593.09 6832.60 6937.29 233.99 6.43 128.11 326.32
Ald_Xan_dh_2_20_0 1 0.5862748779571911 0.6792473352186208 0.41372512204280887 0.3207526647813792 (naive) 1.2531073446327683 0.30528846153846156 648.6104 0:10:48 7553.96 123589.04 7209.65 7323.26 1.99 5.25 214.34 1462.91
p450_50_2 1 0.341024059222702 0.4336820083682008 0.6589759407772979 0.5663179916317992 (naive) 1.72265625 0.0 421.4624 0:07:01 9273.74 123655.55 8949.04 9100.65 1.99 5.57 202.10 905.29
OTCace_20_2 1 0.7235880398671096 0.7433447098976109 0.2764119601328904 0.2566552901023891 (naive) 1.0571428571428572 0.4896142433234421 442.6857 0:07:22 7107.26 123591.60 6762.61 6926.32 1.99 5.19 192.26 913.28
hom_50_1 1 0.8731487443657437 0.8533668974197609 0.12685125563425625 0.1466331025802391 (naive) 0.8775510204081632 0.463768115942029 213.1291 0:03:33 6455.32 123596.97 6110.10 6218.88 1.99 5.27 145.77 395.37
tgfb_100_2 1 0.8776371308016878 0.8851063829787233 0.12236286919831219 0.11489361702127665 (naive) 1.0 0.4444444444444444 192.7756 0:03:12 6632.51 123532.96 6289.93 6403.79 1.99 5.40 148.12 384.92
aldosered_100_2 1 0.8869304955104755 0.8994940978077571 0.11306950448952446 0.10050590219224287 (naive) 1.0129533678756477 0.676923076923077 282.4715 0:04:42 8074.41 123590.39 7729.34 7840.27 1.99 5.54 169.34 536.46
myb_DNA-binding_20_1 1 0.9519038076152304 0.9405940594059405 0.04809619238476959 0.05940594059405946 (naive) 1.0 0.8035714285714286 243.7855 0:04:03 6415.11 123597.23 6070.40 6155.83 1.99 5.02 150.71 423.00
sdr_20_0 1 0.5684716012584865 0.5572448869170004 0.4315283987415135 0.44275511308299964 (naive) 1.03601108033241 0.1829652996845426 456.1635 0:07:36 7642.61 112137.29 7610.27 7616.65 133.99 5.57 183.61 840.25
rrm_50_3 1 0.8265713685095648 0.7973502771393808 0.1734286314904352 0.20264972286061922 (naive) 0.9171974522292994 0.26126126126126126 224.4917 0:03:44 6518.36 123463.73 6174.14 6284.54 1.99 5.45 145.60 421.57
biotin_lipoyl_200_2 1 0.9569557080474111 0.9405272838749233 0.04304429195258885 0.05947271612507665 (naive) 0.9553571428571429 0.8117647058823529 177.0975 0:02:57 6431.58 123591.87 6111.23 6196.23 1.99 5.70 155.47 320.56
PDZ_100_0 1 0.7926267281105991 0.7865853658536586 0.2073732718894009 0.21341463414634143 (naive) 0.9727272727272728 0.5555555555555556 198.4335 0:03:18 6547.25 123594.29 6203.31 6291.37 1.99 5.44 128.52 304.29
ace_500_0 1 0.8270205388103494 0.8411557243624526 0.17297946118965057 0.15884427563754744 (naive) 1.0466666666666666 0.6262975778546713 592.9767 0:09:52 11432.92 123599.97 11087.23 11199.58 1.98 7.69 179.98 1133.75
PDZ_200_3 1 0.8463901689708141 0.8555900621118012 0.1536098310291859 0.14440993788819878 (naive) 1.018181818181818 0.6666666666666666 179.5141 0:02:59 6565.94 123468.92 6222.09 6305.31 1.99 5.90 143.31 291.94
icd_20_1 1 0.8616497829232995 0.8689433741973146 0.13835021707670048 0.1310566258026854 (naive) 1.0184757505773672 0.6914600550964187 526.2586 0:08:46 8920.03 123658.28 8575.74 8661.80 1.99 5.30 202.40 1137.73
rhv_50_2 1 0.5285265263358415 0.660202260559191 0.4714734736641585 0.33979773944080904 (naive) 1.375 0.27030033370411566 392.9966 0:06:32 7404.42 123591.70 7058.94 7142.26 1.99 5.23 197.46 853.63
phc_500_3 1 0.9229029217719132 0.937841202949909 0.07709707822808676 0.062158797050090975 (naive) 1.0335195530726258 0.7541899441340782 180.3686 0:03:00 6647.23 123592.80 6303.38 6387.94 1.99 6.20 141.81 306.16
PDZ_500_3 1 0.8448540706605223 0.8668242710795903 0.15514592933947768 0.13317572892040974 (naive) 1.0363636363636364 0.6666666666666666 168.0193 0:02:48 6531.29 123528.72 6188.43 6298.07 1.98 6.10 111.15 229.37
ace_1000_3 1 0.8380901573753001 0.8510292524377031 0.16190984262469987 0.1489707475622969 (naive) 1.0516666666666667 0.6366782006920415 669.9746 0:11:09 11333.18 123594.50 10986.64 11095.07 1.96 10.04 177.35 1228.39
tgfb_500_0 1 0.8354430379746836 0.8722466960352423 0.16455696202531644 0.1277533039647577 (naive) 1.0847457627118644 0.3333333333333333 167.3907 0:02:47 6635.12 123533.00 6290.50 6403.92 1.98 5.89 118.27 272.17
adh_20_3 1 0.8684563758389262 0.8752705627705628 0.1315436241610738 0.12472943722943719 (naive) 1.016 0.7733333333333333 511.0858 0:08:31 6784.89 111182.30 6757.90 6765.13 25.99 5.04 191.44 980.96
rub_1000_0 1 0.9918367346938776 0.9918367346938776 0.008163265306122436 0.008163265306122436 (naive) 1.0 0.9629629629629629 163.4714 0:02:43 6417.89 123599.67 6074.34 6168.29 1.97 7.14 106.53 220.62
oxidored_q6_200_3 1 0.9562015503875969 0.962543893874366 0.04379844961240309 0.03745610612563399 (naive) 1.0175438596491229 0.8909774436090225 216.6649 0:03:36 6804.60 123655.63 6459.50 6572.93 1.99 5.84 153.00 419.18
sdr_50_0 1 0.7894794943975272 0.7708849843699472 0.21052050560247282 0.22911501563005277 (naive) 1.0526315789473684 0.28391167192429023 338.8075 0:05:38 7131.52 111559.33 6786.07 6897.11 689.99 5.25 160.49 546.33
icd_100_1 1 0.9085383502170767 0.9181047089792337 0.09146164978292326 0.08189529102076631 (naive) 1.0161662817551964 0.7741046831955923 317.6273 0:05:17 8977.39 123589.96 8632.93 8743.03 1.99 5.54 169.34 563.80
rvp_50_0 1 0.6935047361299053 0.6925675675675675 0.30649526387009474 0.30743243243243246 (naive) 1.0454545454545454 0.2882882882882883 226.3120 0:03:46 6601.82 123532.85 6256.83 6340.12 1.99 5.15 158.73 442.56
hom_1000_0 1 0.943979394719897 0.93854033290653 0.056020605280103 0.06145966709346995 (naive) 0.9591836734693877 0.6666666666666666 168.0976 0:02:48 6470.86 123663.67 6128.98 6238.80 1.97 6.86 105.27 214.05
sodcu_50_3 1 0.8165349143610013 0.8159973666886109 0.18346508563899866 0.1840026333113891 (naive) 0.9940828402366864 0.6265060240963856 253.9269 0:04:13 6885.85 123591.68 6541.78 6651.71 1.99 5.34 150.06 501.38
myb_DNA-binding_100_2 1 0.9258517034068137 0.9203187250996016 0.07414829659318634 0.07968127490039845 (naive) 1.0 0.7678571428571429 188.0612 0:03:08 6414.34 123655.73 6070.17 6182.73 1.99 5.33 138.96 336.58
mmp_200_3 1 0.9541824295922656 0.9651360544217688 0.045817570407734376 0.03486394557823125 (naive) 1.038888888888889 0.8757396449704142 274.5128 0:04:34 7049.35 123523.77 7022.35 7028.98 21.99 5.80 143.60 406.98
hom_50_3 1 0.74243399871217 0.7265280403276623 0.25756600128783 0.2734719596723377 (naive) 0.8877551020408163 0.2318840579710145 209.7755 0:03:29 6446.44 123532.87 6102.39 6187.63 1.99 5.51 156.84 388.97
Acetyltransf_200_1 1 0.625308947108255 0.61767578125 0.374691052891745 0.38232421875 (naive) 0.982532751091703 0.2751322751322751 252.1489 0:04:12 6570.81 117458.25 6228.17 6338.95 205.99 5.69 97.26 258.92
Rhodanese_100_2 1 0.7190889370932755 0.7277716794731065 0.2809110629067245 0.2722283205268935 (naive) 1.0231481481481481 0.5 219.0460 0:03:39 6685.59 123526.09 6341.00 6450.89 1.99 5.39 160.07 420.04
GEL_20_3 1 0.4218905472636816 0.39589169000933705 0.5781094527363184 0.604108309990663 (naive) 0.94 0.08904109589041095 298.4205 0:04:58 6556.68 123653.93 6212.79 6325.68 1.99 5.25 182.86 600.33
aldosered_20_3 1 0.9075490522115065 0.8997692054071876 0.0924509477884935 0.10023079459281237 (naive) 0.9740932642487047 0.6676923076923077 451.0506 0:07:31 8297.61 123591.66 7952.51 8063.73 1.99 5.34 203.62 984.49
myb_DNA-binding_20_3 1 0.9398797595190381 0.9287128712871288 0.06012024048096187 0.07128712871287124 (naive) 1.0 0.7678571428571429 279.0582 0:04:39 6410.83 110890.63 6179.81 6285.70 313.99 5.23 131.85 368.71
egf_1000_3 1 0.7869548436896951 0.775875190258752 0.21304515631030485 0.22412480974124804 (naive) 1.0704225352112675 0.35294117647058826 163.1426 0:02:43 6382.93 123599.79 6039.96 6123.26 1.96 7.01 117.21 243.73
hormone_rec_500_2 1 0.7249885792599361 0.754277566539924 0.2750114207400639 0.24572243346007605 (naive) 1.1071428571428572 0.498220640569395 213.1913 0:03:33 7360.36 123598.08 7014.35 7097.59 1.98 7.03 144.33 347.65
oxidored_q6_500_0 1 0.9112403100775194 0.9441767068273093 0.08875968992248062 0.05582329317269075 (naive) 1.0771929824561404 0.8270676691729323 197.4237 0:03:17 6864.34 123471.65 6519.74 6605.18 1.98 6.61 138.00 296.66
ghf5_200_0 1 0.6328182487122884 0.6298828125 0.3671817512877116 0.3701171875 (naive) 1.0638297872340425 0.31362467866323906 271.5224 0:04:31 8175.77 123591.62 8115.20 8122.42 1.99 6.75 169.27 533.20
gpdh_50_1 1 0.9558363027750783 0.9565593256969959 0.04416369722492175 0.043440674303004134 (naive) 1.0083333333333333 0.8715083798882681 332.0101 0:05:32 7018.17 123526.02 6679.68 6838.27 1.99 5.29 195.12 708.71
ace_200_2 1 0.81968524939984 0.8411112631723006 0.18031475060016 0.15888873682769944 (naive) 1.0866666666666667 0.615916955017301 415.9319 0:06:55 10715.83 123461.96 10373.15 10480.43 1.99 6.34 198.11 859.48
hom_500_2 1 0.9368963296844817 0.9350899742930592 0.06310367031551833 0.06491002570694082 (naive) 0.9591836734693877 0.6376811594202898 158.2102 0:02:38 6467.75 123592.72 6123.44 6206.57 1.98 6.04 118.60 236.17
il8_200_3 1 0.8957332579824809 0.8912004498172618 0.10426674201751907 0.10879955018273824 (naive) 0.9876543209876543 0.6103896103896104 171.1110 0:02:51 6447.64 123591.62 6103.24 6186.40 1.99 6.02 146.97 314.02
flav_500_1 1 0.8099688473520249 0.8161434977578476 0.1900311526479751 0.18385650224215244 (naive) 1.0273224043715847 0.4742857142857143 190.4182 0:03:10 6911.22 123599.82 6566.34 6651.63 1.98 6.75 117.75 282.67
il8_100_1 1 0.8623905057925968 0.86434437836307 0.1376094942074032 0.13565562163693 (naive) 1.0123456790123457 0.5324675324675324 187.1031 0:03:07 6489.80 123532.99 6161.89 6316.56 1.99 5.37 127.12 322.27
LIM_200_0 1 0.9790322580645161 0.9790322580645161 0.020967741935483897 0.020967741935483897 (naive) 1.0 0.8902439024390244 211.8529 0:03:31 6472.84 110925.68 6130.42 6293.69 305.99 5.57 93.42 223.79
aldosered_200_2 1 0.8985700033255737 0.9035278381541548 0.10142999667442631 0.09647216184584517 (naive) 0.9870466321243523 0.7138461538461538 253.6102 0:04:13 8134.76 123590.15 7790.70 7900.48 1.99 6.73 138.64 438.08
mmp_1000_3 1 0.9440941572089113 0.9622964867180805 0.05590584279108868 0.037703513281919454 (naive) 1.0611111111111111 0.863905325443787 268.6224 0:04:28 7205.44 123727.81 7139.25 7146.52 1.97 7.93 310.17 885.14
DMRL_synthase_500_1 1 0.9208191126279863 0.8939695162359178 0.07918088737201368 0.1060304837640822 (naive) 0.9505494505494505 0.7100591715976331 181.9252 0:03:01 6939.18 123530.39 6594.33 6704.35 1.98 6.54 149.82 317.83
cyclo_200_0 1 0.8883779264214047 0.8924821503569929 0.11162207357859533 0.10751784964300715 (naive) 1.0246305418719213 0.7301587301587301 215.9230 0:03:35 7022.85 123591.67 6678.77 6842.36 1.99 5.94 148.84 385.10
cytb_100_3 1 0.7726894254787677 0.7765690376569038 0.22731057452123227 0.22343096234309623 (naive) 1.01 0.5217391304347826 232.8346 0:03:52 6550.26 111072.48 6207.22 6319.77 357.99 5.72 137.95 326.25
cytb_20_3 1 0.7601998334721066 0.769814502529511 0.23980016652789338 0.230185497470489 (naive) 1.03 0.41304347826086957 309.6247 0:05:09 6564.77 123532.98 6220.14 6383.60 1.99 5.40 176.93 605.34
cytb_200_0 1 0.884263114071607 0.8887029288702929 0.11573688592839304 0.1112970711297071 (naive) 1.0 0.7065217391304348 181.4522 0:03:01 6561.43 123530.42 6217.21 6327.09 1.99 5.73 143.75 319.85
Acetyltransf_100_0 1 0.6386554621848739 0.6336439431093673 0.3613445378151261 0.36635605689063266 (naive) 0.9956331877729258 0.2222222222222222 222.1251 0:03:42 6550.70 123660.88 6206.63 6317.16 1.99 5.49 142.82 407.81
hr_1000_3 1 1.0 1.0 0.0 0.0 (naive) 1.0 1.0 170.9768 0:02:50 6491.58 123658.51 6148.81 6232.25 1.98 7.04 151.76 293.04
GEL_200_1 1 0.690547263681592 0.677734375 0.309452736318408 0.322265625 (naive) 1.0066666666666666 0.3835616438356164 183.2850 0:03:03 6559.08 123654.02 6215.32 6298.49 1.99 5.67 134.62 317.17
rvp_1000_0 1 0.638700947225981 0.818733738074588 0.36129905277401897 0.18126626192541195 (naive) 1.5757575757575757 0.15315315315315314 184.0168 0:03:04 6688.63 123663.75 6343.63 6453.72 1.98 6.81 124.44 289.54
flav_50_1 1 0.7467734757454384 0.7630741246020919 0.2532265242545616 0.2369258753979081 (naive) 1.0546448087431695 0.4114285714285714 258.7962 0:04:18 6825.38 123654.10 6502.76 6653.49 1.99 5.33 161.73 488.42
subt_20_3 1 0.6565349544072948 0.6442079577035179 0.3434650455927052 0.3557920422964821 (naive) 1.1135265700483092 0.10204081632653061 586.2529 0:09:46 8059.29 112566.38 7724.63 7846.30 197.99 5.21 189.95 1114.32
KAS_1000_0 1 0.8012995179207714 0.8712397447584321 0.19870048207922864 0.12876025524156787 (naive) 1.131188118811881 0.62 263.3294 0:04:23 7458.89 123594.48 7113.86 7277.69 1.98 8.84 167.16 494.25
Acetyltransf_1000_0 1 0.6702916460701928 0.6669945892769307 0.32970835392980724 0.33300541072306933 (naive) 1.017467248908297 0.30687830687830686 187.5169 0:03:07 6677.38 123592.77 6332.88 6442.70 1.96 7.45 115.21 279.41
LIM_50_2 1 0.9241935483870968 0.9332247557003257 0.07580645161290323 0.0667752442996743 (naive) 1.0116279069767442 0.8048780487804879 206.9547 0:03:26 6443.07 123653.93 6099.32 6209.19 1.99 5.50 154.67 410.89
Ald_Xan_dh_2_100_2 1 0.8340217799474278 0.8309016086793864 0.16597822005257223 0.16909839132061355 (naive) 1.007909604519774 0.625 283.8296 0:04:43 6837.58 111340.80 6505.60 6661.64 21.99 5.74 140.98 405.07
cytb_1000_3 1 0.8517901748542881 0.8560669456066946 0.1482098251457119 0.1439330543933054 (naive) 1.02 0.5978260869565217 194.2460 0:03:14 6689.23 123528.99 6344.48 6427.62 1.96 7.45 115.61 256.14
phc_50_0 1 0.9472196041470311 0.9508041627246925 0.0527803958529689 0.04919583727530752 (naive) 1.0167597765363128 0.7541899441340782 249.3510 0:04:09 6559.85 123590.09 6225.79 6307.09 1.99 5.34 161.25 433.25
DEATH_1000_2 1 0.7295039164490862 0.7458622530699413 0.2704960835509138 0.25413774693005875 (naive) 1.0628930817610063 0.4435483870967742 190.5121 0:03:10 6664.79 123590.32 6320.45 6483.81 1.98 6.92 131.49 293.88
tRNA-synt_2b_50_2 1 0.4180999180999181 0.399452269170579 0.5819000819000819 0.6005477308294209 (naive) 0.8843683083511777 0.12209302325581395 328.6918 0:05:28 7123.56 123527.92 6787.81 6892.68 1.99 5.35 186.50 697.94
Rhodanese_1000_0 1 0.7255965292841648 0.7071881606765328 0.27440347071583515 0.2928118393234672 (naive) 1.0092592592592593 0.4166666666666667 198.0776 0:03:18 6765.23 123466.35 6419.29 6585.25 1.96 7.97 116.87 263.44
ltn_1000_3 1 0.9467174119885823 0.9496216511009612 0.05328258801141772 0.050378348899038805 (naive) 1.0498220640569396 0.7312252964426877 298.1443 0:04:58 7665.49 111949.55 7638.61 7645.23 785.97 9.50 133.10 401.87
rub_100_2 1 0.9836734693877551 0.9836734693877551 0.01632653061224487 0.01632653061224487 (naive) 1.0 0.9259259259259259 173.3265 0:02:53 6391.79 123591.53 6048.61 6212.88 1.99 5.30 147.94 320.60
serpin_200_0 1 0.9425628837393544 0.9456532538499751 0.057437116260645626 0.05434674615002488 (naive) 1.0215827338129497 0.7964824120603015 282.9215 0:04:42 9061.88 123526.16 9013.54 9020.98 1.99 6.68 155.32 511.23
icd_50_1 1 0.8940665701881332 0.9069289489136817 0.10593342981186682 0.0930710510863183 (naive) 1.043879907621247 0.7410468319559229 382.7707 0:06:22 8695.64 123654.29 8351.42 8437.23 1.99 5.12 177.97 745.95
hom_50_2 1 0.9575016097875081 0.9562700964630225 0.04249839021249191 0.04372990353697748 (naive) 0.9591836734693877 0.7101449275362319 206.2410 0:03:26 6441.32 123527.52 6097.67 6263.15 1.99 5.58 146.28 368.91
sodfe_100_3 1 0.9055325555137373 0.8982639537054321 0.09446744448626265 0.1017360462945679 (naive) 1.0 0.6411483253588517 212.7586 0:03:32 6573.07 123526.19 6249.75 6400.52 1.99 5.22 161.33 402.96
hpr_50_0 1 1.0 1.0 0.0 0.0 (naive) 1.0 1.0 246.6696 0:04:06 6550.02 111014.92 6206.21 6369.60 161.99 5.43 131.05 328.13
Rhodanese_500_3 1 0.6306941431670282 0.6153439153439153 0.3693058568329718 0.3846560846560847 (naive) 1.0092592592592593 0.3020833333333333 179.0822 0:02:59 6623.59 123530.45 6278.64 6388.70 1.98 6.18 142.31 289.10
KAS_1000_2 1 0.7994131209390065 0.8743695552498854 0.20058687906099348 0.12563044475011464 (naive) 1.1287128712871286 0.59 295.2653 0:04:55 7493.62 123597.00 7466.38 7472.89 281.98 7.40 133.85 408.02
Acetyltransf_20_3 1 0.5882352941176471 0.5746016417189763 0.4117647058823529 0.4253983582810237 (naive) 0.9694323144104804 0.15343915343915343 320.6828 0:05:20 6615.45 123530.48 6271.08 6435.20 1.99 5.21 164.91 599.80
ghf5_1000_1 1 0.6443463330880549 0.6348477525374577 0.3556536669119451 0.36515224746254227 (naive) 1.0191489361702128 0.32390745501285345 384.3441 0:06:24 8237.24 123471.80 7892.16 8053.94 1.96 8.60 261.45 1059.57
KAS_500_0 1 0.7987843219450849 0.8614376130198915 0.20121567805491514 0.13856238698010848 (naive) 1.1262376237623761 0.6075 224.9943 0:03:44 7481.16 123591.73 7135.50 7245.93 1.99 6.91 140.28 365.44
KAS_20_2 1 0.39572416684133305 0.4136722173531989 0.604275833158667 0.5863277826468011 (naive) 1.0643564356435644 0.02 498.3712 0:08:18 7373.52 123724.84 7028.42 7192.82 1.99 5.27 186.79 1015.66
hr_1000_1 1 1.0 1.0 0.0 0.0 (naive) 1.0 1.0 169.9524 0:02:49 6507.89 123592.93 6165.35 6250.02 1.98 6.46 113.22 231.59
blm_20_0 1 0.8551148225469729 0.8662061187085859 0.1448851774530271 0.13379388129141412 (naive) 1.0547445255474452 0.6666666666666666 461.2793 0:07:41 7866.68 123533.02 7521.29 7634.20 1.99 5.44 204.31 988.31
rub_100_1 1 0.9836734693877551 0.9836734693877551 0.01632653061224487 0.01632653061224487 (naive) 1.0 0.9259259259259259 177.3422 0:02:57 6385.33 123590.18 6040.98 6151.79 1.99 5.41 142.82 341.12
rhv_20_2 1 0.309077054957615 0.3791773778920309 0.690922945042385 0.6208226221079691 (naive) 1.3386752136752136 0.0 708.3252 0:11:48 7495.67 123592.75 7467.28 7474.56 1.99 5.23 212.91 1545.82
ghf13_20_1 1 0.25658074009482806 0.34049323786793956 0.7434192599051719 0.6595067621320605 (naive) 1.3258785942492013 0.0 573.0841 0:09:33 8992.42 123596.86 8647.53 8809.68 1.99 5.29 212.05 1295.53
ltn_500_0 1 0.9384939513388609 0.9422079694323144 0.06150604866113907 0.05779203056768556 (naive) 1.0320284697508897 0.7075098814229249 256.7692 0:04:16 7711.61 112016.86 7369.27 7479.70 29.98 7.53 122.90 321.17
OTCace_1000_2 1 0.9598006644518272 0.9626791069643452 0.04019933554817279 0.03732089303565478 (naive) 1.0057142857142858 0.8753709198813057 229.6815 0:03:49 7102.56 123663.77 6756.79 6841.46 1.97 7.71 137.33 366.05
sdr_20_1 1 0.5506430424463211 0.5400606323083585 0.4493569575536789 0.45993936769164145 (naive) 1.0138504155124655 0.1861198738170347 435.7568 0:07:15 7658.62 123461.99 7313.35 7424.76 1.99 5.33 191.65 884.07
blmb_500_3 1 0.6636245110821382 0.6892349356804333 0.33637548891786184 0.31076506431956674 (naive) 1.0377906976744187 0.4072727272727273 224.2705 0:03:44 7404.63 123466.33 7059.74 7144.92 1.98 7.07 126.43 338.65
ldh_50_0 1 0.8044320924449645 0.8044026767104253 0.1955679075550355 0.1955973232895747 (naive) 1.0323450134770888 0.42702702702702705 326.0377 0:05:26 7082.35 123462.05 6737.09 6847.20 1.99 5.40 196.02 707.92
sodcu_200_3 1 0.8540843214756259 0.8608897742363878 0.14591567852437415 0.1391102257636122 (naive) 1.0236686390532543 0.6506024096385542 201.1663 0:03:21 6914.39 123599.68 6586.90 6742.58 1.99 6.05 155.86 371.71
cytb_1000_0 1 0.8251457119067444 0.8405428329092451 0.17485428809325565 0.15945716709075486 (naive) 1.05 0.5434782608695652 203.3083 0:03:23 6605.18 123468.87 6261.61 6344.67 9.96 7.84 164.73 380.46
OTCace_50_2 1 0.8823920265780731 0.8915743538100034 0.11760797342192686 0.10842564618999662 (naive) 1.0257142857142858 0.7002967359050445 329.7756 0:05:29 7030.68 123526.05 6684.86 6796.00 1.99 5.51 194.78 710.13
gpdh_200_0 1 0.9514091350826045 0.9502804141501294 0.048590864917395504 0.04971958584987057 (naive) 1.0 0.8603351955307262 214.4249 0:03:34 6968.86 123530.30 6624.06 6708.76 1.99 6.18 156.53 421.90
egf_500_0 1 0.7738324971053647 0.7623574144486692 0.22616750289463528 0.23764258555133078 (naive) 1.0422535211267605 0.36764705882352944 168.9210 0:02:48 5727.61 110552.51 5384.46 5467.60 157.98 6.59 114.77 196.30
hpr_200_0 1 1.0 1.0 0.0 0.0 (naive) 1.0 1.0 190.9506 0:03:10 6558.71 111014.93 6216.11 6328.44 353.99 5.61 100.91 196.26
LIM_200_3 1 0.9370967741935484 0.9462540716612378 0.06290322580645158 0.05374592833876224 (naive) 1.0116279069767442 0.8170731707317073 169.0726 0:02:49 6451.77 123589.95 6108.10 6217.85 1.99 5.41 101.91 263.71
Rhodanese_100_3 1 0.6344902386117137 0.6135291033036182 0.3655097613882863 0.3864708966963818 (naive) 0.9907407407407407 0.2708333333333333 221.0704 0:03:41 6646.22 123589.95 6301.60 6410.20 1.99 5.40 146.80 416.65
oxidored_q6_500_1 1 0.9569767441860465 0.9655846695346109 0.0430232558139535 0.03441533046538914 (naive) 1.024561403508772 0.8909774436090225 199.7003 0:03:19 6836.40 123591.73 6493.02 6605.93 1.98 6.83 111.71 278.00
tgfb_200_2 1 0.829535864978903 0.8645558487247141 0.17046413502109703 0.13544415127528586 (naive) 1.0847457627118644 0.3162393162393162 180.4497 0:03:00 6650.52 123526.03 6306.98 6391.98 1.99 5.80 152.64 365.30
adh_100_3 1 0.9771812080536912 0.9774436090225563 0.02281879194630876 0.022556390977443663 (naive) 1.0026666666666666 0.9386666666666666 248.8978 0:04:08 6864.33 123528.70 6536.77 6642.20 1.99 5.62 176.28 490.96
myb_DNA-binding_50_1 1 0.7535070140280561 0.752 0.2464929859719439 0.248 (naive) 1.0 0.5178571428571429 227.3131 0:03:47 6405.92 110830.36 6379.73 6386.30 597.99 5.64 110.58 237.62
peroxidase_100_3 1 0.6916129032258065 0.708994708994709 0.3083870967741935 0.29100529100529104 (naive) 1.0391644908616189 0.4040114613180516 298.0017 0:04:58 7739.90 123591.54 7395.02 7486.92 1.99 5.48 179.20 645.36
rvp_1000_3 1 0.6129905277401895 0.7857762359063313 0.3870094722598105 0.21422376409366872 (naive) 1.5757575757575757 0.15315315315315314 179.2570 0:02:59 6677.94 123594.41 6349.44 6505.50 1.98 7.11 140.74 295.41
LIM_1000_1 1 0.9790322580645161 0.9790322580645161 0.020967741935483897 0.020967741935483897 (naive) 1.0 0.8902439024390244 168.7721 0:02:48 6475.09 123466.35 6132.59 6215.80 1.97 7.06 106.64 237.61
asp_500_1 1 0.8985268072774111 0.9060026786801413 0.10147319272258892 0.09399732131985872 (naive) 1.0289473684210526 0.6951871657754011 331.7516 0:05:31 8696.10 123535.70 8351.63 8461.78 1.98 8.28 168.71 603.11
blm_100_1 1 0.9366736256089074 0.9473536036036037 0.06332637439109257 0.052646396396396344 (naive) 1.0291970802919708 0.7677902621722846 329.8504 0:05:29 8335.56 123590.02 7989.80 8096.85 1.99 5.40 184.03 653.56
ghf10_200_0 1 0.8756319514661274 0.8851788756388416 0.12436804853387262 0.11482112436115843 (naive) 1.043956043956044 0.718266253869969 265.2377 0:04:25 8167.85 123469.02 7822.83 7932.99 1.99 6.73 172.27 506.32
mmp_500_2 1 0.96427070197562 0.966301600673968 0.03572929802437996 0.033698399326032025 (naive) 1.011111111111111 0.8698224852071006 248.3533 0:04:08 7138.84 123592.40 7111.73 7118.17 225.98 6.61 121.27 315.21
ghf10_100_0 1 0.8837209302325582 0.8792756539235412 0.11627906976744184 0.12072434607645877 (naive) 0.9972527472527473 0.7306501547987616 303.9335 0:05:03 8141.11 123461.98 7796.49 7880.08 1.99 5.86 182.22 621.95
rvp_20_1 1 0.7198917456021651 0.7112299465240641 0.28010825439783493 0.2887700534759359 (naive) 1.0151515151515151 0.21621621621621623 279.2405 0:04:39 6598.05 123526.10 6253.89 6368.58 1.99 5.02 168.88 550.43
aadh_200_3 1 0.8233854264733572 0.8395891331477393 0.17661457352664278 0.1604108668522607 (naive) 1.051660516605166 0.45351473922902497 303.9508 0:05:03 7710.62 112054.64 7365.62 7478.14 13.99 5.89 157.84 458.33
hormone_rec_20_1 1 0.5212425765189584 0.4982532751091703 0.47875742348104156 0.5017467248908297 (naive) 0.987012987012987 0.25622775800711745 402.7307 0:06:42 7353.14 123590.07 7019.17 7123.85 1.99 5.27 194.04 869.59
rvp_100_3 1 0.6880920162381596 0.6880920162381596 0.31190798376184037 0.31190798376184037 (naive) 1.0454545454545454 0.21621621621621623 197.7014 0:03:17 6587.64 123591.60 6243.26 6327.95 1.99 5.35 140.85 330.45
hla_100_2 1 1.0 1.0 0.0 0.0 (naive) 1.0 1.0 223.5505 0:03:43 7068.45 123526.18 6724.34 6869.71 1.99 5.46 159.41 420.31
proteasome_20_0 1 0.6329866270430906 0.598314606741573 0.3670133729569094 0.401685393258427 (naive) 0.9644012944983819 0.06551724137931035 398.5494 0:06:38 7366.95 123591.68 7022.04 7130.89 1.99 5.09 193.89 819.35
p450_1000_2 1 0.7129755295085338 0.714650836837332 0.2870244704914662 0.285349163162668 (naive) 1.154296875 0.34468937875751504 435.6799 0:07:15 9399.20 123530.42 9062.65 9214.08 1.96 9.70 164.35 782.67
Sulfotransfer_100_1 1 0.7127348643006263 0.7242257106491302 0.28726513569937373 0.2757742893508698 (naive) 0.9921259842519685 0.40540540540540543 293.6938 0:04:53 7834.34 123589.14 7490.22 7600.87 1.99 5.71 202.82 650.98
lyase_1_500_2 1 0.7632098765432099 0.7673783515392254 0.23679012345679007 0.2326216484607746 (naive) 1.0117416829745598 0.5646123260437376 339.8689 0:05:39 8456.14 123528.87 8119.04 8275.04 1.98 8.11 165.32 631.36
blm_50_0 1 0.886847599164927 0.8960765011953312 0.11315240083507305 0.10392349880466878 (naive) 1.0291970802919708 0.6629213483146067 375.6205 0:06:15 8182.02 123591.54 8141.31 8148.69 1.99 5.40 182.76 760.39
LIM_20_0 1 0.9806451612903225 0.9806451612903225 0.01935483870967747 0.01935483870967747 (naive) 1.0 0.8902439024390244 260.6134 0:04:20 6463.17 123535.66 6118.70 6231.31 1.99 5.14 153.68 467.16
sodcu_1000_1 1 0.8899868247694335 0.9073203492276696 0.11001317523056653 0.09267965077233042 (naive) 1.017751479289941 0.7469879518072289 216.4781 0:03:36 7053.07 123594.57 6708.51 6871.09 1.97 7.96 131.40 319.64
int_1000_2 1 0.8251670378619154 0.8387096774193549 0.17483296213808464 0.16129032258064513 (naive) 1.0319634703196348 0.6138613861386139 258.2113 0:04:18 7194.42 123592.52 6850.05 7013.50 25.96 8.02 112.88 306.25
gluts_50_1 1 0.7598947368421053 0.7754027926960257 0.2401052631578947 0.22459720730397426 (naive) 1.0723404255319149 0.48497854077253216 275.3843 0:04:35 6668.24 123596.94 6323.20 6433.40 1.99 5.28 184.07 564.03
HMG_box_200_0 1 0.9730878186968839 0.9621848739495799 0.026912181303116123 0.037815126050420145 (naive) 1.0 0.8518518518518519 172.6925 0:02:52 6456.78 123463.80 6112.46 6225.16 1.99 5.65 157.84 312.90
Acetyltransf_100_2 1 0.6302521008403361 0.6505102040816326 0.3697478991596639 0.3494897959183674 (naive) 1.039301310043668 0.2962962962962963 267.3727 0:04:27 6563.32 111018.89 6536.77 6543.24 85.99 5.60 133.81 360.03
rvp_200_3 1 0.7138024357239513 0.7094821788836584 0.2861975642760487 0.2905178211163416 (naive) 1.0378787878787878 0.26126126126126126 180.4000 0:03:00 6615.08 123596.87 6270.68 6358.03 1.99 5.48 136.83 309.90
aldosered_1000_0 1 0.8586631193880945 0.8988685813751088 0.14133688061190552 0.10113141862489117 (naive) 1.0984455958549222 0.676923076923077 374.4233 0:06:14 8171.16 123528.78 7826.07 7938.77 1.96 9.32 168.37 670.03
myb_DNA-binding_50_3 1 0.749498997995992 0.7555555555555555 0.25050100200400804 0.24444444444444446 (naive) 1.0163934426229508 0.5178571428571429 198.8435 0:03:18 6398.30 123655.61 6054.05 6217.58 1.99 5.28 141.85 344.11
int_1000_0 1 0.8045657015590201 0.8295063145809415 0.19543429844097993 0.17049368541905852 (naive) 1.0593607305936072 0.5594059405940595 255.3166 0:04:15 7232.89 123599.75 7206.37 7213.56 1.96 8.42 137.68 386.33
peroxidase_100_2 1 0.807741935483871 0.8043687761002248 0.19225806451612903 0.19563122389977516 (naive) 0.9895561357702349 0.5902578796561605 289.3063 0:04:49 7657.59 123718.10 7313.58 7427.29 1.99 5.28 170.23 554.84
tim_20_3 1 0.939840781617514 0.9395857827620512 0.060159218382485946 0.06041421723794882 (naive) 1.0076923076923077 0.8185328185328186 405.3889 0:06:45 7623.45 123591.53 7596.91 7605.79 1.99 5.22 193.46 865.14
HLH_50_2 1 0.9127625201938611 0.9157212317666127 0.08723747980613894 0.08427876823338731 (naive) 1.0217391304347827 0.8571428571428571 210.9688 0:03:30 6441.29 123596.91 6414.36 6420.74 1.99 5.25 145.15 404.00
il8_50_1 1 0.8943204294998587 0.8868030260577192 0.10567957050014132 0.11319697394228079 (naive) 0.9753086419753086 0.6493506493506493 211.2925 0:03:31 6470.23 123596.93 6143.34 6297.27 1.99 5.18 141.55 394.47
sodfe_200_2 1 0.8993225442228077 0.892436974789916 0.10067745577719234 0.10756302521008398 (naive) 0.9954337899543378 0.645933014354067 193.2943 0:03:13 6593.86 123597.12 6250.54 6414.22 1.99 5.78 123.24 288.49
proteasome_20_1 1 0.6687240446527222 0.6325500937004469 0.33127595534727783 0.3674499062995531 (naive) 0.9902912621359223 0.1206896551724138 422.9069 0:07:02 7398.19 193219.23 7054.30 7217.22 141.99 5.21 181.62 769.31
subt_200_0 1 0.7575987841945289 0.7770298993906759 0.24240121580547114 0.2229701006093241 (naive) 1.106280193236715 0.29081632653061223 317.0988 0:05:17 8596.96 123655.62 8251.77 8365.29 1.99 5.95 163.87 552.16
KAS_200_3 1 0.8061203102075036 0.8662162162162163 0.19387968979249637 0.13378378378378375 (naive) 1.1113861386138615 0.625 281.5161 0:04:41 7357.68 111788.51 7012.89 7097.88 193.99 5.61 133.65 389.08
gluts_500_0 1 0.9221578947368421 0.9190138998164176 0.07784210526315793 0.08098610018358243 (naive) 1.0 0.6652360515021459 203.2164 0:03:23 6679.40 123535.64 6334.89 6498.79 1.98 6.96 195.65 455.21
aadh_1000_2 1 0.8370363396723781 0.8691104594330401 0.16296366032762188 0.1308895405669599 (naive) 1.1254612546125462 0.47165532879818595 345.5792 0:05:45 7765.12 123535.77 7420.83 7586.44 1.97 9.08 157.70 627.23
ghf1_500_3 1 0.9038841934903794 0.9073923639317628 0.0961158065096206 0.09260763606823719 (naive) 1.0249110320284698 0.7037773359840954 443.9952 0:07:23 10513.45 123528.80 10168.43 10251.63 1.98 8.61 192.15 912.36
Acetyltransf_200_2 1 0.6183885318833415 0.5926101373756514 0.38161146811665847 0.4073898626243486 (naive) 0.9519650655021834 0.24867724867724866 232.5338 0:03:52 6574.46 123533.10 6232.45 6395.85 45.99 5.99 163.24 397.17
sodfe_50_0 1 0.878998870907038 0.8747191011235955 0.12100112909296201 0.12528089887640448 (naive) 0.9954337899543378 0.5933014354066986 269.7707 0:04:29 6596.00 111042.11 6251.82 6336.52 21.99 5.32 155.84 425.24
phc_20_0 1 0.8917059377945334 0.8925471698113208 0.10829406220546656 0.10745283018867924 (naive) 1.0167597765363128 0.6201117318435754 324.1965 0:05:24 6959.70 123591.71 6614.63 6726.67 1.99 5.33 196.15 698.07
cah_1000_1 1 0.8821243523316062 0.8948751642575559 0.11787564766839376 0.10512483574244413 (naive) 1.053763440860215 0.6605166051660517 286.1950 0:04:46 7703.93 123528.83 7358.76 7442.06 1.97 9.18 152.58 467.74
kringle_1000_3 1 0.9307282415630551 0.9218859957776214 0.06927175843694489 0.07811400422237857 (naive) 1.02 0.7415730337078652 178.7749 0:02:58 6599.45 123663.79 6255.69 6365.74 1.97 7.41 128.38 262.78
ltn_500_3 1 0.9296588283267636 0.9337838760324937 0.07034117167323639 0.06621612396750631 (naive) 1.0284697508896796 0.691699604743083 246.7018 0:04:06 7673.34 123663.70 7328.17 7439.21 1.98 8.52 144.73 387.42
cys_100_3 1 0.9212588782757776 0.9191764921497954 0.07874112172422243 0.08082350785020465 (naive) 1.03886925795053 0.6492537313432836 262.8649 0:04:22 7447.52 123590.15 7103.01 7266.60 1.99 5.62 188.29 555.21
rrm_500_1 1 0.8316165650620139 0.8117647058823529 0.16838343493798613 0.18823529411764706 (naive) 0.9745222929936306 0.17117117117117117 165.8091 0:02:45 6486.25 123536.07 6142.54 6252.65 1.98 6.38 109.84 212.64
blmb_200_0 1 0.6391786179921773 0.6750430292598967 0.36082138200782266 0.3249569707401033 (naive) 0.9912790697674418 0.31636363636363635 238.3040 0:03:58 7331.50 123596.87 6987.27 7150.54 1.99 6.00 165.48 490.14
Acetyltransf_50_1 1 0.6747404844290658 0.6556195965417867 0.32525951557093424 0.3443804034582133 (naive) 0.9388646288209607 0.31216931216931215 246.7965 0:04:06 6573.61 123591.68 6556.43 6560.83 1.99 5.36 165.35 489.75
subt_100_3 1 0.7600165791655153 0.7684570789969966 0.23998342083448465 0.23154292100300344 (naive) 1.070048309178744 0.33418367346938777 344.9203 0:05:44 8306.48 123596.87 7960.69 8090.21 1.99 5.66 180.14 698.05
biotin_lipoyl_1000_1 1 0.9538365564566438 0.9374616799509503 0.04616344354335622 0.06253832004904969 (naive) 0.9553571428571429 0.8 176.7580 0:02:56 6193.71 123471.68 5852.22 5941.00 1.97 7.43 131.77 287.37
ldh_500_2 1 0.8669640898120383 0.8601073864460891 0.13303591018796168 0.13989261355391092 (naive) 1.0161725067385445 0.5540540540540541 197.0081 0:03:17 6947.67 123529.73 6602.46 6715.84 1.98 6.94 121.44 297.14
hr_500_3 1 1.0 1.0 0.0 0.0 (naive) 1.0 1.0 195.7181 0:03:15 6475.95 119533.96 6133.85 6297.24 89.98 6.23 83.43 175.69
sodfe_1000_1 1 0.9053443733534061 0.8975746268656717 0.09465562664659388 0.10242537313432831 (naive) 1.0136986301369864 0.6507177033492823 187.8178 0:03:07 6679.30 123464.89 6353.51 6457.74 1.98 7.55 115.99 259.90
HMG_box_50_1 1 0.9475920679886686 0.9422535211267605 0.052407932011331426 0.05774647887323947 (naive) 1.0112359550561798 0.7777777777777778 212.5355 0:03:32 6512.51 123462.00 6185.45 6288.87 1.99 5.39 154.04 390.54
hr_100_0 1 1.0 1.0 0.0 0.0 (naive) 1.0 1.0 182.3536 0:03:02 6475.66 123589.96 6131.55 6241.45 1.99 5.15 141.13 360.12
blm_500_3 1 0.8850382741823243 0.8962649753347428 0.11496172581767572 0.10373502466525719 (naive) 1.0437956204379562 0.6591760299625468 339.0258 0:05:39 8671.50 123592.72 8326.94 8412.19 1.98 7.95 164.81 629.41
ghf13_20_2 1 0.18813014333206168 0.23011799213385775 0.8118698566679383 0.7698820078661422 (naive) 1.4584664536741214 0.006791171477079796 575.1762 0:09:35 8986.09 123527.54 8640.80 8753.28 1.99 5.33 213.40 1268.19
hpr_20_2 1 0.993006993006993 0.993006993006993 0.006993006993006978 0.006993006993006978 (naive) 1.0 0.9772727272727273 257.4608 0:04:17 6555.75 123591.47 6211.41 6322.14 1.99 5.40 157.72 463.67
gluts_100_2 1 0.9391052631578948 0.9361490031479538 0.060894736842105224 0.0638509968520462 (naive) 1.0170212765957447 0.7639484978540773 267.3424 0:04:27 6676.36 117417.23 6650.50 6657.45 133.99 5.36 146.14 405.14
hom_100_0 1 0.9626529298132647 0.9552715654952076 0.03734707018673533 0.04472843450479236 (naive) 0.9591836734693877 0.7391304347826086 191.6934 0:03:11 6443.68 123654.03 6123.81 6275.35 1.99 5.25 139.71 327.14
msb_500_2 1 0.8346055979643766 0.8631578947368421 0.1653944020356234 0.13684210526315788 (naive) 1.0759493670886076 0.5862068965517241 176.8663 0:02:56 6580.23 123592.72 6235.75 6318.89 1.98 6.30 147.18 318.32
ghf5_100_0 1 0.633308805494236 0.6276130286825474 0.36669119450576404 0.3723869713174526 (naive) 1.0468085106382978 0.3161953727506427 297.1409 0:04:57 8159.17 123527.67 7814.36 7924.61 1.99 5.75 182.09 636.75
ghf1_100_0 1 0.8900377629922676 0.8921232876712328 0.10996223700773244 0.10787671232876717 (naive) 1.0231316725978647 0.6759443339960238 357.9938 0:05:57 10044.68 123528.51 9700.10 9810.07 1.99 5.80 180.66 749.42
icd_100_2 1 0.9232995658465991 0.9294871794871795 0.07670043415340089 0.07051282051282048 (naive) 1.0184757505773672 0.7933884297520661 319.9889 0:05:19 8912.56 123596.92 8567.82 8678.90 1.99 5.46 163.77 613.42
hormone_rec_20_3 1 0.6231155778894473 0.5966754155730534 0.37688442211055273 0.40332458442694663 (naive) 1.0097402597402598 0.30604982206405695 417.0811 0:06:57 7357.36 123599.73 7026.02 7182.50 1.99 5.25 196.59 910.17
HLH_1000_1 1 0.8836833602584814 0.8952536824877251 0.11631663974151862 0.10474631751227492 (naive) 1.0217391304347827 0.6547619047619048 174.5822 0:02:54 6412.12 123528.79 6070.10 6153.28 1.98 6.57 138.37 297.31
int_100_2 1 0.8240534521158129 0.8390022675736961 0.17594654788418707 0.16099773242630389 (naive) 1.0410958904109588 0.6287128712871287 245.8745 0:04:05 7123.45 123597.00 6778.78 6942.32 1.99 5.51 163.90 435.79
cytb_100_2 1 0.7693588676103247 0.7712854757929883 0.23064113238967532 0.22871452420701166 (naive) 0.99 0.5760869565217391 216.3629 0:03:36 6546.74 123463.52 6202.89 6313.11 1.99 5.43 155.62 436.32
sodcu_500_3 1 0.8626482213438735 0.8744574290484141 0.13735177865612647 0.12554257095158594 (naive) 1.0236686390532543 0.6807228915662651 204.0162 0:03:24 6899.58 111314.78 6555.76 6644.26 445.98 6.72 120.96 251.61
subt_20_2 1 0.7054434926775353 0.690373174689021 0.29455650732246474 0.30962682531097896 (naive) 1.0144927536231885 0.21428571428571427 472.5542 0:07:52 7995.66 123597.01 7969.42 7976.64 1.99 5.20 204.15 1054.35
ghf5_200_2 1 0.633308805494236 0.6328431372549019 0.36669119450576404 0.36715686274509807 (naive) 1.0297872340425531 0.31876606683804626 262.1273 0:04:22 8200.95 123590.14 7856.21 8003.63 1.99 7.24 187.99 578.54
DMRL_synthase_20_0 1 0.8948805460750853 0.8699402786994028 0.10511945392491473 0.13005972130059718 (naive) 0.9560439560439561 0.6745562130177515 354.4610 0:05:54 6865.74 111252.76 6520.48 6633.55 237.99 5.16 163.98 587.03
GEL_50_2 1 0.7044776119402985 0.6840579710144927 0.29552238805970155 0.3159420289855073 (naive) 0.98 0.3767123287671233 255.5957 0:04:15 6536.49 111003.54 6192.80 6307.42 69.99 5.29 124.01 321.84
mmp_500_0 1 0.9630096679277007 0.9719983029274502 0.03699033207229929 0.028001697072549847 (naive) 1.0555555555555556 0.8757396449704142 221.6446 0:03:41 7155.54 123592.89 6810.82 6893.93 1.98 6.79 144.02 361.00
egf_100_1 1 0.7306059436511 0.722794959908362 0.2693940563489 0.27720504009163804 (naive) 1.0704225352112675 0.22058823529411764 187.1646 0:03:07 6369.03 123532.88 6049.91 6200.87 1.99 5.27 139.42 362.59
tgfb_50_1 1 0.8502109704641351 0.8837719298245614 0.14978902953586493 0.11622807017543857 (naive) 1.0847457627118644 0.4358974358974359 229.3187 0:03:49 6633.39 123599.79 6288.14 6371.39 1.99 4.97 146.87 392.58
oxidored_q6_1000_0 1 0.9275193798449612 0.9552894211576847 0.07248062015503876 0.04471057884231533 (naive) 1.0701754385964912 0.8233082706766918 221.2989 0:03:41 6847.18 123663.75 6502.16 6645.64 1.98 7.62 135.65 347.50
il8_200_1 1 0.8965809550720543 0.8905416783609318 0.10341904492794574 0.10945832163906821 (naive) 0.9876543209876543 0.6233766233766234 168.1038 0:02:48 6476.81 123591.55 6133.34 6297.26 1.99 5.46 112.20 256.44
asp_1000_2 1 0.9007406214780229 0.9121219532077932 0.09925937852197708 0.08787804679220679 (naive) 1.05 0.7165775401069518 330.0630 0:05:30 8701.38 123535.68 8356.38 8467.38 1.96 9.76 168.94 575.53
ldh_20_3 1 0.7593432311855481 0.7569350781905005 0.24065676881445186 0.24306492180949946 (naive) 0.9973045822102425 0.372972972972973 461.4226 0:07:41 8338.89 123525.93 7993.80 8141.17 1.99 5.25 200.33 999.23
Sulfotransfer_100_3 1 0.6584551148225469 0.6838681699913269 0.3415448851774531 0.31613183000867306 (naive) 1.015748031496063 0.31756756756756754 289.9628 0:04:49 7836.20 123596.88 7491.52 7620.44 1.99 5.69 163.29 561.20
PDZ_50_2 1 0.7987711213517665 0.7908745247148289 0.20122887864823347 0.20912547528517111 (naive) 0.9818181818181818 0.5454545454545454 218.8515 0:03:38 6542.30 123590.17 6198.05 6312.08 1.99 5.27 153.62 430.11
kunitz_1000_3 1 0.9928712871287129 0.9928712871287129 0.007128712871287135 0.007128712871287135 (naive) 1.0 0.9666666666666667 189.3381 0:03:09 6463.95 110841.74 6118.73 6229.49 5.97 7.06 88.02 172.15
cytb_20_0 1 0.7835137385512073 0.7914213624894869 0.21648626144879268 0.2085786375105131 (naive) 1.03 0.5 276.2898 0:04:36 6554.37 123533.10 6324.25 6428.02 1.99 5.18 166.05 523.85
tim_100_2 1 0.9784693323683734 0.9793553060485332 0.021530667631626588 0.02064469395146684 (naive) 1.0115384615384615 0.9034749034749034 260.7397 0:04:20 7588.66 123532.97 7243.54 7326.77 1.99 5.41 157.50 495.34
rub_100_3 1 0.9836734693877551 0.9836734693877551 0.01632653061224487 0.01632653061224487 (naive) 1.0 0.9259259259259259 172.4235 0:02:52 6395.40 123655.63 6051.18 6161.07 1.99 5.16 171.71 367.21
GEL_1000_2 1 0.5323383084577115 0.5409504550050556 0.46766169154228854 0.45904954499494444 (naive) 1.0466666666666666 0.2054794520547945 210.4412 0:03:30 6640.29 123590.70 6311.52 6467.03 261.97 7.52 106.47 239.75
aat_500_0 1 0.8585947597227118 0.857587137659899 0.14140524027728818 0.14241286234010098 (naive) 1.0357142857142858 0.5764966740576497 318.0718 0:05:18 9056.14 123599.86 8712.23 8817.48 1.98 7.29 158.80 560.85
hpr_20_1 1 1.0 1.0 0.0 0.0 (naive) 1.0 1.0 260.4753 0:04:20 6555.26 123589.93 6210.62 6295.35 1.99 5.34 145.53 473.26
peroxidase_20_3 1 0.6051612903225806 0.6005121638924455 0.3948387096774194 0.39948783610755445 (naive) 0.9712793733681462 0.21203438395415472 482.0258 0:08:02 8229.04 123590.01 7899.67 8045.24 1.99 5.38 214.56 1073.15
rub_50_3 1 0.9755102040816327 0.9755102040816327 0.024489795918367308 0.024489795918367308 (naive) 1.0 0.8888888888888888 218.9576 0:03:38 6405.15 110890.25 6060.58 6145.10 197.99 5.24 112.53 251.34
aadh_200_1 1 0.8275277725475428 0.8615113201999411 0.17247222745245716 0.13848867980005886 (naive) 1.1125461254612545 0.4580498866213152 293.2426 0:04:53 7715.69 123463.69 7370.48 7534.30 1.99 6.76 215.35 700.78
HLH_200_2 1 0.925686591276252 0.9286871961102107 0.07431340872374803 0.07131280388978933 (naive) 1.0217391304347827 0.8571428571428571 201.7921 0:03:21 6415.55 112718.13 6071.78 6155.16 193.99 5.43 121.27 247.05
peroxidase_200_2 1 0.7383870967741936 0.7627457514161946 0.26161290322580644 0.2372542485838054 (naive) 1.0574412532637076 0.40974212034383956 247.3835 0:04:07 7759.38 123590.00 7414.40 7575.18 1.99 6.00 157.45 453.64
biotin_lipoyl_200_3 1 0.9569557080474111 0.9405272838749233 0.04304429195258885 0.05947271612507665 (naive) 0.9553571428571429 0.8117647058823529 174.1639 0:02:54 6511.23 123596.87 6167.06 6252.21 1.99 5.98 145.66 337.57
lyase_1_50_1 1 0.720246913580247 0.7249005964214712 0.27975308641975305 0.2750994035785288 (naive) 1.0117416829745598 0.5089463220675944 395.7516 0:06:35 8266.14 123596.95 7921.89 8005.14 1.99 5.68 197.15 834.48
Sulfotransfer_1000_3 1 0.7515657620041754 0.7669365146996165 0.24843423799582465 0.23306348530038346 (naive) 1.0078740157480315 0.44932432432432434 332.9068 0:05:32 8005.63 123524.74 7660.21 7770.73 309.96 9.65 203.42 696.12
cys_100_2 1 0.9288513348028411 0.9202863382674108 0.0711486651971589 0.0797136617325892 (naive) 0.9964664310954063 0.6604477611940298 294.3947 0:04:54 7456.32 111910.67 7112.28 7222.86 373.99 5.86 156.10 461.15
blmb_1000_0 1 0.6463494132985659 0.6826161790017212 0.3536505867014341 0.3173838209982788 (naive) 1.0087209302325582 0.3781818181818182 268.4951 0:04:28 7368.54 123526.38 7023.53 7106.70 1.96 8.58 226.93 673.74
flav_200_2 1 0.807743658210948 0.8157303370786517 0.19225634178905204 0.18426966292134828 (naive) 1.0163934426229508 0.5257142857142857 196.0219 0:03:16 6846.43 123590.12 6502.01 6612.24 1.99 5.58 142.07 331.22
ghf13_200_3 1 0.6449397787345359 0.6345988845988846 0.3550602212654641 0.3654011154011154 (naive) 0.9824281150159745 0.2597623089983022 305.3404 0:05:05 8527.33 123532.87 8182.16 8269.27 1.99 5.97 167.21 588.68
hpr_200_3 1 0.993006993006993 0.993006993006993 0.006993006993006978 0.006993006993006978 (naive) 1.0 0.9772727272727273 175.0616 0:02:55 6527.82 123528.70 6183.73 6297.01 1.99 5.62 149.96 359.10
adh_200_0 1 0.9685906040268456 0.9714593430263866 0.0314093959731544 0.02854065697361341 (naive) 1.008 0.9226666666666666 213.4182 0:03:33 6859.46 123462.08 6514.84 6608.56 1.99 5.92 149.12 387.07
hr_50_2 1 1.0 1.0 0.0 0.0 (naive) 1.0 1.0 203.5030 0:03:23 6472.37 123525.93 6127.60 6237.62 1.99 5.24 159.43 391.05
hpr_20_3 1 1.0 1.0 0.0 0.0 (naive) 1.0 1.0 289.2821 0:04:49 6541.62 111007.40 6216.18 6369.91 133.99 5.16 153.90 447.22
egf_20_3 1 0.685063681976071 0.6705704571212694 0.31493631802392896 0.3294295428787306 (naive) 1.0845070422535212 0.17647058823529413 238.8850 0:03:58 6385.71 123597.00 6040.76 6124.07 1.99 5.24 160.61 457.48
aat_20_0 1 0.47426859358477264 0.5139746609791812 0.5257314064152274 0.4860253390208188 (naive) 1.1890756302521008 0.015521064301552107 534.8050 0:08:54 9033.28 123587.54 9004.59 9011.81 1.99 5.33 215.77 1230.89
LIM_500_0 1 0.9370967741935484 0.9587458745874587 0.06290322580645158 0.041254125412541254 (naive) 1.0348837209302326 0.8292682926829268 163.2940 0:02:43 6442.02 123656.71 6097.58 6185.64 1.98 6.04 110.26 210.73
phc_200_1 1 0.9032987747408106 0.9159896779126445 0.09670122525918945 0.08401032208735548 (naive) 1.0502793296089385 0.6536312849162011 191.9561 0:03:11 6592.02 123527.72 6249.22 6361.45 1.99 5.46 135.34 339.03
ldh_100_3 1 0.8704380896657646 0.8604945412479214 0.12956191033423536 0.13950545875207865 (naive) 1.0 0.5675675675675675 255.7664 0:04:15 6967.20 123532.86 6622.29 6735.12 1.99 5.36 159.23 482.01
mofe_500_0 1 0.7809495192307693 0.8032761551537629 0.21905048076923073 0.19672384484623706 (naive) 1.0541871921182266 0.5584905660377358 377.3991 0:06:17 9799.96 123727.77 9455.17 9552.95 1.98 8.13 161.94 631.62
proteasome_1000_1 1 0.8183411437497619 0.8117229129662522 0.18165885625023814 0.1882770870337478 (naive) 1.0420711974110033 0.30689655172413793 230.5944 0:03:50 7246.77 123464.79 6902.26 7016.28 1.97 8.48 164.76 423.43
proteasome_50_3 1 0.7978054634815408 0.7652390001461774 0.2021945365184592 0.2347609998538226 (naive) 0.9773462783171522 0.2620689655172414 297.2435 0:04:57 7194.58 123461.95 6850.09 6963.62 1.99 5.32 182.68 601.05
asp_500_3 1 0.8957897279021092 0.9029130152547874 0.1042102720978908 0.0970869847452126 (naive) 1.0315789473684212 0.6898395721925134 355.3860 0:05:55 8661.79 123655.79 8316.56 8399.89 613.98 7.30 150.96 550.95
cytb_200_1 1 0.861781848459617 0.8639398998330551 0.13821815154038297 0.13606010016694492 (naive) 1.01 0.6304347826086957 199.0346 0:03:19 6569.57 123597.09 6225.36 6389.19 1.99 5.65 122.13 314.90
hom_1000_1 1 0.952994204764971 0.9475032010243278 0.04700579523502901 0.052496798975672165 (naive) 0.9591836734693877 0.6956521739130435 161.1063 0:02:41 6480.50 123656.74 6151.75 6307.24 1.98 6.56 110.40 274.64
rrm_100_0 1 0.7735968047088501 0.751582817074001 0.22640319529114994 0.248417182925999 (naive) 0.9299363057324841 0.16216216216216217 197.8126 0:03:17 6510.43 123526.11 6484.44 6491.73 1.99 5.57 127.14 344.22
cyclo_20_1 1 0.8892140468227425 0.8914501257334451 0.11078595317725748 0.10854987426655494 (naive) 1.0394088669950738 0.6772486772486772 351.3367 0:05:51 7009.56 123533.04 6664.79 6778.58 1.99 5.25 166.04 678.32
hpr_1000_2 1 0.993006993006993 0.993006993006993 0.006993006993006978 0.006993006993006978 (naive) 1.0 0.9772727272727273 178.7369 0:02:58 6641.14 123663.65 6295.90 6409.46 1.98 7.14 126.74 293.63
cytb_100_0 1 0.7843463780183181 0.8010204081632653 0.21565362198168192 0.19897959183673475 (naive) 1.03 0.5108695652173914 218.1842 0:03:38 6533.64 111004.07 6190.24 6273.40 53.99 5.35 125.40 276.65
hpr_500_0 1 1.0 1.0 0.0 0.0 (naive) 1.0 1.0 165.8433 0:02:45 6572.88 123594.38 6228.79 6341.83 1.98 6.27 119.43 231.20
p450_200_1 1 0.4552745219000617 0.58861062370394 0.5447254780999383 0.41138937629606 (naive) 1.697265625 0.0 310.2922 0:05:10 8990.81 123527.55 8645.81 8755.87 1.99 5.99 171.41 588.36
cah_200_3 1 0.8778065630397237 0.8901050788091068 0.12219343696027629 0.10989492119089317 (naive) 1.0465949820788532 0.6900369003690037 236.8836 0:03:56 7664.17 123532.91 7336.57 7492.12 1.99 6.40 167.54 463.40
sodfe_20_2 1 0.8550997365449755 0.847286966250233 0.1449002634550245 0.15271303374976697 (naive) 1.0228310502283104 0.5358851674641149 346.2378 0:05:46 6679.58 123596.98 6334.26 6443.75 1.99 5.19 177.23 675.50
PDZ_1000_2 1 0.869431643625192 0.8680981595092024 0.13056835637480801 0.13190184049079756 (naive) 0.990909090909091 0.7373737373737373 183.0695 0:03:03 6619.99 123592.95 6275.90 6439.10 1.96 7.55 125.18 292.77
OTCace_50_3 1 0.9418604651162791 0.9431137724550899 0.05813953488372092 0.05688622754491013 (naive) 1.0 0.8338278931750742 324.0347 0:05:24 7031.87 123655.75 6687.17 6797.86 1.99 5.90 198.27 714.30
int_500_3 1 0.8513363028953229 0.8657984144960362 0.14866369710467708 0.13420158550396377 (naive) 1.0273972602739727 0.6336633663366337 226.2070 0:03:46 7162.32 111474.46 6817.00 6900.29 33.98 6.73 108.48 250.11
PDZ_50_1 1 0.7741935483870968 0.7688787185354691 0.22580645161290325 0.23112128146453093 (naive) 0.990909090909091 0.46464646464646464 223.3477 0:03:43 6546.51 123526.01 6202.37 6289.39 1.99 5.41 151.69 401.57
tgfb_200_1 1 0.820675105485232 0.8560739436619719 0.17932489451476796 0.14392605633802813 (naive) 1.0847457627118644 0.3333333333333333 175.0377 0:02:55 6609.11 123527.55 6264.29 6374.41 1.99 5.63 145.94 340.78
cryst_1000_0 1 0.9234246962418763 0.9231638418079096 0.07657530375812371 0.07683615819209044 (naive) 1.0 0.7237569060773481 195.4838 0:03:15 6689.50 123464.94 6368.59 6520.57 1.97 7.06 125.81 286.23
KAS_100_1 1 0.7239572416684134 0.7396145610278373 0.27604275833158665 0.2603854389721627 (naive) 1.051980198019802 0.51 282.5953 0:04:42 7315.61 123653.94 6982.20 7088.27 1.99 5.55 167.00 568.04
rrm_20_0 1 0.7211828183028519 0.7020942765536531 0.2788171816971481 0.2979057234463469 (naive) 0.9363057324840764 0.17117117117117117 274.0749 0:04:34 6548.61 123526.18 6203.77 6289.20 1.99 5.11 168.19 568.07
icd_50_3 1 0.8703328509406657 0.8844117647058823 0.1296671490593343 0.11558823529411766 (naive) 1.0277136258660509 0.6887052341597796 382.9133 0:06:22 8773.84 123660.95 8444.79 8551.02 1.99 5.41 175.39 772.72
tgfb_500_3 1 0.820675105485232 0.8610004426737494 0.17932489451476796 0.13899955732625058 (naive) 1.0932203389830508 0.29914529914529914 161.3540 0:02:41 6660.24 123535.87 6315.73 6479.72 1.99 6.09 114.32 265.07
Sulfotransfer_500_1 1 0.7440501043841337 0.757331066723332 0.25594989561586634 0.24266893327666805 (naive) 0.994750656167979 0.4358108108108108 272.8281 0:04:32 7915.54 123530.34 7570.35 7680.40 1.98 8.04 164.12 490.69
Sulfotransfer_500_3 1 0.7741127348643007 0.780960404380792 0.22588726513569934 0.21903959561920805 (naive) 0.9868766404199475 0.48986486486486486 281.8290 0:04:41 7939.98 123590.38 7595.22 7698.38 1.98 8.25 146.75 457.00
aat_1000_1 1 0.8214663376806486 0.8213698308270677 0.17853366231935142 0.17863016917293228 (naive) 1.0525210084033614 0.5121951219512195 413.0854 0:06:53 9081.08 123599.74 8737.14 8846.83 1.96 11.30 189.05 816.01
asp_500_0 1 0.8963129930767992 0.8996081283076799 0.10368700692320076 0.10039187169232011 (naive) 1.0052631578947369 0.7085561497326203 330.7543 0:05:30 8680.20 123592.73 8335.95 8499.45 1.98 7.40 190.15 692.46
gpdh_500_0 1 0.9575639779721412 0.9570472695877401 0.04243602202785879 0.04295273041225989 (naive) 1.025 0.8603351955307262 200.6661 0:03:20 6959.22 123594.35 6614.25 6778.12 1.98 6.37 124.67 309.86
ghf5_1000_2 1 0.6406671572234486 0.6431913321841911 0.3593328427765514 0.3568086678158089 (naive) 1.0595744680851065 0.33161953727506427 379.3052 0:06:19 8212.87 123530.35 7867.83 8031.49 1.96 9.64 157.06 648.86
proteasome_1000_2 1 0.8166647616870499 0.8085628064881177 0.18333523831295007 0.19143719351188226 (naive) 1.058252427184466 0.2517241379310345 259.4892 0:04:19 7259.99 123588.41 6915.21 7025.29 1.97 8.30 107.56 333.19
hormone_rec_100_0 1 0.7414344449520329 0.7383985441310282 0.2585655550479671 0.26160145586897177 (naive) 1.0487012987012987 0.48398576512455516 251.8398 0:04:11 7297.39 123533.11 6952.64 7035.69 1.99 5.27 169.25 493.26
adh_200_3 1 0.9742281879194631 0.9763249932741458 0.025771812080536916 0.02367500672585421 (naive) 1.008 0.9333333333333333 211.6028 0:03:31 6851.82 123533.00 6507.05 6670.67 1.99 5.81 156.62 396.85
hom_20_0 1 0.6767546683837733 0.6685750636132316 0.3232453316162267 0.3314249363867684 (naive) 0.9183673469387755 0.2753623188405797 259.6192 0:04:19 6456.22 123532.91 6112.09 6219.72 1.99 5.21 151.35 462.62
HLH_20_3 1 0.9305331179321487 0.93354943273906 0.06946688206785134 0.06645056726094001 (naive) 1.0 0.8571428571428571 249.6467 0:04:09 6452.68 123527.53 6108.48 6193.18 1.99 5.35 164.33 478.54
kringle_500_1 1 0.9460035523978686 0.9366865986633838 0.0539964476021314 0.06331340133661623 (naive) 1.01 0.797752808988764 163.8998 0:02:43 6518.50 123594.45 6174.10 6259.42 1.98 6.01 108.25 226.31
ghf1_50_3 1 0.9032548102859198 0.9064332761887576 0.0967451897140802 0.09356672381124242 (naive) 1.0302491103202847 0.705765407554672 430.4601 0:07:10 10015.23 123590.01 9670.13 9780.25 1.99 5.32 191.33 910.78
aadh_20_1 1 0.4968932404443608 0.6190476190476191 0.5031067595556392 0.38095238095238093 (naive) 1.3357933579335792 0.047619047619047616 554.7960 0:09:14 7671.74 123591.73 7334.33 7490.95 1.99 5.35 210.42 1266.52
aat_50_0 1 0.7855716132064388 0.7742458456371953 0.21442838679356124 0.22575415436280466 (naive) 0.9852941176470589 0.3902439024390244 405.4747 0:06:45 9033.46 123527.54 8689.21 8773.61 1.99 5.61 182.38 860.70
sodfe_1000_2 1 0.9130598419269853 0.9042117033171823 0.0869401580730147 0.09578829668281774 (naive) 1.0 0.6555023923444976 187.6848 0:03:07 6692.19 123594.37 6347.88 6461.03 1.98 7.34 136.60 286.20
rhv_50_1 1 0.3070768644632822 0.48620117629316845 0.6929231355367178 0.5137988237068316 (naive) 1.5523504273504274 0.02335928809788654 403.8423 0:06:43 7352.32 123594.34 7007.79 7171.36 1.99 5.26 201.86 878.11
ghf13_1000_3 1 0.6355659708975966 0.6376510470774782 0.3644340291024034 0.3623489529225218 (naive) 1.0287539936102237 0.2563667232597623 411.1871 0:06:51 8566.31 123471.68 8220.91 8381.65 1.96 9.08 159.69 705.78
Sulfotransfer_50_1 1 0.5306889352818371 0.5636363636363636 0.46931106471816286 0.4363636363636364 (naive) 1.1154855643044619 0.09121621621621621 349.6327 0:05:49 7867.32 123526.15 7534.60 7614.56 1.99 5.22 178.19 705.33
tgfb_50_0 1 0.7940928270042195 0.8239929947460596 0.20590717299578054 0.17600700525394042 (naive) 1.0847457627118644 0.27350427350427353 228.4453 0:03:48 6606.88 123591.63 6262.77 6348.08 1.99 5.32 136.20 392.43
KAS_1000_1 1 0.8071683085307063 0.8782212086659065 0.1928316914692937 0.12177879133409353 (naive) 1.1262376237623761 0.6175 263.6216 0:04:23 7495.55 123528.97 7150.48 7237.67 1.98 9.20 155.54 476.59
ghf1_200_0 1 0.8962416831505124 0.898908828568852 0.10375831684948755 0.10109117143114799 (naive) 1.01067615658363 0.6858846918489065 354.2479 0:05:54 10246.58 123532.88 9901.36 9984.72 1.99 6.85 195.54 732.11
HMG_box_100_2 1 0.9504249291784702 0.9450704225352112 0.04957507082152979 0.05492957746478877 (naive) 1.0112359550561798 0.8024691358024691 191.2544 0:03:11 6488.94 123594.35 6145.28 6255.73 1.99 5.44 138.26 328.81
Ald_Xan_dh_2_20_2 1 0.5660908749530604 0.6059692493216762 0.43390912504693957 0.3940307506783238 (naive) 1.1491525423728814 0.34375 644.8214 0:10:44 7627.60 123532.87 7281.90 7392.37 1.99 5.12 208.88 1412.83
peroxidase_50_0 1 0.6374193548387097 0.6575707154742096 0.3625806451612903 0.34242928452579036 (naive) 1.0130548302872062 0.24355300859598855 392.1048 0:06:32 8077.87 123523.70 7733.83 7897.36 93.99 5.33 169.76 677.10
GEL_500_3 1 0.6965174129353234 0.6944444444444444 0.30348258706467657 0.3055555555555556 (naive) 1.0133333333333334 0.3767123287671233 204.7570 0:03:24 6247.67 123590.84 5905.78 6069.14 125.98 6.50 113.04 245.57
ghf5_20_3 1 0.13048810399803779 0.1268478779208393 0.8695118960019622 0.8731521220791607 (naive) 1.0191489361702128 0.028277634961439587 478.2159 0:07:58 8094.67 123527.59 7749.91 7857.25 1.99 5.47 208.24 1113.22
aadh_20_2 1 0.6389568819431369 0.6708510427992488 0.36104311805686307 0.3291489572007512 (naive) 1.1162361623616237 0.1927437641723356 578.5302 0:09:38 7731.55 123532.86 7386.89 7500.59 1.99 5.25 207.77 1256.80
egf_1000_1 1 0.7371671169432652 0.7284515636918383 0.2628328830567348 0.2715484363081617 (naive) 1.0985915492957747 0.3235294117647059 160.3380 0:02:40 6412.25 123658.35 6067.22 6152.44 1.96 6.91 115.64 219.82
rub_20_1 1 0.9755102040816327 0.9755102040816327 0.024489795918367308 0.024489795918367308 (naive) 1.0 0.8888888888888888 236.5394 0:03:56 6414.87 123596.84 6087.52 6243.48 1.99 5.25 153.05 443.96
hpr_100_0 1 1.0 1.0 0.0 0.0 (naive) 1.0 1.0 213.3687 0:03:33 6535.35 123458.11 6192.69 6355.89 249.99 5.23 116.71 263.84
tgfb_100_0 1 0.830379746835443 0.857516339869281 0.16962025316455698 0.142483660130719 (naive) 1.0677966101694916 0.3333333333333333 195.9362 0:03:15 6620.37 123591.74 6276.04 6386.97 1.99 5.61 136.60 336.19
ldh_200_0 1 0.8736195421633877 0.8639207319278198 0.12638045783661234 0.13607926807218018 (naive) 1.013477088948787 0.5567567567567567 214.0914 0:03:34 6961.13 123654.13 6616.11 6699.64 1.99 5.73 157.60 418.93
aadh_100_1 1 0.81707776313312 0.8359660951647081 0.18292223686688003 0.1640339048352919 (naive) 1.0498154981549817 0.47392290249433106 346.1837 0:05:46 7711.48 112158.94 7366.14 7449.56 101.99 5.46 161.56 564.29
blmb_20_0 1 0.3455019556714472 0.33291457286432163 0.6544980443285529 0.6670854271356783 (naive) 0.9244186046511628 0.06545454545454546 431.9249 0:07:11 7380.71 111877.40 7036.04 7201.93 13.99 5.15 176.06 765.33
tim_50_2 1 0.9650805138411435 0.9642082429501084 0.03491948615885654 0.03579175704989157 (naive) 1.0076923076923077 0.888030888030888 308.5904 0:05:08 7622.29 123463.53 7278.22 7388.12 1.99 5.34 176.54 633.15
sodcu_20_0 1 0.8155467720685112 0.8182419035029742 0.18445322793148877 0.1817580964970258 (naive) 1.0059171597633136 0.608433734939759 320.5049 0:05:20 6884.38 123591.54 6540.64 6706.11 1.99 5.52 166.63 631.37
Sulfotransfer_500_0 1 0.7620041753653445 0.7921006944444444 0.23799582463465552 0.20789930555555558 (naive) 1.026246719160105 0.4560810810810811 276.0138 0:04:36 7935.34 123590.36 7591.53 7754.66 1.98 7.88 157.36 502.95
tgfb_50_2 1 0.7987341772151899 0.8328200615926089 0.2012658227848101 0.1671799384073911 (naive) 1.0847457627118644 0.3076923076923077 226.3517 0:03:46 6610.42 123653.94 6266.74 6376.47 1.99 5.31 149.24 398.53
cys_1000_3 1 0.9343619887337742 0.9314533357748886 0.06563801126622582 0.06854666422511135 (naive) 1.0247349823321554 0.7014925373134329 300.7179 0:05:00 7585.60 123535.88 7241.02 7404.57 1.96 9.69 158.90 535.59
ghf10_200_3 1 0.9271991911021233 0.9262626262626262 0.07280080889787666 0.07373737373737377 (naive) 1.0082417582417582 0.804953560371517 301.6897 0:05:01 8173.17 112624.43 8099.27 8106.55 409.99 5.85 146.11 445.80
cys_500_0 1 0.9227283859906931 0.9232937140056365 0.07727161400930693 0.07670628599436347 (naive) 1.0459363957597174 0.664179104477612 245.9014 0:04:05 7575.11 123529.39 7230.04 7313.38 1.98 8.34 161.29 425.80
asp_50_3 1 0.8899533086459507 0.8902758204147373 0.11004669135404932 0.1097241795852627 (naive) 1.0289473684210526 0.6577540106951871 384.8781 0:06:24 8534.66 123526.07 8190.02 8300.70 1.99 5.43 198.00 858.08
serpin_100_2 1 0.9521687462863934 0.9478509463722398 0.047831253713606636 0.05214905362776023 (naive) 1.0119904076738608 0.8065326633165829 325.6553 0:05:25 8895.64 123596.95 8550.71 8660.70 1.99 5.72 176.98 672.29
hpr_50_1 1 1.0 1.0 0.0 0.0 (naive) 1.0 1.0 212.1641 0:03:32 6532.73 123469.23 6187.96 6299.17 1.99 5.11 169.50 412.50
msb_50_1 1 0.8963104325699746 0.8817271589486858 0.10368956743002544 0.11827284105131419 (naive) 1.0126582278481013 0.6827586206896552 243.4895 0:04:03 6683.89 123532.91 6339.13 6449.42 1.99 5.54 160.21 448.13
cryst_500_0 1 0.9208816049731563 0.9216628959276018 0.0791183950268437 0.07833710407239824 (naive) 1.0 0.7292817679558011 177.0123 0:02:57 6494.33 123663.76 6149.10 6313.59 1.98 5.96 138.53 337.45
DMRL_synthase_200_0 1 0.9283276450511946 0.8994708994708994 0.07167235494880542 0.10052910052910058 (naive) 0.945054945054945 0.7218934911242604 190.5935 0:03:10 6890.77 123653.07 6547.25 6711.43 1.99 5.59 139.13 319.91
cytb_1000_2 1 0.8351373855120733 0.8492802709568162 0.16486261448792672 0.15071972904318376 (naive) 1.04 0.5434782608695652 195.5990 0:03:15 6650.89 123594.36 6305.72 6389.03 1.96 7.86 113.59 259.39
hla_200_3 1 1.0 1.0 0.0 0.0 (naive) 1.0 1.0 201.3219 0:03:21 7091.81 123596.88 6764.04 6868.47 1.99 5.81 117.47 313.51
blmb_1000_1 1 0.6932855280312907 0.7202844564849306 0.30671447196870927 0.27971554351506944 (naive) 1.0348837209302326 0.41818181818181815 265.4274 0:04:25 7372.78 123591.58 7028.11 7115.81 1.96 8.47 247.73 729.59
uce_200_0 1 0.8937557392102846 0.8931816096173258 0.10624426078971538 0.10681839038267416 (naive) 1.0 0.5542168674698795 195.6566 0:03:15 6848.47 123590.12 6505.25 6615.11 1.99 5.96 138.95 311.47
PDZ_20_3 1 0.7450076804915514 0.7376425855513308 0.2549923195084486 0.2623574144486692 (naive) 0.9727272727272728 0.48484848484848486 281.0796 0:04:41 6563.05 123589.93 6233.54 6313.07 1.99 5.09 162.54 504.81
serpin_500_0 1 0.9424638542285602 0.9426505546751188 0.05753614577143984 0.057349445324881176 (naive) 1.0095923261390887 0.7939698492462312 375.5369 0:06:15 8916.74 123592.00 8571.08 8676.09 1.98 6.84 166.25 688.94
biotin_lipoyl_100_0 1 0.9394884591391142 0.9267692307692308 0.06051154086088584 0.07323076923076921 (naive) 0.9642857142857143 0.7529411764705882 222.9503 0:03:42 6508.09 123654.44 6164.75 6328.08 49.99 5.41 111.33 265.52
phc_500_2 1 0.9067860508953817 0.9310945514371431 0.09321394910461833 0.06890544856285685 (naive) 1.0837988826815643 0.7150837988826816 179.2235 0:02:59 6613.91 123597.07 6270.35 6381.13 1.99 6.40 149.89 350.40
kringle_100_1 1 0.9282415630550621 0.9256110520722636 0.07175843694493789 0.07438894792773643 (naive) 1.06 0.7191011235955056 192.2085 0:03:12 6522.66 123591.55 6178.04 6288.26 1.99 5.32 131.66 347.29
Sulfotransfer_1000_2 1 0.7315240083507307 0.7614080834419817 0.2684759916492693 0.23859191655801826 (naive) 1.05249343832021 0.4358108108108108 335.3361 0:05:35 7944.63 123591.98 7599.03 7696.71 1.96 8.94 187.08 695.74
egf_100_3 1 0.752991123118487 0.7457951070336392 0.24700887688151296 0.25420489296636084 (naive) 1.056338028169014 0.22058823529411764 175.8365 0:02:55 6382.13 123596.93 6038.32 6194.33 1.99 5.18 165.57 344.43
aadh_20_0 1 0.39032197326303897 0.5574079053509008 0.609678026736961 0.4425920946490992 (naive) 1.4760147601476015 0.006802721088435374 550.9278 0:09:10 7672.26 123527.59 7343.68 7450.37 1.99 5.23 216.00 1252.43
aadh_500_0 1 0.8453210318207494 0.8784854710889346 0.15467896817925064 0.1215145289110654 (naive) 1.1162361623616237 0.4943310657596372 287.5102 0:04:47 7779.82 123592.80 7435.27 7546.02 1.98 8.21 163.87 515.10
aldosered_500_0 1 0.872796807449285 0.8961925900631723 0.127203192550715 0.10380740993682769 (naive) 1.0544041450777202 0.6553846153846153 319.0574 0:05:19 8169.54 123599.77 7824.81 7988.98 1.98 8.18 163.17 580.29
annexin_100_3 1 0.9970382906706157 1.0 0.002961709329384332 0.0 (naive) 1.0061919504643964 0.9937106918238994 206.8019 0:03:26 6498.11 123527.67 6154.29 6263.93 1.99 5.25 162.00 461.50
kringle_20_3 1 0.9591474245115453 0.9470361276745002 0.04085257548845467 0.05296387232549982 (naive) 1.01 0.8089887640449438 255.3736 0:04:15 6530.27 123591.53 6199.74 6355.88 1.99 5.13 155.08 471.63
kunitz_1000_1 1 0.9893069306930693 0.9893069306930693 0.010693069306930703 0.010693069306930703 (naive) 1.0 0.95 170.0846 0:02:50 6398.20 123663.74 6054.95 6140.35 1.96 7.01 95.12 228.32
tim_100_1 1 0.9771123575176407 0.9779085559076505 0.022887642482359305 0.022091444092349533 (naive) 1.0076923076923077 0.8996138996138996 266.2759 0:04:26 7622.16 123527.80 7277.89 7365.03 1.99 5.42 186.53 553.06
aldosered_1000_2 1 0.8498503491852345 0.8848684210526315 0.1501496508147655 0.11513157894736847 (naive) 1.1036269430051813 0.6646153846153846 367.2846 0:06:07 8144.33 123594.37 7798.93 7884.05 1.96 10.28 170.50 649.74
cyclo_100_1 1 0.9218227424749164 0.9264705882352942 0.07817725752508364 0.07352941176470584 (naive) 1.019704433497537 0.798941798941799 259.8500 0:04:19 6989.47 111422.01 6644.87 6754.67 141.99 5.83 161.53 420.71
Rhodanese_20_1 1 0.34598698481561824 0.32238504295098536 0.6540130151843817 0.6776149570490146 (naive) 0.8796296296296297 0.078125 329.4155 0:05:29 6686.97 123591.78 6654.34 6661.63 1.99 5.13 194.85 691.96
PDZ_1000_3 1 0.8725038402457758 0.8718342287029931 0.12749615975422424 0.1281657712970069 (naive) 0.990909090909091 0.7373737373737373 205.3048 0:03:25 6526.12 110955.64 6184.64 6295.43 37.96 6.84 120.07 235.86
ace_50_0 1 0.7145905574819952 0.7124052652572797 0.2854094425180048 0.28759473474272035 (naive) 1.01 0.4515570934256055 500.7724 0:08:20 11598.66 123660.86 11253.11 11366.62 1.99 5.55 194.59 1011.59
mmp_50_1 1 0.9722572509457755 0.9751264755480608 0.02774274905422447 0.024873524451939244 (naive) 1.0055555555555555 0.9171597633136095 326.9589 0:05:26 6952.57 123599.85 6607.41 6690.81 1.99 5.17 186.73 695.34
hla_20_2 1 1.0 1.0 0.0 0.0 (naive) 1.0 1.0 330.9398 0:05:30 7062.25 123591.53 6735.69 6887.79 1.99 5.19 190.73 685.05
annexin_1000_1 1 1.0 1.0 0.0 0.0 (naive) 1.0 1.0 180.9638 0:03:00 6618.94 123535.74 6273.73 6438.10 1.97 7.50 136.59 291.85
ghf1_20_1 1 0.8528142420427981 0.8628217956881652 0.1471857579572019 0.1371782043118348 (naive) 1.0765124555160142 0.5964214711729622 604.8077 0:10:04 9874.39 123596.95 9530.54 9640.04 1.99 5.57 203.04 1293.21
asp_100_0 1 0.900418612139752 0.9012166626379824 0.09958138786024795 0.09878333736201761 (naive) 1.0105263157894737 0.6871657754010695 320.0014 0:05:20 8596.31 123596.88 8251.38 8334.67 2.00 5.86 170.15 601.60
tgfb_20_0 1 0.7109704641350211 0.741311042674879 0.2890295358649789 0.258688957325121 (naive) 1.0932203389830508 0.2564102564102564 275.9208 0:04:35 6635.83 123596.91 6289.98 6395.38 1.99 5.11 171.03 550.75
icd_50_2 1 0.8804630969609262 0.8918205804749341 0.11953690303907383 0.10817941952506593 (naive) 1.0300230946882216 0.699724517906336 392.0727 0:06:32 8794.52 123533.08 8763.40 8771.65 1.99 5.39 195.39 818.68
adh_50_1 1 0.9739597315436241 0.975268817204301 0.02604026845637586 0.02473118279569897 (naive) 1.0053333333333334 0.9306666666666666 302.4133 0:05:02 6876.61 123656.88 6585.27 6717.69 1.99 5.30 183.20 654.44
serpin_100_0 1 0.9604872251931076 0.9532186732186733 0.039512774806892415 0.04678132678132674 (naive) 1.0047961630695443 0.8291457286432161 333.1548 0:05:33 8847.80 113251.71 8518.73 8672.96 5.99 5.56 167.33 561.05
kringle_500_0 1 0.9460035523978686 0.9366865986633838 0.0539964476021314 0.06331340133661623 (naive) 1.01 0.797752808988764 168.4243 0:02:48 6503.71 123594.56 6160.62 6274.85 1.98 6.36 99.84 219.68
peroxidase_20_1 1 0.5490322580645162 0.6126709863210943 0.45096774193548383 0.3873290136789057 (naive) 1.195822454308094 0.0830945558739255 501.2371 0:08:21 7681.95 112155.50 7336.64 7449.81 41.99 5.34 196.15 984.43
aadh_1000_1 1 0.8384485031067596 0.8717697729052467 0.16155149689324044 0.1282302270947533 (naive) 1.1291512915129152 0.47392290249433106 346.0255 0:05:46 7780.11 123530.39 7435.04 7520.38 1.97 9.68 165.66 599.12
hom_200_1 1 0.9671603348358017 0.9597444089456869 0.03283966516419834 0.04025559105431309 (naive) 0.9591836734693877 0.7246376811594203 199.2805 0:03:19 6429.85 110881.02 6086.52 6249.78 129.99 5.55 123.63 232.54
phc_1000_0 1 0.8877474081055607 0.9103121677781 0.11225259189443926 0.08968783222190002 (naive) 1.0837988826815643 0.5810055865921788 196.6225 0:03:16 6695.74 123535.83 6350.56 6514.08 1.98 7.45 118.52 279.01
tms_500_0 1 0.9670624281884336 0.9644766997708174 0.032937571811566424 0.0355233002291826 (naive) 0.9971988795518207 0.8771929824561403 285.5558 0:04:45 8144.03 123464.94 7800.41 7883.40 1.98 7.99 155.18 490.43
ghf13_20_0 1 0.1832797427652733 0.2257349979863069 0.8167202572347267 0.7742650020136931 (naive) 1.3881789137380192 0.006791171477079796 581.6373 0:09:41 9007.41 123532.86 8684.33 8835.59 1.99 4.99 205.04 1287.77
icd_500_2 1 0.9221418234442836 0.9307624890446976 0.07785817655571636 0.0692375109553024 (naive) 1.0207852193995381 0.8044077134986226 332.0165 0:05:32 9040.47 123594.40 8695.71 8805.84 1.98 8.30 163.63 601.31
rub_200_0 1 0.9918367346938776 0.9918367346938776 0.008163265306122436 0.008163265306122436 (naive) 1.0 0.9629629629629629 182.7523 0:03:02 6405.62 110817.91 6062.56 6145.82 81.99 5.51 105.51 193.78
cyclo_50_1 1 0.8553511705685619 0.8589420654911839 0.1446488294314381 0.1410579345088161 (naive) 1.0246305418719213 0.6666666666666666 274.9288 0:04:34 6987.18 123596.98 6643.05 6753.15 1.99 5.15 182.48 564.22
sodcu_100_3 1 0.866600790513834 0.8700396825396826 0.13339920948616601 0.12996031746031744 (naive) 1.017751479289941 0.7108433734939759 249.3571 0:04:09 6871.65 111325.17 6527.75 6651.22 545.99 5.23 131.55 329.22
blm_20_2 1 0.885455810716771 0.8855790645879733 0.11454418928322896 0.11442093541202669 (naive) 1.0255474452554745 0.6441947565543071 476.8671 0:07:56 7917.61 123591.58 7572.49 7657.53 1.99 5.29 199.33 1036.49
gluts_200_1 1 0.9245789473684211 0.9234125315391085 0.07542105263157894 0.07658746846089148 (naive) 1.0297872340425531 0.6394849785407726 224.5763 0:03:44 6661.90 111101.11 6334.23 6440.64 393.99 5.87 117.10 268.00
hormone_rec_200_2 1 0.7629054362722705 0.7618613138686131 0.23709456372772952 0.2381386861313869 (naive) 1.0292207792207793 0.5409252669039146 219.6685 0:03:39 7317.50 123463.66 6972.86 7056.04 1.99 6.17 142.51 399.11
icd_200_3 1 0.8986975397973951 0.9086918349429324 0.10130246020260492 0.09130816505706763 (naive) 1.023094688221709 0.7630853994490359 286.0231 0:04:46 9081.58 123590.09 8736.07 8819.36 1.99 7.30 154.96 494.40
OTCace_20_3 1 0.8146179401993355 0.8197927114677366 0.18538205980066447 0.18020728853226342 (naive) 1.0085714285714287 0.6439169139465876 431.9167 0:07:11 7136.63 123653.93 6791.96 6877.26 1.99 5.20 196.93 908.03
oxidored_q6_1000_1 1 0.9306201550387597 0.9475138121546961 0.06937984496124028 0.0524861878453039 (naive) 1.0421052631578946 0.8421052631578947 220.5980 0:03:40 6854.18 123658.44 6509.16 6620.04 1.98 7.71 140.38 346.58
adh_1000_2 1 0.9763758389261745 0.9827073763847609 0.023624161073825478 0.01729262361523909 (naive) 1.016 0.9466666666666667 244.9567 0:04:04 6904.49 123591.06 6560.23 6645.47 105.96 8.06 120.28 307.75
tRNA-synt_2b_100_3 1 0.4651924651924652 0.4454901960784314 0.5348075348075347 0.5545098039215686 (naive) 0.8865096359743041 0.14534883720930233 277.5512 0:04:37 7156.75 123532.99 6811.29 6894.78 1.99 5.43 180.03 559.47
serpin_200_3 1 0.9470192117250941 0.9448671079932813 0.05298078827490593 0.05513289200671867 (naive) 1.0095923261390887 0.8015075376884422 298.4187 0:04:58 8970.34 123655.63 8641.49 8767.60 1.99 6.64 174.30 570.21
serpin_50_1 1 0.9420677361853832 0.935858337432366 0.0579322638146168 0.06414166256763398 (naive) 1.0023980815347722 0.7713567839195979 410.5580 0:06:50 8993.90 123527.61 8648.97 8759.22 1.99 5.19 183.63 832.91
oxidored_q6_50_2 1 0.8751937984496124 0.8775748153905947 0.12480620155038757 0.12242518460940532 (naive) 1.0070175438596491 0.7593984962406015 291.6921 0:04:51 6781.25 123590.23 6437.77 6601.21 1.99 5.29 194.06 650.57
aat_50_2 1 0.738749853131242 0.7265006643942458 0.261250146868758 0.27349933560575423 (naive) 1.0063025210084033 0.37472283813747226 419.6887 0:06:59 8938.19 113370.50 8606.50 8762.24 81.99 5.35 177.42 745.26
Rhodanese_100_0 1 0.6084598698481561 0.597444089456869 0.39154013015184386 0.402555910543131 (naive) 1.0 0.3072916666666667 217.6526 0:03:37 6643.25 123590.15 6319.56 6473.54 1.99 5.16 154.96 429.60
blm_200_3 1 0.8711203897007654 0.9365554391740236 0.12887961029923456 0.06344456082597638 (naive) 1.2226277372262773 0.6629213483146067 312.3973 0:05:12 8542.36 112979.27 8196.81 8280.26 181.99 6.93 144.09 454.89
il8_20_2 1 0.7897711217858152 0.776173285198556 0.2102288782141848 0.223826714801444 (naive) 0.9506172839506173 0.3246753246753247 261.8268 0:04:21 6483.46 123461.93 6139.71 6305.19 1.99 5.16 139.78 470.43
tgfb_1000_0 1 0.8729957805907173 0.8804255319148936 0.12700421940928275 0.11957446808510641 (naive) 0.9915254237288136 0.4358974358974359 215.5272 0:03:35 6727.21 123656.38 6383.06 6546.27 113.98 6.82 106.13 244.85
ghf1_1000_0 1 0.8984894803092969 0.9063945578231293 0.10151051969070313 0.09360544217687072 (naive) 1.0355871886120998 0.679920477137177 606.4137 0:10:06 10714.98 123530.39 10369.80 10535.36 1.97 10.43 183.01 1153.40
HLH_100_3 1 0.8336025848142165 0.8543046357615894 0.16639741518578355 0.14569536423841056 (naive) 1.0217391304347827 0.6190476190476191 188.3790 0:03:08 6449.54 123533.07 6105.61 6190.22 1.99 5.43 148.27 344.35
cryst_1000_1 1 0.9372704153715739 0.9351564702565548 0.06272958462842615 0.0648435297434452 (naive) 1.0 0.7569060773480663 191.9319 0:03:11 6681.16 123471.75 6335.94 6421.38 1.97 7.43 127.18 298.85
flav_500_2 1 0.8148642634623943 0.8270099367660343 0.18513573653760573 0.1729900632339657 (naive) 1.0491803278688525 0.5085714285714286 192.5602 0:03:12 6934.21 123530.32 6590.16 6753.80 1.98 6.91 127.74 302.77
Ald_Xan_dh_2_20_1 1 0.4706158467893353 0.6058006042296072 0.5293841532106647 0.39419939577039276 (naive) 1.3683615819209038 0.21754807692307693 686.1731 0:11:26 7572.79 111932.23 7234.28 7338.76 193.99 5.10 199.78 1376.52
aat_100_3 1 0.8171190224415462 0.8113989032784973 0.18288097755845378 0.18860109672150271 (naive) 1.01890756302521 0.48337028824833705 330.3032 0:05:30 8998.12 123596.93 8652.89 8763.14 1.99 5.76 182.19 676.43
ace_1000_0 1 0.858095492131235 0.868051807879115 0.14190450786876496 0.13194819212088504 (naive) 1.0466666666666666 0.6591695501730104 555.4327 0:09:15 11515.64 123663.75 11170.52 11334.26 1.96 10.01 175.90 1022.02
tms_200_0 1 0.9724243584833397 0.9698242933537051 0.027575641516660254 0.030175706646294875 (naive) 0.9971988795518207 0.887719298245614 253.0338 0:04:13 8089.38 123591.68 7744.77 7854.78 1.99 6.09 149.89 413.93
DMRL_synthase_200_2 1 0.9208191126279863 0.8999332888592395 0.07918088737201368 0.10006671114076049 (naive) 0.9725274725274725 0.7159763313609467 195.5340 0:03:15 6874.53 123656.71 6529.98 6613.26 1.99 5.91 134.85 323.34
tim_1000_3 1 0.9816356070200832 0.9823465507876155 0.018364392979916766 0.017653449212384542 (naive) 1.0038461538461538 0.9266409266409267 290.9315 0:04:50 7715.65 123597.97 7380.59 7473.67 1.97 10.29 161.21 490.84
cytb_500_1 1 0.8601165695253955 0.8673383711167086 0.1398834304746045 0.13266162888329136 (naive) 1.03 0.6086956521739131 214.0837 0:03:34 6590.70 123590.73 6270.71 6421.54 69.98 6.49 107.63 248.77
myb_DNA-binding_500_2 1 0.9679358717434869 0.9564356435643564 0.03206412825651306 0.0435643564356436 (naive) 1.0 0.8392857142857143 163.9468 0:02:43 6412.59 123528.92 6067.91 6177.96 1.98 6.25 109.67 230.03
ace_100_3 1 0.7040544145105362 0.7832344213649851 0.2959455854894638 0.2167655786350149 (naive) 1.1783333333333332 0.47058823529411764 407.4685 0:06:47 10969.66 123591.80 10624.25 10787.98 1.99 5.61 174.37 780.85
PDZ_500_1 1 0.8648233486943164 0.8661538461538462 0.13517665130568357 0.13384615384615384 (naive) 1.0 0.7171717171717171 169.8592 0:02:49 6523.65 123528.79 6182.03 6291.88 1.98 6.45 109.69 220.05
annexin_200_3 1 1.0 1.0 0.0 0.0 (naive) 1.0 1.0 185.3179 0:03:05 6512.73 123587.46 6167.91 6280.55 1.99 5.62 143.03 320.96
cys_1000_1 1 0.9316066617683076 0.9275176786149719 0.06839333823169236 0.07248232138502808 (naive) 1.028268551236749 0.6977611940298507 262.5471 0:04:22 7610.43 123594.44 7264.75 7358.63 1.96 10.24 188.21 549.20
rvp_500_2 1 0.6542625169147497 0.8321858864027539 0.3457374830852503 0.16781411359724607 (naive) 1.553030303030303 0.16216216216216217 168.7461 0:02:48 6605.12 123530.38 6261.46 6372.44 1.99 6.01 111.47 281.00
zf-CCHH_1000_3 1 0.9504102747056725 0.9446808510638298 0.04958972529432748 0.05531914893617018 (naive) 1.0512820512820513 0.8 151.4554 0:02:31 6378.01 123535.73 6033.51 6143.49 1.96 6.49 123.49 221.62
proteasome_100_2 1 0.798567455328228 0.7895133343378032 0.20143254467177196 0.21048666566219676 (naive) 1.035598705501618 0.2517241379310345 253.9871 0:04:13 7166.41 123591.88 6837.34 6993.13 1.99 5.30 165.84 508.71
mmp_50_0 1 0.9680538041193779 0.9684608915054668 0.031946195880622086 0.03153910849453323 (naive) 1.0055555555555555 0.893491124260355 332.0729 0:05:32 6966.63 123526.06 6621.39 6731.59 1.99 5.39 192.40 731.09
annexin_50_3 1 0.9714406600380792 0.9761904761904762 0.028559339961920838 0.023809523809523836 (naive) 1.0123839009287925 0.9213836477987422 262.0701 0:04:22 6482.94 123527.71 6138.60 6249.26 1.99 5.22 173.26 545.71
int_100_0 1 0.7210467706013363 0.7320520067834935 0.27895322939866374 0.26794799321650653 (naive) 1.0365296803652968 0.45544554455445546 269.0002 0:04:29 7095.24 111460.32 6750.88 6914.52 25.99 5.48 154.55 395.32
int_50_0 1 0.6681514476614699 0.673778775968557 0.33184855233853006 0.32622122403144305 (naive) 1.0319634703196348 0.3910891089108911 278.6639 0:04:38 7072.61 123533.03 6727.71 6811.17 1.99 5.33 171.92 539.22
egf_50_3 1 0.6962562717097646 0.6959876543209876 0.30374372829023544 0.30401234567901236 (naive) 1.1267605633802817 0.22058823529411764 237.4342 0:03:57 6368.65 119396.76 6024.14 6187.79 317.99 5.63 122.90 306.66
tim_100_3 1 0.9841686267414511 0.9840796019900497 0.015831373258548886 0.015920398009950265 (naive) 1.0076923076923077 0.9343629343629344 262.4805 0:04:22 7612.55 123589.96 7267.74 7431.28 1.99 5.35 193.25 565.53
Ald_Xan_dh_2_100_1 1 0.8336462636124672 0.8319280494659921 0.1663537363875328 0.16807195053400792 (naive) 1.0033898305084745 0.6237980769230769 254.4786 0:04:14 6837.21 123654.16 6491.71 6576.51 1.99 5.71 163.06 517.64
ghf10_50_2 1 0.8958543983822043 0.8964586846543001 0.10414560161779574 0.10354131534569988 (naive) 1.0192307692307692 0.739938080495356 360.2795 0:06:00 8130.30 123461.96 7785.95 7946.44 1.99 5.30 192.52 799.01
cyclo_20_3 1 0.8536789297658863 0.8659881255301103 0.14632107023411367 0.1340118744698897 (naive) 1.0295566502463054 0.6613756613756614 325.6928 0:05:25 7001.82 123589.93 6657.34 6763.64 1.99 5.24 183.82 695.50
blm_20_3 1 0.9167710508002783 0.9304986580025427 0.08322894919972168 0.06950134199745728 (naive) 1.0583941605839415 0.7490636704119851 504.4837 0:08:24 7859.34 112345.57 7514.69 7608.89 37.99 5.38 194.20 984.59
hpr_50_2 1 1.0 1.0 0.0 0.0 (naive) 1.0 1.0 212.4916 0:03:32 6530.81 123462.07 6186.43 6269.59 1.99 5.46 188.88 453.80
ghf13_200_2 1 0.6400893781677476 0.6411726170979365 0.3599106218322524 0.3588273829020635 (naive) 1.0479233226837061 0.26825127334465193 300.2130 0:05:00 8431.80 123532.95 8086.45 8169.94 1.99 6.22 170.02 569.80
hr_200_0 1 1.0 1.0 0.0 0.0 (naive) 1.0 1.0 168.5957 0:02:48 6474.25 123461.98 6129.90 6239.86 1.99 5.68 113.77 253.15
aldosered_1000_3 1 0.872796807449285 0.8917770981991165 0.127203192550715 0.10822290180088345 (naive) 1.0336787564766838 0.6892307692307692 388.8045 0:06:28 8188.64 123528.84 7843.81 7988.55 1.96 10.06 176.60 718.47
cys_50_1 1 0.8880724957139359 0.8837436022422618 0.11192750428606413 0.11625639775773822 (naive) 1.017667844522968 0.5111940298507462 300.0880 0:05:00 7417.62 123527.60 7073.75 7236.26 1.99 5.25 183.35 616.92
Rhodanese_1000_1 1 0.7630151843817787 0.7512012813667912 0.23698481561822127 0.2487987186332088 (naive) 1.0416666666666667 0.5052083333333334 200.8353 0:03:20 6749.30 123594.55 6404.74 6489.61 1.96 7.79 109.21 283.79
Sulfotransfer_100_2 1 0.6764091858037579 0.7083515522518583 0.32359081419624214 0.2916484477481417 (naive) 1.026246719160105 0.3783783783783784 284.3364 0:04:44 7787.03 123527.75 7442.45 7554.71 1.99 5.64 172.42 582.38
GEL_1000_1 1 0.700497512437811 0.6881720430107527 0.299502487562189 0.31182795698924726 (naive) 1.0133333333333334 0.4041095890410959 183.0796 0:03:03 6638.43 123528.76 6293.73 6403.75 1.97 7.49 119.07 274.95
Ald_Xan_dh_2_500_0 1 0.8349605707848291 0.8384238310708899 0.1650394292151709 0.1615761689291101 (naive) 1.0146892655367232 0.6310096153846154 190.9939 0:03:10 6773.66 123656.86 6429.31 6512.40 1.98 6.86 115.06 307.83
mmp_100_1 1 0.9676334594367382 0.9721283783783784 0.032366540563261825 0.0278716216216216 (naive) 1.011111111111111 0.8994082840236687 270.4181 0:04:30 7021.77 123596.88 6676.96 6790.91 1.99 5.61 175.75 552.44
ldh_50_3 1 0.8385138594309954 0.8342732399490631 0.16148614056900457 0.1657267600509369 (naive) 1.0296495956873315 0.4864864864864865 324.0766 0:05:24 7068.17 123590.07 6748.88 6886.69 1.99 5.28 205.57 720.18
ghf13_500_2 1 0.5942013188729631 0.6104019706639794 0.4057986811270369 0.3895980293360206 (naive) 1.0623003194888179 0.2529711375212224 343.8785 0:05:43 8400.95 123599.61 8055.95 8139.31 1.98 8.27 167.76 626.27
ldh_50_2 1 0.6951290865208806 0.8008510279743849 0.30487091347911943 0.1991489720256151 (naive) 1.2722371967654986 0.3567567567567568 328.4077 0:05:28 7090.87 123591.54 6745.81 6857.61 1.99 5.37 188.26 707.07
tRNA-synt_2b_1000_2 1 0.4762489762489763 0.4551859099804305 0.5237510237510237 0.5448140900195695 (naive) 0.8865096359743041 0.2063953488372093 261.6217 0:04:21 7289.88 123592.00 6944.93 7029.61 1.96 9.11 219.84 634.57
peroxidase_500_3 1 0.6745161290322581 0.7124361158432708 0.3254838709677419 0.2875638841567292 (naive) 1.0913838120104438 0.4040114613180516 270.1695 0:04:30 7907.34 123593.04 7562.19 7645.51 1.98 8.08 164.88 499.00
cytb_200_2 1 0.7743547044129891 0.7769423558897243 0.22564529558701085 0.22305764411027573 (naive) 1.01 0.5108695652173914 190.1649 0:03:10 6564.31 123596.90 6221.77 6335.77 1.99 6.13 124.97 299.35
rrm_200_2 1 0.8053394996846752 0.7945385413066022 0.19466050031532478 0.20546145869339782 (naive) 0.9745222929936306 0.17117117117117117 173.9772 0:02:53 6479.02 123527.68 6135.34 6245.04 1.99 5.57 151.25 359.90
PDZ_200_0 1 0.8832565284178188 0.8819018404907976 0.11674347158218124 0.11809815950920244 (naive) 1.0 0.7373737373737373 179.3182 0:02:59 6550.58 123462.06 6206.89 6317.48 1.99 5.41 147.55 370.09
lyase_1_50_2 1 0.7039506172839506 0.7123938030984508 0.2960493827160494 0.2876061969015492 (naive) 1.0136986301369864 0.5268389662027833 412.0239 0:06:52 8214.39 123591.70 7869.66 7979.83 1.99 5.56 185.76 832.96
cys_50_2 1 0.9175851089884889 0.9119454755674558 0.08241489101151112 0.08805452443254425 (naive) 1.017667844522968 0.6268656716417911 313.7414 0:05:13 7417.26 123597.01 7073.03 7174.90 1.99 5.33 174.14 636.25
DMRL_synthase_500_2 1 0.9064846416382253 0.8877005347593583 0.09351535836177471 0.11229946524064172 (naive) 0.978021978021978 0.7041420118343196 212.2186 0:03:32 6915.46 123525.21 6888.62 6895.12 65.98 6.55 107.75 242.45
ghf10_500_1 1 0.9285473542298618 0.9266733938782374 0.07145264577013821 0.07332660612176256 (naive) 1.0054945054945055 0.8080495356037152 283.1646 0:04:43 8094.72 123535.89 7751.08 7862.04 1.98 7.95 156.56 487.74
zf-CCHH_100_3 1 0.8662147698894042 0.8631354425879844 0.13378523011059584 0.13686455741201564 (naive) 1.0256410256410255 0.6 171.1824 0:02:51 6330.83 123525.95 5986.97 6070.18 1.99 5.79 134.25 284.85
tim_500_2 1 0.9705084132440746 0.9719152020293531 0.029491586755925447 0.02808479797064689 (naive) 1.0076923076923077 0.9111969111969112 237.7077 0:03:57 7710.38 123599.79 7365.61 7479.10 1.98 7.65 156.67 435.50
tRNA-synt_2b_20_1 1 0.3357903357903358 0.308502633559067 0.6642096642096642 0.691497366440933 (naive) 0.860813704496788 0.029069767441860465 446.4530 0:07:26 7226.23 123591.68 6881.22 6990.93 1.99 5.41 205.59 993.43
Rhodanese_50_0 1 0.5178958785249458 0.5082490686535391 0.4821041214750542 0.49175093134646086 (naive) 0.9907407407407407 0.234375 253.1629 0:04:13 6672.38 123466.34 6342.46 6448.31 1.99 5.12 164.27 475.34
OTCace_200_0 1 0.9275747508305647 0.9369127516778524 0.07242524916943527 0.06308724832214763 (naive) 1.0171428571428571 0.8160237388724035 234.2626 0:03:54 7039.73 123587.61 6711.48 6790.59 1.99 6.05 166.17 445.91
hom_200_2 1 0.9362524146812621 0.9308578745198464 0.06374758531873792 0.06914212548015364 (naive) 0.9591836734693877 0.6666666666666666 174.8940 0:02:54 6354.23 123591.62 6007.53 6171.07 1.99 5.63 155.93 294.54
il8_500_1 1 0.8960158236790053 0.895509743010449 0.10398417632099466 0.10449025698955094 (naive) 0.9876543209876543 0.6233766233766234 163.1798 0:02:43 6480.18 123592.91 6136.26 6221.35 1.98 6.23 102.13 212.90
tRNA-synt_2b_20_0 1 0.1552006552006552 0.1409970238095238 0.8447993447993448 0.8590029761904762 (naive) 0.8329764453961456 0.0 438.4798 0:07:18 7194.80 123590.02 6866.82 7020.40 1.99 5.16 195.21 925.59
subt_50_2 1 0.6876208897485493 0.6770046929198122 0.3123791102514507 0.32299530708018775 (naive) 1.070048309178744 0.22959183673469388 398.8737 0:06:38 8185.55 123591.55 7840.18 7950.47 1.99 5.38 196.35 864.41
Sulfotransfer_20_3 1 0.5465553235908142 0.5427031509121062 0.45344467640918584 0.4572968490878938 (naive) 0.9422572178477691 0.21621621621621623 469.2755 0:07:49 7711.48 123655.60 7367.62 7531.08 1.99 5.37 190.46 977.57
gpdh_50_3 1 0.9633948817622286 0.9620444252749623 0.03660511823777135 0.037955574725037744 (naive) 1.0 0.888268156424581 339.0475 0:05:39 7026.96 123590.01 6681.52 6765.04 1.99 5.62 186.89 720.17
mofe_100_1 1 0.6401742788461539 0.6766714308400826 0.35982572115384615 0.32332856915991737 (naive) 1.0673234811165846 0.37358490566037733 374.2604 0:06:14 9358.17 123527.55 9328.96 9337.28 1.99 5.90 181.25 751.36
mofe_50_3 1 0.796875 0.8022991983058538 0.203125 0.19770080169414617 (naive) 1.0016420361247949 0.5867924528301887 438.5372 0:07:18 9660.18 123591.59 9330.11 9486.36 1.99 5.29 188.52 929.23
hom_500_1 1 0.9600772698003863 0.9563822963438101 0.039922730199613676 0.04361770365618989 (naive) 0.9591836734693877 0.6956521739130435 164.3240 0:02:44 6443.48 123593.04 6098.72 6209.49 1.98 6.30 115.69 225.55
hpr_50_3 1 1.0 1.0 0.0 0.0 (naive) 1.0 1.0 248.4280 0:04:08 6531.06 110946.39 6187.25 6350.65 505.99 5.14 135.40 314.66
tgfb_1000_1 1 0.8721518987341772 0.8928725701943845 0.1278481012658228 0.10712742980561551 (naive) 1.0423728813559323 0.4700854700854701 247.7275 0:04:07 6747.39 123533.08 6719.99 6726.70 1749.98 7.02 90.39 244.38
adh_100_0 1 0.9734228187919463 0.975517890772128 0.026577181208053746 0.024482109227871973 (naive) 1.008 0.9333333333333333 254.6737 0:04:14 6836.60 123596.86 6552.22 6684.13 1.99 5.57 162.81 507.88
uce_20_1 1 0.8921028466483012 0.8759354431521054 0.1078971533516988 0.12406455684789464 (naive) 0.9728260869565217 0.5180722891566265 310.0112 0:05:10 6875.79 123527.52 6532.05 6646.40 1.99 5.36 180.86 666.03
tms_500_3 1 0.963615472998851 0.9606720122184039 0.036384527001149025 0.039327987781596074 (naive) 0.9971988795518207 0.8596491228070176 301.1474 0:05:01 8169.15 123535.66 7823.26 7906.71 1.98 7.58 157.63 541.55
ltn_50_3 1 0.9529699605817589 0.9503863359089061 0.04703003941824113 0.04961366409109391 (naive) 1.01067615658363 0.758893280632411 344.6805 0:05:44 7540.08 123586.00 7216.66 7367.53 149.99 5.35 151.64 536.46
rvp_20_2 1 0.6982408660351827 0.6930826057756884 0.30175913396481735 0.30691739422431163 (naive) 1.0303030303030303 0.2882882882882883 281.5195 0:04:41 6594.01 123527.53 6248.75 6359.11 1.99 5.14 172.32 568.04
subt_100_0 1 0.7522105554020447 0.7509137300875802 0.24778944459795527 0.24908626991241978 (naive) 1.0144927536231885 0.3086734693877551 354.1011 0:05:54 8396.77 123527.55 8063.46 8166.99 1.99 5.73 203.17 818.87
rub_100_0 1 0.9836734693877551 0.9836734693877551 0.01632653061224487 0.01632653061224487 (naive) 1.0 0.9259259259259259 179.3876 0:02:59 6398.32 123653.98 6372.65 6380.04 1.99 5.40 134.44 337.97
asp_100_3 1 0.9065770407341813 0.9057749537521114 0.09342295926581867 0.09422504624788863 (naive) 1.0 0.660427807486631 326.0789 0:05:26 8552.42 123527.64 8232.71 8384.33 1.99 5.54 186.44 701.55
peroxidase_20_2 1 0.4996774193548387 0.5290300546448088 0.5003225806451612 0.4709699453551912 (naive) 1.1018276762402088 0.05157593123209169 480.2996 0:08:00 8114.16 123533.07 7780.18 7932.40 1.99 5.19 204.90 1062.04
kringle_20_2 1 0.9349911190053286 0.9235087719298246 0.06500888099467139 0.07649122807017539 (naive) 1.02 0.7078651685393258 260.5931 0:04:20 6532.66 123597.13 6187.46 6271.04 1.99 5.20 149.81 479.07
PDZ_100_3 1 0.8302611367127496 0.8347490347490347 0.1697388632872504 0.16525096525096528 (naive) 1.009090909090909 0.6161616161616161 194.3808 0:03:14 6537.57 123591.63 6194.21 6279.30 1.99 5.40 137.49 339.13
ghf10_20_2 1 0.688237276710482 0.782375478927203 0.31176272328951804 0.21762452107279695 (naive) 1.282967032967033 0.48297213622291024 453.4785 0:07:33 8121.64 123589.95 7777.19 7939.91 1.99 5.14 202.88 995.81
annexin_1000_0 1 1.0 1.0 0.0 0.0 (naive) 1.0 1.0 186.0842 0:03:06 6619.50 123599.73 6274.79 6438.40 1.97 6.92 138.88 298.42
tRNA-synt_2b_500_3 1 0.46846846846846846 0.47155812036273703 0.5315315315315315 0.528441879637263 (naive) 0.9207708779443254 0.2063953488372093 228.0490 0:03:48 7247.22 123527.89 6901.80 6989.76 1.98 6.85 134.21 347.51
OTCace_20_0 1 0.7372093023255814 0.7522033898305085 0.26279069767441865 0.2477966101694915 (naive) 1.0514285714285714 0.456973293768546 426.0752 0:07:06 7083.08 123462.07 6738.55 6848.37 1.99 5.43 201.78 942.88
hla_1000_0 1 1.0 1.0 0.0 0.0 (naive) 1.0 1.0 216.7363 0:03:36 7209.98 123592.93 6864.95 6948.09 1.98 8.20 126.51 339.96
oxidored_q6_500_3 1 0.9612403100775194 0.9664848012470771 0.03875968992248058 0.03351519875292286 (naive) 1.0105263157894737 0.8834586466165414 200.7843 0:03:20 6834.46 123535.79 6490.05 6602.83 1.98 6.21 116.75 311.77
tim_500_0 1 0.9886918762438937 0.9867280606717227 0.011308123756106347 0.013271939328277305 (naive) 1.0 0.9420849420849421 239.6266 0:03:59 7670.04 123528.75 7325.49 7435.46 1.98 7.91 151.75 420.72
biotin_lipoyl_500_2 1 0.9650655021834061 0.9484978540772532 0.03493449781659386 0.05150214592274682 (naive) 0.9553571428571429 0.8117647058823529 206.3691 0:03:26 6537.50 123590.64 6193.11 6356.46 133.98 6.53 107.04 237.81
hormone_rec_1000_1 1 0.7231612608497031 0.7470504955167532 0.2768387391502969 0.2529495044832468 (naive) 1.094155844155844 0.48398576512455516 249.4897 0:04:09 7383.77 111713.15 7054.91 7160.25 13.98 7.67 124.69 315.73
KAS_500_3 1 0.7958499266401173 0.8584671037757179 0.20415007335988267 0.1415328962242821 (naive) 1.113861386138614 0.575 225.5505 0:03:45 7496.00 123469.03 7150.31 7260.78 1.99 7.14 133.99 360.23
ghf1_50_2 1 0.9019960438770005 0.9022394100188866 0.0980039561229995 0.09776058998111337 (naive) 1.0124555160142348 0.6739562624254473 429.0930 0:07:09 10151.02 123468.96 9806.38 9890.66 1.99 5.23 195.30 919.39
DEATH_200_2 1 0.7148825065274151 0.7178814892501311 0.28511749347258486 0.28211851074986893 (naive) 1.0062893081761006 0.41935483870967744 188.6894 0:03:08 6566.46 123469.09 6222.02 6305.33 1.99 5.79 138.69 348.98
aadh_200_0 1 0.842308416494069 0.8589669738863287 0.15769158350593104 0.1410330261136713 (naive) 1.066420664206642 0.4897959183673469 282.6412 0:04:42 7732.66 123591.55 7404.04 7509.27 1.99 6.65 159.42 558.94
blmb_20_3 1 0.40971316818774445 0.39791073124406456 0.5902868318122556 0.6020892687559354 (naive) 0.9476744186046512 0.08727272727272728 411.4553 0:06:51 7310.46 123527.53 6965.04 7075.17 1.99 5.25 184.90 822.26
GEL_100_1 1 0.6059701492537314 0.6059701492537314 0.3940298507462686 0.3940298507462686 (naive) 1.08 0.2808219178082192 235.6431 0:03:55 6527.32 110993.24 6501.82 6508.49 125.99 5.45 134.85 322.77
biotin_lipoyl_500_0 1 0.9575795383655645 0.9411404046597179 0.04242046163443547 0.05885959534028207 (naive) 0.9553571428571429 0.8117647058823529 167.9555 0:02:47 6512.43 123530.62 6168.80 6278.89 1.98 6.74 99.87 216.42
tms_100_2 1 0.9605515128303332 0.9554285714285714 0.03944848716966676 0.044571428571428595 (naive) 1.0028011204481793 0.8526315789473684 286.7197 0:04:46 7983.09 123597.07 7894.73 7902.00 1.99 5.59 160.85 559.23
egf_200_2 1 0.7877267464299498 0.7769318614389037 0.21227325357005022 0.2230681385610963 (naive) 1.0422535211267605 0.36764705882352944 163.7684 0:02:43 6367.83 123466.30 6024.50 6134.56 1.99 5.52 117.44 256.18
cytb_500_0 1 0.829308909242298 0.8376787216148024 0.17069109075770195 0.1623212783851976 (naive) 1.02 0.5760869565217391 177.1590 0:02:57 6482.99 123535.63 6139.75 6252.12 1.98 6.55 144.22 287.90
msb_100_3 1 0.8285623409669212 0.8400515962592712 0.17143765903307884 0.15994840374072883 (naive) 1.0126582278481013 0.5379310344827586 211.0679 0:03:31 6685.95 123533.01 6341.90 6454.45 1.99 5.43 169.03 419.63
hla_1000_3 1 1.0 1.0 0.0 0.0 (naive) 1.0 1.0 218.0680 0:03:38 7186.81 123535.85 6842.48 6925.73 1.98 7.92 120.25 315.56
subt_1000_0 1 0.7792207792207793 0.8317357321928919 0.22077922077922074 0.16826426780710813 (naive) 1.2777777777777777 0.30357142857142855 554.2661 0:09:14 8654.93 114770.24 8622.38 8629.55 169.96 10.11 377.33 2076.03
gluts_500_2 1 0.9094210526315789 0.9110033215584963 0.09057894736842109 0.08899667844150372 (naive) 1.0212765957446808 0.7081545064377682 186.2056 0:03:06 6703.12 123592.79 6359.40 6442.77 1.98 6.42 149.11 340.44
KAS_200_0 1 0.7761475581639069 0.838351822503962 0.2238524418360931 0.161648177496038 (naive) 1.1163366336633664 0.565 243.8416 0:04:03 7428.12 123526.02 7083.93 7168.48 1.99 5.93 164.17 501.52
cyclo_100_3 1 0.8963210702341137 0.9038785834738617 0.10367892976588633 0.09612141652613826 (naive) 1.0098522167487685 0.7513227513227513 234.5878 0:03:54 7011.68 123469.00 6666.75 6781.32 1.99 5.54 173.66 502.56
sodcu_50_2 1 0.8850461133069829 0.8856295319709954 0.1149538866930171 0.11437046802900463 (naive) 1.0118343195266273 0.7349397590361446 257.5708 0:04:17 6848.73 123589.95 6504.86 6588.04 1.99 5.44 157.72 491.17
serpin_50_2 1 0.9420677361853832 0.9338372435456955 0.0579322638146168 0.06616275645430447 (naive) 0.9904076738609112 0.7939698492462312 391.4173 0:06:31 8830.49 123532.86 8485.56 8568.92 1.99 5.46 191.80 820.67
hla_20_1 1 1.0 1.0 0.0 0.0 (naive) 1.0 1.0 325.7248 0:05:25 7074.14 123527.59 6729.22 6842.76 1.99 5.42 190.99 667.79
rhv_500_3 1 0.3658443661301076 0.45994491677643395 0.6341556338698924 0.540055083223566 (naive) 1.3344017094017093 0.048943270300333706 219.8343 0:03:39 7181.69 123590.18 6837.42 7000.89 1.99 6.28 140.11 365.12
hormone_rec_50_2 1 0.735952489721334 0.7312755333635951 0.264047510278666 0.2687244666364049 (naive) 1.0551948051948052 0.47330960854092524 317.9222 0:05:17 7304.81 123463.62 6969.44 7075.42 1.99 5.33 173.96 627.07
ldh_1000_2 1 0.862283332114386 0.8618106063374876 0.13771666788561399 0.13818939366251237 (naive) 1.059299191374663 0.5486486486486486 210.8433 0:03:30 6935.18 123599.70 6589.95 6700.24 1.98 7.07 145.19 355.98
ghf1_20_3 1 0.7468081280345261 0.8785699174952402 0.2531918719654739 0.12143008250475984 (naive) 1.4199288256227758 0.5049701789264414 634.3793 0:10:34 10138.39 123527.47 9793.95 9906.46 1.99 5.10 189.55 1222.87
ghf10_1000_0 1 0.927536231884058 0.9269114179858539 0.07246376811594202 0.07308858201414614 (naive) 1.010989010989011 0.7925696594427245 345.6703 0:05:45 8219.16 123527.22 7873.63 7956.87 29.96 9.52 138.33 492.46
HMG_box_200_3 1 0.9730878186968839 0.9621848739495799 0.026912181303116123 0.037815126050420145 (naive) 1.0 0.8518518518518519 189.5426 0:03:09 6492.11 110891.89 6148.38 6231.48 69.99 5.41 99.75 193.90
Acetyltransf_200_0 1 0.5867523479980228 0.5682144566778363 0.4132476520019772 0.4317855433221637 (naive) 0.9606986899563319 0.2328042328042328 193.1470 0:03:13 6570.28 123533.02 6225.86 6339.48 1.99 5.84 144.68 357.04
myb_DNA-binding_50_2 1 0.9038076152304609 0.8930693069306931 0.09619238476953906 0.10693069306930691 (naive) 1.0 0.7142857142857143 219.8711 0:03:39 6417.14 123594.42 6390.90 6398.08 1.99 5.14 149.82 409.15
tim_1000_1 1 0.9860683915324769 0.9841097869266884 0.01393160846752306 0.01589021307331162 (naive) 1.0 0.9343629343629344 274.5355 0:04:34 7726.07 123594.53 7381.07 7490.86 1.97 9.16 163.44 496.36
HMG_box_200_2 1 0.9730878186968839 0.9621848739495799 0.026912181303116123 0.037815126050420145 (naive) 1.0 0.8518518518518519 196.1377 0:03:16 6475.92 110961.80 6148.45 6305.03 429.99 5.56 88.33 178.85
peroxidase_50_2 1 0.71 0.7157723577235773 0.29000000000000004 0.2842276422764227 (naive) 0.9973890339425587 0.35816618911174786 359.8818 0:05:59 7896.53 123527.61 7551.87 7664.59 1.99 5.37 193.98 774.15
asp_20_0 1 0.5882708098534858 0.6307725507121278 0.4117291901465142 0.3692274492878722 (naive) 1.231578947368421 0.0374331550802139 466.5386 0:07:46 8528.64 123463.63 8184.04 8279.02 1.99 5.03 195.55 1021.52
mmp_50_2 1 0.9588062211013031 0.9644820295983086 0.04119377889869691 0.03551797040169136 (naive) 1.0222222222222221 0.8875739644970414 324.4504 0:05:24 6990.25 123590.07 6644.90 6728.31 1.99 5.23 196.97 735.54
subt_1000_3 1 0.7599474993092015 0.7787215969420259 0.24005250069079853 0.22127840305797408 (naive) 1.1376811594202898 0.3112244897959184 433.0792 0:07:13 8570.70 123535.88 8225.25 8388.17 1.96 10.44 175.08 803.67
rhv_1000_1 1 0.36536813029812365 0.45262536873156345 0.6346318697018763 0.5473746312684366 (naive) 1.3162393162393162 0.042269187986651836 243.5461 0:04:03 7168.23 123594.57 6824.28 6938.01 1.98 7.52 148.21 411.60
kunitz_200_0 1 0.9536633663366336 0.9536633663366336 0.04633663366336638 0.04633663366336638 (naive) 1.0 0.7833333333333333 168.7663 0:02:48 6425.87 123654.10 6081.68 6169.43 1.99 5.46 111.93 220.13
lyase_1_20_0 1 0.2674074074074074 0.4168591224018476 0.7325925925925926 0.5831408775981524 (naive) 1.5068493150684932 0.007952286282306162 533.0477 0:08:53 8295.58 123463.60 7967.61 8066.05 1.99 5.24 202.67 1176.22
annexin_20_0 1 0.9851914533530781 0.9862346463362982 0.014808546646921883 0.013765353663701796 (naive) 1.0030959752321982 0.9528301886792453 392.8971 0:06:32 6532.29 123461.14 6187.18 6293.90 1.99 4.96 199.01 878.01
il8_50_2 1 0.9335970613167561 0.9241958041958042 0.06640293868324387 0.07580419580419584 (naive) 0.9753086419753086 0.7012987012987013 211.4129 0:03:31 6485.59 123527.52 6140.93 6224.15 1.99 5.28 152.33 380.57
tRNA-synt_2b_500_2 1 0.4959049959049959 0.473046875 0.5040950040950041 0.526953125 (naive) 0.8950749464668094 0.2238372093023256 222.0636 0:03:42 7245.74 123530.39 6900.80 6986.08 1.98 7.50 143.90 363.54
HMG_box_1000_0 1 0.9518413597733711 0.9545454545454546 0.04815864022662886 0.045454545454545414 (naive) 1.0112359550561798 0.8148148148148148 176.6535 0:02:56 6071.96 123656.73 5726.90 5810.04 1.97 7.36 125.93 297.85
gpdh_20_0 1 0.9380196523053665 0.9402532741638705 0.06198034769463345 0.0597467258361295 (naive) 1.0055555555555555 0.8296089385474861 468.4105 0:07:48 6978.74 111358.88 6633.95 6747.99 613.99 5.44 181.92 852.72
LIM_1000_0 1 0.9564516129032258 0.9657980456026058 0.04354838709677422 0.03420195439739415 (naive) 1.0116279069767442 0.8658536585365854 169.0187 0:02:49 6487.80 123466.34 6144.39 6228.93 1.97 7.18 110.20 246.31
cys_500_2 1 0.9358927259368112 0.9353200342675315 0.06410727406318883 0.06467996573246848 (naive) 1.010600706713781 0.6977611940298507 244.6830 0:04:04 7607.71 123535.77 7262.80 7426.87 1.98 7.95 164.00 421.24
rrm_200_0 1 0.8059000770793918 0.7908272020903527 0.19409992292060818 0.20917279790964727 (naive) 0.9681528662420382 0.17117117117117117 176.6660 0:02:56 6522.46 123590.09 6178.94 6342.32 1.99 5.61 155.50 329.53
uce_100_2 1 0.9104683195592287 0.9021017195887544 0.08953168044077131 0.0978982804112456 (naive) 0.9836956521739131 0.5662650602409639 211.2010 0:03:31 6841.02 123591.61 6496.41 6579.55 1.99 5.69 169.54 440.71
cryst_20_2 1 0.8208533484035038 0.8381419503750721 0.17914665159649623 0.1618580496249279 (naive) 1.0625 0.4585635359116022 336.0578 0:05:36 6572.64 123532.85 6228.20 6341.53 1.99 5.16 180.88 686.01
kringle_200_2 1 0.9314387211367673 0.9245416078984485 0.06856127886323271 0.07545839210155147 (naive) 1.02 0.7640449438202247 209.0416 0:03:29 6519.54 123589.87 6176.70 6339.91 421.99 5.65 114.62 262.33
rvp_500_0 1 0.5832205683355887 0.7437446074201898 0.41677943166441134 0.2562553925798102 (naive) 1.553030303030303 0.15315315315315314 175.9484 0:02:55 6629.14 123468.84 6284.16 6394.02 1.99 6.10 129.52 242.37
rhv_20_0 1 0.4492808838937042 0.5317326118814113 0.5507191161062959 0.4682673881185887 (naive) 1.3450854700854702 0.15350389321468297 671.4896 0:11:11 7598.17 123596.85 7560.72 7568.11 1.99 5.19 213.52 1515.37
il8_500_0 1 0.9033625317886409 0.9018335684062059 0.0966374682113591 0.09816643159379412 (naive) 0.9876543209876543 0.6103896103896104 159.3570 0:02:39 6492.36 123528.84 6148.05 6261.85 1.98 6.00 120.39 218.25
DMRL_synthase_20_3 1 0.9044368600682594 0.8780649436713055 0.09556313993174059 0.1219350563286945 (naive) 0.9560439560439561 0.7041420118343196 318.4014 0:05:18 6890.36 123589.09 6545.48 6697.69 1.99 5.22 168.65 603.45
Sulfotransfer_100_0 1 0.6977035490605428 0.69828666945257 0.30229645093945723 0.30171333054743 (naive) 0.979002624671916 0.38175675675675674 301.0192 0:05:01 7876.50 123525.31 7531.70 7644.00 1.99 5.57 174.39 589.11
kunitz_50_0 1 0.9893069306930693 0.9893069306930693 0.010693069306930703 0.010693069306930703 (naive) 1.0 0.95 208.4422 0:03:28 6425.43 123469.18 6080.88 6165.27 1.99 5.21 157.01 410.18
Ald_Xan_dh_2_50_3 1 0.16241081487044687 0.18516536444396875 0.8375891851295532 0.8148346355560312 (naive) 1.2700564971751414 0.06370192307692307 350.5406 0:05:50 6982.86 123653.97 6637.19 6794.71 1.99 5.20 183.75 731.59
int_20_1 1 0.3195991091314031 0.33547632963179425 0.6804008908685969 0.6645236703682058 (naive) 1.1278538812785388 0.09900990099009901 357.2319 0:05:57 7106.66 123527.59 6761.58 6871.63 1.99 5.26 190.86 753.82
aadh_50_1 1 0.3501223874976464 0.5890085524231866 0.6498776125023535 0.4109914475768134 (naive) 1.5498154981549817 0.011337868480725623 407.8700 0:06:47 7742.82 123527.59 7397.52 7482.10 1.99 5.20 189.01 882.71
rrm_100_1 1 0.8376427720552169 0.8173116368111583 0.16235722794478313 0.18268836318884174 (naive) 0.9808917197452229 0.18018018018018017 198.7129 0:03:18 6496.02 123591.53 6152.62 6244.07 1.99 5.29 120.60 296.12
tms_1000_1 1 0.9670624281884336 0.9659525631216527 0.032937571811566424 0.034047436878347326 (naive) 1.0 0.8771929824561403 362.9758 0:06:02 8229.39 123535.89 7884.17 7994.10 1.98 9.35 167.29 660.04
kunitz_500_2 1 0.9857425742574257 0.9857425742574257 0.01425742574257427 0.01425742574257427 (naive) 1.0 0.9333333333333333 186.1781 0:03:06 6445.48 123620.92 6101.25 6212.09 97.98 6.10 90.33 183.78
blmb_500_1 1 0.6727509778357236 0.6916890080428955 0.3272490221642764 0.30831099195710454 (naive) 1.0145348837209303 0.4218181818181818 229.6498 0:03:49 7370.36 123592.72 7025.21 7188.77 1.98 7.05 135.35 366.03
Acetyltransf_500_1 1 0.7098368759268413 0.6744950681070925 0.2901631240731587 0.3255049318929075 (naive) 0.9344978165938864 0.31216931216931215 203.7507 0:03:23 6564.61 112325.36 6221.06 6331.65 29.98 6.35 131.11 272.94
msb_20_3 1 0.8543256997455471 0.836239103362391 0.14567430025445294 0.16376089663760895 (naive) 1.0126582278481013 0.5172413793103449 306.6357 0:05:06 6680.78 123526.10 6336.65 6498.42 1.99 5.25 173.12 614.47
cytb_50_1 1 0.7968359700249792 0.7988313856427379 0.2031640299750208 0.20116861435726208 (naive) 1.0 0.532608695652174 237.0792 0:03:57 6545.51 123532.92 6201.12 6284.35 1.99 5.47 167.55 461.51
tRNA-synt_2b_100_1 1 0.5184275184275184 0.49145962732919257 0.48157248157248156 0.5085403726708074 (naive) 0.8822269807280514 0.20930232558139536 306.6175 0:05:06 7158.42 111563.52 6813.34 6905.73 589.99 5.63 151.62 469.77
Ald_Xan_dh_2_50_2 1 0.23075478783327075 0.2733236962081619 0.7692452121667293 0.7266763037918381 (naive) 1.3096045197740114 0.08052884615384616 349.0190 0:05:49 6987.38 123527.57 6642.09 6752.22 1.99 5.38 172.78 697.64
biotin_lipoyl_1000_2 1 0.9538365564566438 0.9374616799509503 0.04616344354335622 0.06253832004904969 (naive) 0.9553571428571429 0.8 187.1551 0:03:07 6595.83 123530.36 6251.63 6415.00 1.97 7.37 121.08 260.60
LIM_200_2 1 0.9435483870967742 0.9653465346534653 0.056451612903225756 0.034653465346534684 (naive) 1.0348837209302326 0.8414634146341463 166.7289 0:02:46 6447.82 123525.97 6104.38 6216.76 1.99 5.58 122.66 235.92
peroxidase_100_1 1 0.7129032258064516 0.7337317397078353 0.2870967741935484 0.26626826029216466 (naive) 1.0261096605744124 0.45558739255014324 297.7211 0:04:57 7695.72 123527.55 7350.26 7433.91 1.99 5.68 184.57 630.44
msb_100_2 1 0.8419211195928753 0.8500321130378934 0.1580788804071247 0.1499678869621066 (naive) 1.0126582278481013 0.5517241379310345 214.6233 0:03:34 6688.41 123591.70 6344.15 6427.32 1.99 5.85 151.87 400.69
Sulfotransfer_50_3 1 0.7244258872651357 0.734858110969928 0.2755741127348643 0.26514188903007196 (naive) 1.0078740157480315 0.41216216216216217 340.3661 0:05:40 7806.85 123527.62 7461.81 7626.41 1.99 5.48 183.68 693.76
hla_1000_2 1 1.0 1.0 0.0 0.0 (naive) 1.0 1.0 240.2942 0:04:00 7242.14 123592.65 6898.09 7061.29 5.98 7.45 117.63 301.42
annexin_100_0 1 0.993653480008462 0.9957600169599322 0.006346519991538013 0.004239983040067785 (naive) 1.0061919504643964 0.9811320754716981 208.4710 0:03:28 6493.57 123655.63 6149.64 6314.04 1.99 5.50 163.82 415.29
cyclo_500_3 1 0.8841973244147158 0.8958068614993647 0.11580267558528423 0.10419313850063527 (naive) 1.0394088669950738 0.7354497354497355 230.3631 0:03:50 7081.39 111423.61 6737.70 6901.92 133.98 7.63 151.90 355.67
cryst_100_0 1 0.7838372421588019 0.9158137999339716 0.2161627578411981 0.0841862000660284 (naive) 1.4375 0.3314917127071823 219.5114 0:03:39 6560.88 123461.05 6215.77 6325.76 1.99 5.38 145.85 397.58
HLH_500_2 1 0.9224555735056543 0.9314845024469821 0.07754442649434568 0.06851549755301789 (naive) 1.0108695652173914 0.8571428571428571 167.1552 0:02:47 6449.30 123592.78 6105.71 6190.98 1.98 6.16 109.90 216.79
oxidored_q6_200_0 1 0.9550387596899225 0.9651390520955738 0.04496124031007753 0.034860947904426176 (naive) 1.024561403508772 0.8796992481203008 209.5822 0:03:29 6803.02 123527.83 6462.22 6568.41 1.99 5.72 162.56 388.28
PDZ_1000_1 1 0.8817204301075269 0.8837567359507313 0.11827956989247312 0.11624326404926866 (naive) 1.009090909090909 0.7373737373737373 179.0823 0:02:59 6650.46 123592.76 6321.69 6427.61 1.96 7.45 136.19 303.39
Ald_Xan_dh_2_200_2 1 0.8528914757791964 0.8504961617674592 0.14710852422080356 0.14950383823254076 (naive) 1.0090395480225989 0.6574519230769231 212.8480 0:03:32 6801.67 123591.58 6456.11 6539.69 1.99 5.74 149.31 435.13
adh_500_1 1 0.978255033557047 0.9848648648648649 0.021744966442952984 0.015135135135135092 (naive) 1.016 0.944 222.6607 0:03:42 6886.72 123459.88 6542.77 6675.56 21.98 6.51 110.28 251.12
sodfe_1000_0 1 0.9151298456906285 0.9030640668523677 0.0848701543093715 0.09693593314763227 (naive) 0.9908675799086758 0.6650717703349283 182.7079 0:03:02 6690.25 123593.52 6345.57 6509.36 1.98 7.26 134.01 287.06
PDZ_500_0 1 0.879416282642089 0.8862229102167183 0.12058371735791096 0.11377708978328172 (naive) 1.0 0.7575757575757576 189.0696 0:03:09 6568.35 110999.30 6224.38 6337.61 109.98 6.56 101.66 193.02
cys_50_0 1 0.8890521675238795 0.8824601920505653 0.1109478324761205 0.11753980794943475 (naive) 1.017667844522968 0.5746268656716418 298.8072 0:04:58 7440.17 123463.72 7095.36 7178.82 1.99 5.37 186.44 634.14
blm_200_1 1 0.8871259568545581 0.8913438679904908 0.11287404314544192 0.10865613200950919 (naive) 1.0255474452554745 0.7153558052434457 315.3300 0:05:15 8356.47 123523.75 8259.54 8266.82 373.99 5.98 138.31 449.22
tgfb_20_2 1 0.7957805907172996 0.7944397641112048 0.20421940928270044 0.20556023588879524 (naive) 1.0254237288135593 0.4358974358974359 284.1737 0:04:44 6636.41 123526.05 6291.04 6403.71 1.99 5.15 168.58 557.02
cyclo_50_3 1 0.8908862876254181 0.8999155405405406 0.1091137123745819 0.10008445945945943 (naive) 1.019704433497537 0.7301587301587301 307.7609 0:05:07 7000.72 111427.01 6656.48 6788.76 141.99 5.36 152.06 472.77
ltn_1000_0 1 0.942979475329618 0.9510590170676537 0.05702052467038199 0.04894098293234628 (naive) 1.0604982206405693 0.7233201581027668 282.4702 0:04:42 7714.03 123599.74 7368.76 7451.97 1.97 9.04 155.47 482.78
flav_1000_2 1 0.8477970627503337 0.8550269299820467 0.15220293724966627 0.14497307001795334 (naive) 1.0163934426229508 0.5714285714285714 208.9811 0:03:28 6888.92 123663.80 6544.65 6632.33 1.97 7.48 145.52 369.62
KAS_50_3 1 0.7271012366380214 0.7310853530031612 0.2728987633619786 0.26891464699683876 (naive) 0.9975247524752475 0.4675 360.2719 0:06:00 7382.32 123463.60 7036.98 7148.71 1.99 5.23 196.62 799.54
flav_500_0 1 0.8655985758789497 0.871415770609319 0.13440142412105027 0.12858422939068104 (naive) 1.0273224043715847 0.6285714285714286 187.7094 0:03:07 6903.57 123466.31 6560.05 6723.90 1.98 6.32 128.60 298.28
annexin_500_2 1 1.0 1.0 0.0 0.0 (naive) 1.0 1.0 172.4662 0:02:52 6513.31 123594.32 6169.98 6254.66 1.98 6.54 143.99 313.99
p450_20_3 1 0.29134279251490847 0.33211439287388655 0.7086572074850915 0.6678856071261134 (naive) 1.69921875 0.002004008016032064 557.3903 0:09:17 9655.39 123591.77 9311.66 9423.52 1.99 5.44 205.95 1229.50
ghf13_500_3 1 0.631969044634585 0.6387221151198017 0.36803095536541497 0.3612778848801983 (naive) 1.0463258785942493 0.2546689303904924 340.4191 0:05:40 8559.21 123533.26 8214.38 8325.30 1.98 7.11 164.51 624.64
blm_50_2 1 0.81892832289492 0.8437051907083453 0.18107167710508 0.15629480929165473 (naive) 1.102189781021898 0.599250936329588 364.8527 0:06:04 8216.31 123591.53 7871.95 8031.45 1.99 5.17 187.62 750.03
gpdh_20_3 1 0.8685887053233992 0.8749184250598216 0.13141129467660084 0.12508157494017835 (naive) 1.0166666666666666 0.7122905027932961 463.5180 0:07:43 6976.82 123589.93 6632.42 6743.64 1.99 5.26 189.74 971.39
Sulfotransfer_200_0 1 0.7198329853862213 0.7289640591966173 0.2801670146137787 0.27103594080338267 (naive) 1.0026246719160106 0.4391891891891892 259.1220 0:04:19 7941.47 123523.50 7596.16 7679.33 1.99 6.62 148.09 495.31
PDZ_100_2 1 0.8287250384024577 0.8236641221374046 0.1712749615975423 0.1763358778625954 (naive) 0.9818181818181818 0.6161616161616161 211.3874 0:03:31 6546.67 123589.96 6203.54 6286.71 1.99 5.53 153.60 437.20
GEL_200_2 1 0.6865671641791045 0.6744868035190615 0.31343283582089554 0.32551319648093846 (naive) 1.0066666666666666 0.3424657534246575 183.3922 0:03:03 6580.30 123533.16 6261.52 6362.81 1.99 5.59 145.86 307.76
Rhodanese_50_2 1 0.6420824295010846 0.630793819925413 0.35791757049891537 0.36920618007458705 (naive) 1.0046296296296295 0.40625 247.5740 0:04:07 6654.71 123527.75 6310.24 6420.27 1.99 5.21 158.93 490.18
tim_100_0 1 0.9758458476569568 0.9768178936883093 0.02415415234304319 0.02318210631169071 (naive) 1.0115384615384615 0.8996138996138996 254.4749 0:04:14 7600.13 123527.63 7255.90 7368.34 1.99 5.35 160.73 497.43
tim_200_0 1 0.9895965261443821 0.9881662149954833 0.010403473855617906 0.011833785004516706 (naive) 1.0 0.9498069498069498 226.0923 0:03:46 7614.34 123591.62 7270.66 7434.08 1.99 5.81 150.66 392.25
blm_200_0 1 0.8840640222686151 0.8961625282167043 0.11593597773138486 0.10383747178329572 (naive) 1.051094890510949 0.6816479400749064 272.6133 0:04:32 8470.46 123654.08 8124.73 8208.34 1.99 6.58 171.76 521.87
rvp_1000_2 1 0.6718538565629228 0.8604852686308492 0.32814614343707715 0.13951473136915082 (naive) 1.5681818181818181 0.15315315315315314 200.4824 0:03:20 6632.52 111054.38 6288.75 6375.62 245.98 6.80 123.02 251.60
cryst_100_3 1 0.7937270415371573 0.923405654174885 0.20627295846284266 0.07659434582511504 (naive) 1.4322916666666667 0.3314917127071823 221.9784 0:03:41 6571.27 123525.96 6227.47 6341.73 1.99 5.71 147.69 392.17
serpin_20_3 1 0.7964943553178847 0.8357231920199502 0.2035056446821153 0.16427680798004984 (naive) 1.158273381294964 0.5452261306532663 492.5188 0:08:12 9006.70 123591.59 8662.30 8772.90 1.99 5.35 196.47 1066.40
hormone_rec_50_0 1 0.7089995431703975 0.6975280898876405 0.2910004568296025 0.3024719101123595 (naive) 1.0422077922077921 0.41637010676156583 329.3299 0:05:29 7315.43 123591.54 6975.79 7135.04 1.99 5.54 195.93 707.87
sodfe_100_1 1 0.8904779826872412 0.8828358208955224 0.10952201731275879 0.11716417910447763 (naive) 0.9954337899543378 0.6267942583732058 213.2394 0:03:33 6576.71 123653.03 6231.08 6316.66 1.99 5.27 155.69 416.81
biotin_lipoyl_20_3 1 0.9295071740486588 0.9135499693439607 0.07049282595134121 0.08645003065603929 (naive) 0.9553571428571429 0.7764705882352941 293.5217 0:04:53 6522.57 110978.40 6189.89 6296.76 41.99 5.06 157.71 467.69
p450_50_0 1 0.5129755295085339 0.515647608417049 0.48702447049146613 0.48435239158295096 (naive) 1.078125 0.28857715430861725 423.1784 0:07:03 9657.71 123525.96 9313.63 9427.02 1.99 5.31 192.85 925.03
ghf13_50_1 1 0.3649245190473595 0.5408723747980614 0.6350754809526404 0.4591276252019386 (naive) 1.549520766773163 0.11714770797962648 416.8524 0:06:56 8437.59 123590.04 8092.83 8257.34 1.99 5.46 201.11 925.93
ghf10_20_3 1 0.8719245028648467 0.8725126475548061 0.12807549713515332 0.12748735244519394 (naive) 1.0164835164835164 0.6965944272445821 448.5673 0:07:28 8186.92 123596.95 7842.66 8006.62 1.99 5.32 206.93 1001.44
Sulfotransfer_20_1 1 0.2559498956158664 0.2788898999090082 0.7440501043841337 0.7211101000909919 (naive) 1.188976377952756 0.0 450.2360 0:07:30 7782.12 123532.86 7436.29 7547.53 1.99 5.24 208.05 994.64
ghf5_100_1 1 0.5852342408633799 0.5775841200677801 0.41476575913662006 0.42241587993221985 (naive) 1.0382978723404255 0.27249357326478146 309.5433 0:05:09 8089.74 123655.61 7744.29 7854.40 1.99 5.70 170.95 617.73
adh_20_2 1 0.9570469798657718 0.9591068065644337 0.04295302013422819 0.0408931934355663 (naive) 1.0053333333333334 0.8986666666666666 463.0221 0:07:43 6809.64 123525.93 6464.86 6575.65 1.99 5.21 193.61 964.31
Acetyltransf_500_3 1 0.7009391992090954 0.676204101096805 0.2990608007909046 0.32379589890319505 (naive) 0.9606986899563319 0.328042328042328 214.5232 0:03:34 6607.79 123656.40 6262.77 6346.01 201.98 6.43 103.08 236.54
cah_500_0 1 0.8678756476683938 0.8796498905908097 0.13212435233160624 0.12035010940919033 (naive) 1.0573476702508962 0.6494464944649446 233.0217 0:03:53 7673.91 123528.91 7329.36 7412.54 1.98 7.87 163.15 438.77
int_50_1 1 0.5690423162583519 0.583000570450656 0.4309576837416481 0.416999429549344 (naive) 1.08675799086758 0.29207920792079206 293.3365 0:04:53 7102.62 111539.39 6758.45 6854.03 301.99 5.17 160.29 474.88
blm_50_3 1 0.920946416144746 0.9425925925925925 0.07905358385525396 0.05740740740740746 (naive) 1.0766423357664234 0.7865168539325843 402.9279 0:06:42 8146.11 123596.91 7801.05 7961.07 1.99 5.31 188.02 825.36
Ald_Xan_dh_2_500_1 1 0.8382463387157342 0.8445095999243356 0.16175366128426583 0.1554904000756644 (naive) 1.0214689265536723 0.6298076923076923 194.4104 0:03:14 6816.12 123663.77 6496.99 6647.92 1.98 6.86 132.54 292.03
ldh_500_1 1 0.8647699846412638 0.8552312755415717 0.13523001535873624 0.14476872445842826 (naive) 1.0 0.5459459459459459 197.8684 0:03:17 6960.33 123591.00 6615.30 6729.41 1.98 6.86 120.63 281.40
mofe_20_3 1 0.48422475961538464 0.47734004739336494 0.5157752403846154 0.5226599526066351 (naive) 0.9556650246305419 0.15283018867924528 616.5523 0:10:16 9805.65 123596.84 9460.44 9624.88 1.99 5.27 199.57 1317.15
tRNA-synt_2b_50_3 1 0.49467649467649466 0.4655105973025048 0.5053235053235053 0.5344894026974951 (naive) 0.9250535331905781 0.17151162790697674 326.7974 0:05:26 7151.89 123591.56 6806.51 6916.62 1.99 5.32 188.01 696.25
hom_20_3 1 0.7527366387636832 0.7503209242618742 0.24726336123631676 0.24967907573812576 (naive) 0.8979591836734694 0.2753623188405797 258.0475 0:04:18 6453.71 123526.11 6108.46 6218.81 1.99 5.05 147.69 483.95
rvp_20_0 1 0.6826792963464141 0.6744652406417112 0.3173207036535859 0.3255347593582888 (naive) 1.0 0.17117117117117117 281.0376 0:04:41 6597.07 123591.53 6251.71 6335.20 1.99 5.07 167.97 549.87
cys_200_1 1 0.9142174871418075 0.9122067448680352 0.0857825128581925 0.08779325513196479 (naive) 1.017667844522968 0.6417910447761194 238.9886 0:03:58 7494.25 123596.89 7150.33 7313.73 1.99 6.05 165.01 436.23
hr_200_3 1 1.0 1.0 0.0 0.0 (naive) 1.0 1.0 171.3028 0:02:51 6487.90 123527.66 6145.23 6308.24 1.99 5.36 119.96 270.56
peroxidase_50_1 1 0.6793548387096774 0.6927631578947369 0.3206451612903226 0.30723684210526314 (naive) 1.0391644908616189 0.33810888252148996 358.5355 0:05:58 7719.63 123530.36 7400.06 7538.10 1.99 5.21 189.07 762.62
HLH_1000_0 1 0.8836833602584814 0.9334470989761092 0.11631663974151862 0.06655290102389078 (naive) 1.1956521739130435 0.6547619047619048 174.3855 0:02:54 6426.66 123466.33 6082.99 6166.27 1.98 7.32 167.31 344.44
HMG_box_1000_2 1 0.9730878186968839 0.9621848739495799 0.026912181303116123 0.037815126050420145 (naive) 1.0 0.8518518518518519 171.1997 0:02:51 6443.80 123594.41 6102.54 6266.08 1.98 7.34 139.87 283.45
gpdh_50_2 1 0.8992549400712666 0.9236912156166814 0.1007450599287334 0.07630878438331856 (naive) 1.0722222222222222 0.7597765363128491 318.1879 0:05:18 7029.54 123589.91 6685.50 6800.13 1.99 5.57 177.57 636.42
icd_200_1 1 0.9230101302460203 0.9275741710296684 0.0769898697539797 0.07242582897033156 (naive) 1.0069284064665127 0.8016528925619835 290.4614 0:04:50 8969.69 123591.69 8625.27 8735.09 1.99 5.96 150.46 491.50
OTCace_1000_3 1 0.9511627906976744 0.9549699799866578 0.0488372093023256 0.04503002001334222 (naive) 1.0085714285714287 0.8397626112759644 245.2527 0:04:05 7093.89 123599.83 6749.03 6912.66 1.97 8.54 139.10 387.86
sdr_100_0 1 0.7666280289231109 0.7545089091699261 0.23337197107688912 0.24549109083007392 (naive) 1.0554016620498614 0.2586750788643533 279.9105 0:04:39 7112.79 111521.87 6767.29 6850.78 9.99 5.44 151.05 423.70
sdr_100_3 1 0.7713197549263123 0.7608624632473048 0.22868024507368767 0.23913753675269522 (naive) 1.0858725761772854 0.305993690851735 261.0549 0:04:21 7091.64 123527.59 6747.21 6910.83 1.99 5.61 164.43 515.44
icd_100_3 1 0.9151953690303908 0.9213286713286714 0.08480463096960922 0.07867132867132864 (naive) 1.0161662817551964 0.7768595041322314 329.3160 0:05:29 8884.11 123596.85 8539.68 8647.46 1.99 5.50 181.48 678.75
peroxidase_500_0 1 0.6751612903225807 0.7219730941704036 0.32483870967741935 0.27802690582959644 (naive) 1.1383812010443863 0.34097421203438394 265.0378 0:04:25 7794.25 123656.88 7449.27 7559.23 1.98 7.30 175.32 512.33
rrm_50_1 1 0.8254502137201317 0.8001630213286238 0.17454978627986828 0.19983697867137618 (naive) 0.9171974522292994 0.18018018018018017 222.4323 0:03:42 6497.02 123533.24 6153.27 6263.21 1.99 5.32 152.43 430.67
gluts_200_2 1 0.9329473684210526 0.92966906172969 0.06705263157894736 0.07033093827031 (naive) 0.9957446808510638 0.7467811158798283 213.1761 0:03:33 6689.03 123523.48 6663.32 6670.51 1.99 5.75 160.59 396.61
sdr_1000_1 1 0.8195617375945244 0.8031155344006924 0.18043826240547556 0.1968844655993076 (naive) 1.0554016620498614 0.334384858044164 254.0314 0:04:14 7172.88 111544.02 6843.47 6949.68 25.96 8.67 120.08 310.72
ace_20_0 1 0.44731928514270475 0.5017953321364452 0.5526807148572952 0.4982046678635548 (naive) 1.2133333333333334 0.1972318339100346 659.0784 0:10:59 11047.10 123527.66 10702.16 10816.06 1.99 5.22 207.00 1441.67
p450_1000_1 1 0.6819658646925766 0.6913487596414426 0.3180341353074234 0.3086512403585574 (naive) 1.13671875 0.28857715430861725 388.4946 0:06:28 9329.99 123594.36 8985.27 9148.62 1.96 10.81 170.44 725.31
gluts_1000_1 1 0.8621578947368421 0.8725829648963938 0.13784210526315788 0.12741703510360625 (naive) 1.0425531914893618 0.6351931330472103 229.5359 0:03:49 6785.17 123524.52 6440.19 6550.19 321.96 8.21 168.36 402.03
lyase_1_500_0 1 0.76 0.7668161434977578 0.24 0.23318385650224216 (naive) 1.00587084148728 0.5825049701789264 326.2293 0:05:26 8386.10 123462.24 8040.82 8151.10 1.98 8.20 166.76 585.52
gpdh_50_0 1 0.9554043839758125 0.9536538046992886 0.04459561602418749 0.04634619530071138 (naive) 0.9972222222222222 0.8743016759776536 320.8424 0:05:20 7013.08 123461.93 6667.97 6778.93 1.99 5.24 180.36 677.81
Rhodanese_100_1 1 0.6090021691973969 0.5970228601807549 0.3909978308026031 0.4029771398192451 (naive) 1.0231481481481481 0.3229166666666667 247.1560 0:04:07 6629.32 111152.15 6285.57 6406.73 25.99 5.46 131.45 329.84
lyase_1_100_1 1 0.774320987654321 0.7806821010704506 0.225679012345679 0.21931789892954945 (naive) 1.0195694716242663 0.6043737574552683 343.5201 0:05:43 8243.90 112664.51 7898.61 8010.74 21.99 5.25 164.02 568.44
subt_500_3 1 0.7870268029842498 0.7961009014045141 0.21297319701575024 0.20389909859548594 (naive) 1.0845410628019323 0.29081632653061223 314.1155 0:05:14 8536.16 123530.32 8191.51 8301.67 1.98 8.09 153.48 560.50
tms_100_1 1 0.9735733435465339 0.9724560061208876 0.02642665645346609 0.02754399387911244 (naive) 1.0 0.8947368421052632 365.4647 0:06:05 8082.87 112534.09 7737.19 7847.42 13.99 5.55 172.09 629.70
Sulfotransfer_20_2 1 0.5828810020876827 0.5658694770976895 0.4171189979123173 0.43413052290231047 (naive) 0.973753280839895 0.18243243243243243 453.8461 0:07:33 7733.80 123660.87 7388.72 7476.78 1.99 5.34 198.47 997.34
hr_1000_0 1 0.9914285714285714 0.9914285714285714 0.008571428571428563 0.008571428571428563 (naive) 1.0 0.9493670886075949 163.9479 0:02:43 6514.59 123789.52 6170.41 6254.91 1.98 6.39 123.78 263.14
DMRL_synthase_1000_0 1 0.9078498293515358 0.8932169241101411 0.0921501706484642 0.10678307588985891 (naive) 0.989010989010989 0.6923076923076923 202.8344 0:03:22 6965.45 123530.40 6620.44 6730.57 1.97 7.91 147.40 373.81
phc_20_2 1 0.7359095193213949 0.7565891472868217 0.2640904806786051 0.2434108527131783 (naive) 1.0670391061452513 0.45251396648044695 338.7969 0:05:38 6973.47 123589.93 6628.69 6792.52 1.99 5.14 183.98 693.71
int_20_3 1 0.3574610244988864 0.3687535898908673 0.6425389755011136 0.6312464101091326 (naive) 1.1050228310502284 0.1782178217821782 372.2822 0:06:12 7039.50 123590.05 6694.84 6858.02 1.99 5.23 185.66 748.20
sdr_200_3 1 0.8128277308605177 0.7953551174723198 0.18717226913948226 0.2046448825276802 (naive) 1.0277008310249307 0.3312302839116719 230.0369 0:03:50 7116.01 123597.01 6772.02 6884.83 1.99 5.75 137.73 402.20
LIM_50_0 1 0.9661290322580646 0.9661290322580646 0.03387096774193543 0.03387096774193543 (naive) 1.0 0.8536585365853658 208.8250 0:03:28 6453.05 123597.04 6108.60 6218.58 1.99 5.19 153.63 420.13
cys_500_1 1 0.9160543717854519 0.9139837497709085 0.0839456282145481 0.08601625022909154 (naive) 1.017667844522968 0.6044776119402985 235.7665 0:03:55 7549.79 123592.79 7205.01 7368.44 1.98 8.08 160.37 418.28
zf-CCHH_50_2 1 0.881198715661791 0.8783783783783784 0.11880128433820902 0.1216216216216216 (naive) 1.0769230769230769 0.5428571428571428 190.5976 0:03:10 6349.05 123533.00 6004.53 6089.05 1.99 5.57 130.19 362.19
aat_100_0 1 0.8283985430619198 0.8220240177218141 0.17160145693808015 0.1779759822781859 (naive) 1.0294117647058822 0.5254988913525499 356.5786 0:05:56 9011.21 113462.93 8667.13 8830.37 101.99 5.43 166.48 595.24
sodfe_200_3 1 0.8966879939781709 0.8906542056074767 0.1033120060218291 0.10934579439252334 (naive) 1.0091324200913243 0.645933014354067 186.8020 0:03:06 6602.52 123527.75 6278.55 6431.95 1.99 5.62 137.76 352.49
rhv_50_3 1 0.4103247928374131 0.5707472178060413 0.5896752071625869 0.4292527821939587 (naive) 1.5491452991452992 0.05672969966629588 396.2083 0:06:36 7388.64 123532.85 7043.18 7207.14 1.99 5.48 201.65 864.83
tim_500_1 1 0.9765695675773476 0.9762163139808283 0.023430432422652414 0.02378368601917169 (naive) 1.0038461538461538 0.9073359073359073 235.8355 0:03:55 7710.48 123535.65 7366.19 7530.42 1.98 7.75 149.47 431.23
sodcu_200_2 1 0.8837285902503293 0.8843111404087014 0.11627140974967065 0.1156888595912986 (naive) 1.0059171597633136 0.7228915662650602 221.5072 0:03:41 6929.57 111362.33 6586.25 6685.53 69.99 5.80 113.44 256.15
egf_1000_0 1 0.7483597066769587 0.7403589156166476 0.2516402933230413 0.2596410843833524 (naive) 1.1549295774647887 0.3235294117647059 166.1481 0:02:46 6397.90 123592.82 6056.40 6170.34 1.96 6.93 99.27 208.95
aat_1000_0 1 0.844142873927858 0.8477786300076701 0.15585712607214197 0.15222136999232994 (naive) 1.046218487394958 0.5986696230598669 445.4417 0:07:25 9084.20 123654.11 8740.09 8903.57 57.96 10.38 167.62 769.73
ghf13_100_0 1 0.6381274183879231 0.6249132732027539 0.3618725816120769 0.3750867267972461 (naive) 0.9952076677316294 0.26825127334465193 347.2008 0:05:47 8388.36 123654.18 8043.53 8158.36 1.99 5.70 179.52 705.88
serpin_100_1 1 0.920479302832244 0.915222528554549 0.079520697167756 0.084777471445451 (naive) 0.9952038369304557 0.7512562814070352 369.3479 0:06:09 8978.50 113434.82 8649.69 8773.31 661.99 5.65 158.71 586.95
DEATH_200_1 1 0.7676240208877284 0.7696335078534031 0.2323759791122716 0.23036649214659688 (naive) 1.0062893081761006 0.4435483870967742 189.1230 0:03:09 6566.62 123591.79 6223.49 6306.67 1.99 5.89 137.66 324.21
msb_200_0 1 0.8333333333333334 0.8443441830486625 0.16666666666666663 0.15565581695133746 (naive) 1.0253164556962024 0.5862068965517241 192.4996 0:03:12 6689.76 123596.88 6361.68 6517.13 1.99 5.48 138.16 298.21
cryst_50_2 1 0.9121220683808986 0.9110922946655376 0.0878779316191014 0.08890770533446235 (naive) 1.0 0.6685082872928176 256.7748 0:04:16 6571.42 123718.09 6250.18 6404.42 1.99 5.22 161.61 476.28
mofe_100_2 1 0.7131911057692307 0.7278442195645507 0.2868088942307693 0.2721557804354493 (naive) 1.026272577996716 0.4528301886792453 375.6876 0:06:15 9584.05 123596.88 9240.18 9405.68 1.99 5.56 171.77 741.56
il8_500_2 1 0.9132523311669963 0.9081202584995786 0.08674766883300367 0.09187974150042144 (naive) 0.9753086419753086 0.6493506493506493 163.6711 0:02:43 6461.86 123594.38 6118.79 6206.53 1.98 6.12 107.71 220.65
sdr_50_1 1 0.7775569906717448 0.762159822539631 0.22244300932825523 0.237840177460369 (naive) 1.0609418282548477 0.2902208201892745 311.1396 0:05:11 7144.05 123655.54 6799.07 6905.97 1.99 5.51 184.83 641.63
rub_20_2 1 0.9918367346938776 0.9918367346938776 0.008163265306122436 0.008163265306122436 (naive) 1.0 0.9629629629629629 233.9775 0:03:53 6422.95 123591.52 6078.18 6191.75 1.99 5.38 154.98 453.07
cah_100_2 1 0.8765112262521589 0.8784076157507572 0.12348877374784106 0.12159238424924279 (naive) 1.021505376344086 0.6715867158671587 259.1720 0:04:19 7528.34 123590.02 7183.61 7293.48 1.99 5.50 157.83 532.76
annexin_500_3 1 1.0 1.0 0.0 0.0 (naive) 1.0 1.0 172.1730 0:02:52 6496.37 123594.44 6154.45 6237.71 1.98 6.45 138.51 280.32
gpdh_200_2 1 0.9503293380844401 0.9493042821702081 0.04967066191555991 0.050695717829791875 (naive) 1.0055555555555555 0.8575418994413407 219.7695 0:03:39 6985.57 123589.96 6641.34 6731.71 1.99 5.58 159.07 410.95
sodcu_50_0 1 0.8712121212121212 0.8709252551860388 0.12878787878787878 0.1290747448139612 (naive) 1.0059171597633136 0.7228915662650602 254.9987 0:04:14 6885.56 123597.19 6540.98 6653.72 1.99 5.50 163.73 477.75
tgfb_100_3 1 0.8514767932489451 0.8839246605343846 0.1485232067510549 0.11607533946561543 (naive) 1.0677966101694916 0.38461538461538464 193.9211 0:03:13 6625.57 123532.95 6282.30 6366.71 1.99 5.59 137.95 348.08
blmb_1000_3 1 0.6958930899608866 0.7222598105548038 0.3041069100391134 0.2777401894451962 (naive) 1.0348837209302326 0.44727272727272727 247.4197 0:04:07 7364.56 123590.38 7338.55 7344.99 1.96 8.61 140.07 388.99
rvp_100_2 1 0.8071718538565629 0.8001341381623072 0.19282814614343713 0.19986586183769284 (naive) 1.0075757575757576 0.5315315315315315 218.0630 0:03:38 6597.19 111055.99 6254.74 6339.08 57.99 5.39 122.56 268.05
aadh_500_3 1 0.8376953492750895 0.8706457925636008 0.16230465072491052 0.12935420743639925 (naive) 1.1254612546125462 0.47165532879818595 293.2361 0:04:53 7773.47 123594.40 7712.43 7720.80 1.98 8.29 198.63 615.84
hla_100_0 1 1.0 1.0 0.0 0.0 (naive) 1.0 1.0 252.4464 0:04:12 7067.85 123650.05 6724.25 6887.55 49.99 5.39 131.41 340.41
gluts_200_3 1 0.8520526315789474 0.8598364138517102 0.1479473684210526 0.14016358614828983 (naive) 1.0382978723404255 0.592274678111588 198.6771 0:03:18 6656.52 123527.68 6312.89 6396.15 1.99 5.75 143.19 333.50
hla_50_3 1 1.0 1.0 0.0 0.0 (naive) 1.0 1.0 255.7223 0:04:15 7039.22 123591.54 6695.04 6804.45 1.99 5.23 158.46 504.62
Sulfotransfer_1000_1 1 0.7482254697286013 0.7694289394589953 0.25177453027139873 0.23057106054100474 (naive) 1.0393700787401574 0.43243243243243246 306.9953 0:05:06 7969.75 123591.93 7624.92 7735.75 1.96 9.80 217.55 715.13
lyase_1_20_3 1 0.44098765432098763 0.5320226392612452 0.5590123456790124 0.46797736073875484 (naive) 1.2407045009784736 0.15308151093439365 531.8105 0:08:51 8646.89 123590.00 8302.61 8416.68 1.99 5.36 206.78 1157.31
ghf13_20_3 1 0.21003869420676877 0.24727319389195432 0.7899613057932312 0.7527268061080457 (naive) 1.2476038338658146 0.0 596.4420 0:09:56 9053.48 123527.82 8708.71 8816.61 1.99 5.39 220.20 1367.95
il8_1000_0 1 0.8810398417632099 0.8800451594693762 0.11896015823679007 0.11995484053062377 (naive) 0.9876543209876543 0.5844155844155844 167.5623 0:02:47 6506.32 123590.68 6162.73 6245.94 1.97 6.42 104.96 240.29
p450_100_2 1 0.3568579066419905 0.4807202216066482 0.6431420933580094 0.5192797783933518 (naive) 1.767578125 0.002004008016032064 373.2817 0:06:13 9073.79 113465.56 8728.73 8843.53 5.99 5.56 165.21 621.47
il8_200_0 1 0.883017801638881 0.8795384182381086 0.116982198361119 0.12046158176189137 (naive) 0.9876543209876543 0.5844155844155844 169.5353 0:02:49 6460.54 123532.90 6118.32 6229.17 1.99 5.55 111.53 236.76
hla_200_2 1 1.0 1.0 0.0 0.0 (naive) 1.0 1.0 209.6123 0:03:29 7074.80 123527.62 6730.71 6894.26 1.99 5.66 155.17 371.73
gpdh_20_2 1 0.893639995680812 0.902213016461354 0.10636000431918802 0.09778698353864601 (naive) 1.0444444444444445 0.7150837988826816 508.8784 0:08:28 6970.28 123586.09 6943.37 6950.64 149.99 5.20 194.28 1006.65
ghf5_100_2 1 0.5773853323522198 0.5731677623569515 0.4226146676477802 0.42683223764304845 (naive) 1.023404255319149 0.2776349614395887 323.1467 0:05:23 8179.05 123596.87 7834.12 7997.76 1.99 5.60 203.55 727.49
aldosered_50_1 1 0.937312936481543 0.9291247733641008 0.06268706351845699 0.07087522663589918 (naive) 0.9792746113989638 0.7507692307692307 360.4160 0:06:00 8135.76 123655.63 8102.61 8109.20 1.99 5.38 195.70 765.33
annexin_20_2 1 0.994711233340385 0.9978777589134126 0.005288766659614974 0.0021222410865874286 (naive) 1.0092879256965945 0.9842767295597484 397.7428 0:06:37 6520.93 123533.02 6175.88 6340.42 1.99 5.15 189.81 845.73
Acetyltransf_50_0 1 0.6500247157686604 0.6316042267050913 0.3499752842313396 0.3683957732949087 (naive) 0.9606986899563319 0.2275132275132275 281.0809 0:04:41 6557.54 110963.65 6212.90 6296.49 73.99 5.45 144.53 407.28
Ald_Xan_dh_2_100_3 1 0.8314870446864439 0.8296955503512881 0.16851295531355615 0.17030444964871194 (naive) 1.0022598870056496 0.6201923076923077 275.6568 0:04:35 6815.46 111197.89 6470.59 6634.84 181.99 5.82 152.97 426.71
egf_20_0 1 0.7055191045928213 0.6890312853373539 0.2944808954071787 0.3109687146626461 (naive) 1.028169014084507 0.25 252.7673 0:04:12 6397.03 123596.84 6052.09 6163.04 1.99 5.61 152.59 439.74
hom_20_1 1 0.8023180940115905 0.7901077996195307 0.1976819059884095 0.2098922003804693 (naive) 0.9081632653061225 0.2463768115942029 265.7311 0:04:25 6455.36 123660.98 6111.01 6224.50 1.99 5.20 163.19 506.26
asp_50_0 1 0.8981242956045725 0.8960324471929966 0.10187570439542748 0.10396755280700343 (naive) 0.9973684210526316 0.6443850267379679 408.4097 0:06:48 8607.38 123655.77 8285.54 8436.12 1.99 5.47 185.22 790.24
int_500_0 1 0.7733853006681515 0.7798989331836047 0.22661469933184852 0.2201010668163953 (naive) 1.0182648401826484 0.5346534653465347 206.8028 0:03:26 7183.29 123530.38 6838.45 6948.50 1.98 6.33 152.55 353.25
flav_100_0 1 0.7823765020026703 0.7994542974079127 0.21762349799732972 0.20054570259208726 (naive) 1.0491803278688525 0.44 218.0104 0:03:38 6820.14 123469.12 6476.38 6639.53 1.99 5.29 164.32 443.26
annexin_100_2 1 0.9851914533530781 0.9872800508797965 0.014808546646921883 0.012719949120203466 (naive) 1.0061919504643964 0.9559748427672956 212.2711 0:03:32 6527.83 123527.53 6183.11 6293.25 1.99 5.46 158.57 429.31
hormone_rec_500_1 1 0.7469164001827319 0.7441966317705963 0.25308359981726813 0.25580336822940375 (naive) 1.0357142857142858 0.501779359430605 214.6451 0:03:34 7364.71 123530.39 7019.72 7103.13 1.98 7.38 153.22 368.38
HMG_box_100_1 1 0.9674220963172805 0.9619718309859155 0.03257790368271951 0.038028169014084456 (naive) 1.0112359550561798 0.8395061728395061 212.6103 0:03:32 6493.59 110959.10 6150.37 6234.90 245.99 5.45 118.89 257.60
egf_200_3 1 0.76572751833269 0.7578304048892284 0.23427248166730996 0.24216959511077163 (naive) 1.1267605633802817 0.3382352941176471 161.6390 0:02:41 6370.68 123589.98 6027.40 6137.34 1.99 5.58 141.23 274.72
biotin_lipoyl_20_0 1 0.8820960698689956 0.8669527896995708 0.11790393013100442 0.1330472103004292 (naive) 0.9464285714285714 0.6235294117647059 280.3216 0:04:40 6514.31 123525.95 6169.17 6273.37 1.99 5.41 156.97 493.43
blm_500_0 1 0.872651356993737 0.8823529411764706 0.12734864300626303 0.11764705882352944 (naive) 1.032846715328467 0.6666666666666666 322.9550 0:05:22 8599.62 123594.44 8255.45 8338.70 1.98 8.00 205.53 722.73
int_200_1 1 0.8017817371937639 0.8085345311622684 0.1982182628062361 0.19146546883773163 (naive) 1.0365296803652968 0.5297029702970297 248.8975 0:04:08 7130.24 111474.26 7104.57 7111.16 173.99 6.15 118.58 298.12
flav_100_3 1 0.7316421895861148 0.7465940054495913 0.2683578104138852 0.2534059945504087 (naive) 1.0437158469945356 0.36 222.5113 0:03:42 6819.16 123589.97 6492.03 6647.26 1.99 5.72 151.09 392.74
HMG_box_20_3 1 0.8512747875354107 0.8585714285714285 0.14872521246458925 0.14142857142857146 (naive) 1.0112359550561798 0.654320987654321 254.4550 0:04:14 6491.16 123653.21 6146.10 6256.27 1.99 4.98 155.35 479.68
aldosered_500_3 1 0.916860658463585 0.9276581426648721 0.083139341536415 0.07234185733512788 (naive) 1.0129533678756477 0.7323076923076923 304.4821 0:05:04 8173.74 123464.73 7828.94 7938.73 1.98 8.45 169.92 553.56
Rhodanese_500_2 1 0.7218004338394793 0.7113842864778194 0.27819956616052066 0.28861571352218063 (naive) 1.0277777777777777 0.3645833333333333 205.6356 0:03:25 6629.16 123529.19 6288.68 6373.10 41.98 6.46 119.92 264.16
aldosered_200_0 1 0.90305952776854 0.9129265422760128 0.09694047223145996 0.08707345772398722 (naive) 1.0466321243523315 0.6676923076923077 256.8270 0:04:16 8093.01 123589.98 7749.12 7912.36 1.99 5.85 148.22 447.85
HMG_box_20_1 1 0.8484419263456091 0.8472418670438473 0.1515580736543909 0.1527581329561527 (naive) 1.0112359550561798 0.5802469135802469 262.4055 0:04:22 6488.61 123591.54 6144.16 6254.09 1.99 5.14 169.08 518.78
proteasome_200_3 1 0.8305711128890921 0.8172752493064407 0.16942888711090787 0.1827247506935593 (naive) 1.0097087378640777 0.31724137931034485 219.3277 0:03:39 7199.40 123589.96 7138.75 7146.36 1.99 6.10 152.28 377.05
DMRL_synthase_50_2 1 0.9296928327645051 0.9007936507936508 0.0703071672354949 0.09920634920634919 (naive) 0.945054945054945 0.7396449704142012 246.9066 0:04:06 6845.63 123654.03 6501.40 6612.18 1.99 5.65 162.58 480.04
rub_50_2 1 0.9918367346938776 0.9918367346938776 0.008163265306122436 0.008163265306122436 (naive) 1.0 0.9629629629629629 201.3834 0:03:21 6411.29 123596.87 6067.55 6231.13 1.99 5.35 160.54 395.69
ghf13_200_1 1 0.5983977328464767 0.6068309936995689 0.4016022671535233 0.39316900630043106 (naive) 1.0463258785942493 0.23938879456706283 297.1362 0:04:57 8506.14 123525.12 8160.64 8270.73 1.99 5.83 206.76 699.99
rvp_100_0 1 0.7185385656292287 0.715633423180593 0.2814614343707713 0.284366576819407 (naive) 1.0378787878787878 0.2702702702702703 209.8437 0:03:29 6587.84 111049.15 6243.83 6353.85 5.99 5.32 133.77 281.54
HMG_box_100_0 1 0.9645892351274787 0.9537815126050421 0.03541076487252126 0.04621848739495793 (naive) 1.0 0.8148148148148148 189.5747 0:03:09 6501.39 123661.01 6157.83 6322.12 1.99 5.75 145.66 344.02
uce_1000_2 1 0.9183654729109274 0.9135001826817684 0.0816345270890726 0.08649981731823164 (naive) 1.016304347826087 0.6325301204819277 210.8740 0:03:30 6937.99 123535.81 6594.45 6756.82 1.97 7.76 128.11 343.95
tim_50_1 1 0.9629998190700199 0.9650077055570665 0.03700018092998014 0.0349922944429335 (naive) 1.0076923076923077 0.8957528957528957 314.1029 0:05:14 7609.92 123589.95 7265.61 7379.02 1.99 5.39 169.97 641.72
ghf10_500_2 1 0.9352881698685541 0.9371833839918946 0.06471183013144588 0.0628166160081054 (naive) 1.0192307692307692 0.804953560371517 293.3401 0:04:53 8279.97 123599.70 7935.58 8047.55 1.98 7.64 185.07 587.11
DEATH_100_3 1 0.6903394255874674 0.6950578338590957 0.3096605744125326 0.3049421661409043 (naive) 1.0125786163522013 0.3629032258064516 209.0000 0:03:29 6543.00 123596.95 6198.32 6281.58 1.99 5.47 161.55 404.23
hla_500_1 1 1.0 1.0 0.0 0.0 (naive) 1.0 1.0 188.0908 0:03:08 7138.47 123527.75 6794.66 6906.58 1.98 6.47 135.90 308.79
ghf5_100_3 1 0.5874417463821437 0.5720085980415572 0.41255825361785625 0.42799140195844276 (naive) 0.997872340425532 0.26735218508997427 327.0638 0:05:27 8211.52 112699.77 7865.90 7955.96 337.99 5.62 167.83 553.80
Acetyltransf_1000_2 1 0.7414730598121602 0.7274490785645005 0.25852694018783984 0.2725509214354995 (naive) 1.017467248908297 0.3386243386243386 189.1688 0:03:09 6678.05 123533.86 6333.64 6443.37 1.96 7.17 131.23 293.85
mmp_100_0 1 0.9676334594367382 0.9733615221987315 0.032366540563261825 0.02663847780126849 (naive) 1.0055555555555555 0.8994082840236687 266.8937 0:04:26 6981.56 123594.29 6636.36 6747.33 1.99 5.50 184.83 562.60
hla_1000_1 1 1.0 1.0 0.0 0.0 (naive) 1.0 1.0 213.0154 0:03:33 7212.84 123528.80 6868.07 6978.07 1.98 7.69 127.57 325.20
LIM_20_1 1 0.9548387096774194 0.9736842105263158 0.04516129032258065 0.02631578947368418 (naive) 1.0232558139534884 0.8414634146341463 253.6394 0:04:13 6461.13 123525.93 6116.90 6227.03 1.99 5.43 153.11 469.82
serpin_200_2 1 0.9489998019409784 0.9426519771788314 0.05100019805902156 0.057348022821168576 (naive) 0.9952038369304557 0.8165829145728644 334.3032 0:05:34 8852.55 113147.16 8508.20 8671.55 129.99 6.77 153.66 518.63
rhv_100_2 1 0.27107343556529195 0.455943607818007 0.728926564434708 0.544056392181993 (naive) 1.7884615384615385 0.03781979977753059 294.0519 0:04:54 7186.30 123526.07 6841.66 7005.14 1.99 5.47 230.45 729.50
tRNA-synt_2b_200_2 1 0.5462735462735463 0.5281076801266825 0.4537264537264537 0.4718923198733175 (naive) 0.8907922912205567 0.2877906976744186 235.2321 0:03:55 7154.43 123468.93 6810.10 6893.60 1.99 6.12 158.47 438.46
biotin_lipoyl_500_1 1 0.9563318777292577 0.9509925558312655 0.04366812227074235 0.04900744416873448 (naive) 0.9910714285714286 0.8235294117647058 161.7783 0:02:41 6538.99 123599.71 6194.96 6282.23 1.98 6.14 116.73 234.78
sodcu_200_1 1 0.8906455862977603 0.8962545575074577 0.10935441370223975 0.10374544249254225 (naive) 1.0118343195266273 0.7289156626506024 250.3997 0:04:10 6923.82 111289.86 6580.82 6744.34 521.99 5.89 99.74 250.63
ghf5_50_0 1 0.4441991660534707 0.4327359617682198 0.5558008339465292 0.5672640382317802 (naive) 0.9936170212765958 0.11825192802056556 391.2456 0:06:31 8151.54 123533.05 8124.82 8131.52 1.99 5.24 201.81 853.11
msb_200_2 1 0.823791348600509 0.8338699291693497 0.17620865139949105 0.16613007083065034 (naive) 1.0063291139240507 0.5517241379310345 190.5651 0:03:10 6709.45 123533.01 6365.57 6475.79 1.99 6.37 126.50 303.24
cryst_500_3 1 0.9324667985306584 0.9290540540540541 0.06753320146934161 0.07094594594594594 (naive) 1.0 0.7292817679558011 204.3044 0:03:24 6496.38 123533.45 6154.97 6239.61 21.98 6.68 118.03 253.36
lyase_1_20_2 1 0.5103703703703704 0.5743262017227008 0.48962962962962964 0.42567379827729923 (naive) 1.213307240704501 0.23061630218687873 538.1300 0:08:58 8268.23 123596.84 7943.78 8094.81 1.99 5.33 209.80 1201.84
Rhodanese_200_2 1 0.7364425162689805 0.7121132669113791 0.2635574837310195 0.2878867330886209 (naive) 0.9722222222222222 0.4947916666666667 193.2418 0:03:13 6658.96 123463.63 6315.58 6398.80 1.99 5.84 144.87 340.46
tms_1000_3 1 0.9471466870930678 0.9548262548262548 0.05285331290693218 0.04517374517374517 (naive) 1.011204481792717 0.8175438596491228 403.0689 0:06:43 8155.39 123599.80 7810.61 7929.36 1.98 8.63 170.16 732.28
cah_1000_0 1 0.8873056994818653 0.8958151700087184 0.11269430051813467 0.10418482999128165 (naive) 1.039426523297491 0.6863468634686347 287.3074 0:04:47 7661.07 123663.86 7331.96 7438.12 1.97 8.38 148.29 480.72
OTCace_500_0 1 0.9388704318936877 0.9464166108506363 0.061129568106312315 0.05358338914936367 (naive) 1.0257142857142858 0.8545994065281899 211.8639 0:03:31 7107.79 123469.14 6762.71 6926.13 1.98 6.88 142.06 364.55
cytb_100_1 1 0.7885095753538718 0.795798319327731 0.21149042464612822 0.20420168067226896 (naive) 1.02 0.5543478260869565 208.0388 0:03:28 6538.11 123527.62 6194.07 6306.18 1.99 5.33 168.90 434.16
blmb_20_1 1 0.30182529335071706 0.29322355921469284 0.6981747066492829 0.7067764407853072 (naive) 0.9040697674418605 0.07272727272727272 412.2918 0:06:52 7382.81 123591.52 7037.85 7150.34 1.99 5.48 184.59 832.97
cah_500_1 1 0.8860103626943006 0.8976377952755905 0.11398963730569944 0.10236220472440949 (naive) 1.0465949820788532 0.6863468634686347 235.2750 0:03:55 7642.35 123592.79 7298.27 7386.14 1.98 7.39 152.21 436.71
egf_100_0 1 0.7715167888846005 0.7641437308868502 0.2284832111153995 0.23585626911314983 (naive) 1.0704225352112675 0.22058823529411764 183.6178 0:03:03 6375.23 123590.22 6031.29 6114.45 1.99 5.44 144.70 340.54
tRNA-synt_2b_50_1 1 0.4201474201474201 0.38848920863309355 0.5798525798525799 0.6115107913669064 (naive) 0.8479657387580299 0.11918604651162791 358.8540 0:05:58 7163.22 123523.74 6818.07 6981.73 553.99 5.34 165.07 607.85
hom_1000_3 1 0.948486799742434 0.9430217669654289 0.051513200257566005 0.05697823303457106 (naive) 0.9591836734693877 0.6811594202898551 191.2335 0:03:11 6474.60 110848.20 6131.07 6218.83 229.97 7.22 98.50 173.73
kunitz_100_3 1 0.9489108910891089 0.9519268970997219 0.051089108910891134 0.04807310290027811 (naive) 1.0 0.8 188.3502 0:03:08 6438.15 123526.02 6093.61 6187.17 13.99 5.45 123.64 280.79
kringle_100_2 1 0.8866785079928952 0.8866785079928952 0.11332149200710484 0.11332149200710484 (naive) 1.07 0.6853932584269663 216.0956 0:03:36 6533.28 111058.20 6189.04 6301.52 261.99 5.60 117.47 254.95
subt_500_1 1 0.7811550151975684 0.7951620842416145 0.21884498480243164 0.2048379157583855 (naive) 1.108695652173913 0.3137755102040816 360.6739 0:06:00 8607.87 123656.72 8262.45 8345.97 1.98 8.44 230.62 865.16
ghf10_500_3 1 0.9285473542298618 0.9288604180714768 0.07145264577013821 0.07113958192852321 (naive) 1.0164835164835164 0.8018575851393189 299.8087 0:04:59 8207.09 123658.45 7862.64 8025.90 1.98 7.20 175.46 562.42
annexin_50_0 1 0.9695367040406178 0.9753138965737391 0.03046329595938224 0.024686103426260875 (naive) 1.0154798761609907 0.9182389937106918 268.7382 0:04:28 6519.56 123533.07 6174.20 6284.08 5.99 5.59 172.59 528.98
cytb_20_1 1 0.7293921731890092 0.7442650807136788 0.2706078268109908 0.2557349192863212 (naive) 1.05 0.34782608695652173 316.9134 0:05:16 6553.94 123591.62 6209.61 6373.08 1.99 5.29 169.28 628.15
tms_500_2 1 0.9578705476828802 0.9600767754318618 0.04212945231711984 0.03992322456813824 (naive) 1.011204481792717 0.8596491228070176 270.0071 0:04:30 8114.62 123528.75 7769.16 7852.36 1.98 8.19 154.39 451.45
aat_20_1 1 0.513041945717307 0.5719806130468955 0.486958054282693 0.4280193869531045 (naive) 1.3550420168067228 0.017738359201773836 570.1498 0:09:30 8896.82 113381.89 8865.43 8871.38 461.99 5.05 202.83 1157.41
peroxidase_1000_3 1 0.6954838709677419 0.7705503931379557 0.3045161290322581 0.2294496068620443 (naive) 1.1436031331592689 0.46131805157593125 347.2879 0:05:47 7854.14 123592.83 7532.83 7683.61 1.96 9.99 155.05 579.84
DEATH_20_0 1 0.6976501305483028 0.6904392764857881 0.3023498694516972 0.30956072351421193 (naive) 1.0 0.4032258064516129 332.6192 0:05:32 6566.48 111095.13 6221.38 6306.72 89.99 5.22 162.67 541.93
kringle_200_3 1 0.9413854351687388 0.932441942294159 0.05861456483126115 0.067558057705841 (naive) 1.01 0.797752808988764 174.5559 0:02:54 6446.58 123533.15 6103.07 6266.53 1.99 5.66 137.18 303.74
peroxidase_500_1 1 0.7506451612903225 0.7840296495956873 0.24935483870967745 0.21597035040431267 (naive) 1.052219321148825 0.42406876790830944 269.3267 0:04:29 7844.89 123594.41 7499.64 7582.93 1.98 8.61 161.45 482.73
gpdh_100_1 1 0.9541086275780153 0.9536967080410146 0.04589137242198471 0.046303291958985415 (naive) 1.0027777777777778 0.8743016759776536 257.1611 0:04:17 6955.56 123591.62 6610.78 6715.77 1.99 5.53 148.85 479.22
PDZ_200_2 1 0.9155145929339478 0.9176289453425712 0.08448540706605223 0.08237105465742878 (naive) 1.0 0.7777777777777778 176.5814 0:02:56 6546.42 123533.09 6204.16 6313.97 1.99 5.23 146.30 356.48
tgfb_20_3 1 0.8105485232067511 0.8030936454849499 0.18945147679324892 0.19690635451505012 (naive) 0.9915254237288136 0.38461538461538464 271.5098 0:04:31 6608.71 123660.91 6264.12 6424.71 1.99 5.00 181.74 562.77
myb_DNA-binding_500_1 1 0.9519038076152304 0.9405940594059405 0.04809619238476959 0.05940594059405946 (naive) 1.0 0.8035714285714286 160.9155 0:02:40 6423.75 123526.33 6078.43 6161.89 1.98 6.00 114.70 238.86
msb_1000_1 1 0.8632315521628499 0.8774652440995797 0.13676844783715014 0.12253475590042029 (naive) 1.0126582278481013 0.5862068965517241 190.3179 0:03:10 6793.66 123594.66 6449.06 6533.58 1.96 7.71 130.11 265.69
ldh_500_0 1 0.8667812477144737 0.8598636000870638 0.13321875228552627 0.14013639991293625 (naive) 1.0107816711590296 0.5459459459459459 199.2834 0:03:19 6955.14 123655.30 6610.82 6720.68 1.98 6.49 118.73 282.25
aldosered_200_1 1 0.9186897239773861 0.9339080459770115 0.08131027602261387 0.06609195402298851 (naive) 1.0155440414507773 0.7323076923076923 267.3104 0:04:27 8168.31 123587.79 7823.13 7935.83 1.99 5.94 173.20 511.90
uce_100_3 1 0.9084481175390267 0.9029755385177072 0.09155188246097334 0.09702446148229282 (naive) 0.9782608695652174 0.5421686746987951 246.0170 0:04:06 6864.93 123528.94 6838.80 6845.21 225.99 5.23 129.50 340.06
proteasome_1000_0 1 0.8236750866765725 0.8146738516034217 0.17632491332342748 0.18532614839657835 (naive) 1.0161812297734627 0.3413793103448276 227.7419 0:03:47 7255.74 123663.97 6910.59 7023.93 1.97 8.43 120.49 338.06
kunitz_200_3 1 0.9786138613861386 0.9786138613861386 0.021386138613861405 0.021386138613861405 (naive) 1.0 0.9 163.5236 0:02:43 6433.96 123596.95 6106.67 6212.55 1.99 5.53 106.15 288.60
rub_500_0 1 0.9918367346938776 0.9918367346938776 0.008163265306122436 0.008163265306122436 (naive) 1.0 0.9629629629629629 169.5963 0:02:49 5750.04 110647.24 5407.39 5492.51 5.98 5.75 111.13 193.21
asp_100_1 1 0.8902753179842215 0.8928268679610867 0.10972468201577845 0.10717313203891332 (naive) 1.0210526315789474 0.6417112299465241 329.0641 0:05:29 8573.70 123525.98 8228.45 8338.56 1.99 5.48 187.91 723.05
uce_20_0 1 0.8773186409550046 0.8611086074808473 0.12268135904499544 0.13889139251915272 (naive) 0.9945652173913043 0.3132530120481928 312.7919 0:05:12 6883.22 123655.96 6538.72 6650.24 1.99 5.52 180.98 624.77
cys_20_2 1 0.8174748959098702 0.8195825659914058 0.18252510409012979 0.18041743400859422 (naive) 1.0742049469964665 0.5111940298507462 385.5112 0:06:25 7393.84 123591.52 7049.21 7212.78 1.99 5.48 209.64 890.13
uce_500_3 1 0.9086317722681359 0.9090491502067065 0.09136822773186415 0.09095084979329349 (naive) 1.0326086956521738 0.6204819277108434 203.0687 0:03:23 6845.63 111251.64 6502.80 6632.29 93.98 6.75 122.17 253.62
kringle_20_1 1 0.9293072824156305 0.9172510518934082 0.07069271758436946 0.08274894810659184 (naive) 1.0 0.7415730337078652 269.9648 0:04:29 6510.69 123718.00 6166.08 6276.62 1.99 5.11 168.45 528.54
ace_500_1 1 0.8667644705254735 0.8808620222282462 0.13323552947452655 0.11913797777175383 (naive) 1.055 0.6626297577854672 631.9240 0:10:31 11455.80 123530.33 11121.13 11226.47 1.98 7.89 188.55 1240.19
rhv_500_0 1 0.35260501000095246 0.45423312883435585 0.6473949899990475 0.5457668711656442 (naive) 1.3985042735042734 0.048943270300333706 216.1888 0:03:36 7183.22 123591.65 6837.61 6921.09 1.99 6.26 149.30 372.98
gluts_20_2 1 0.7496842105263158 0.75968 0.25031578947368416 0.24031999999999998 (naive) 1.0340425531914894 0.4248927038626609 366.0564 0:06:06 7325.85 123525.93 6980.62 7144.48 1.99 5.44 187.48 799.86
hr_200_2 1 1.0 1.0 0.0 0.0 (naive) 1.0 1.0 167.4102 0:02:47 6486.64 123525.96 6142.41 6252.15 1.99 5.46 138.45 283.81
ghf10_500_0 1 0.9052915402763735 0.911744738628649 0.09470845972362651 0.08825526137135098 (naive) 1.0412087912087913 0.7585139318885449 301.9017 0:05:01 8207.23 123592.86 7862.55 7975.92 1.98 7.62 176.18 568.10
ace_200_3 1 0.8224859962656709 0.8330406591922194 0.17751400373432913 0.16695934080778063 (naive) 1.0483333333333333 0.6228373702422145 480.5646 0:08:00 10959.47 115401.39 10614.42 10724.74 997.99 5.93 171.33 805.83
ghf13_100_2 1 0.5658074009482805 0.5597067227343792 0.4341925990517195 0.44029327726562084 (naive) 1.0015974440894568 0.16298811544991512 346.8372 0:05:46 8365.74 123661.04 8021.04 8104.32 1.99 5.79 177.14 700.09
LIM_100_0 1 0.9661290322580646 0.9661290322580646 0.03387096774193543 0.03387096774193543 (naive) 1.0 0.8536585365853658 181.9446 0:03:01 6447.87 123590.15 6104.06 6214.09 1.99 5.32 151.77 361.03
HLH_1000_3 1 0.925686591276252 0.9286871961102107 0.07431340872374803 0.07131280388978933 (naive) 1.0217391304347827 0.8571428571428571 172.4937 0:02:52 6463.37 123599.77 6120.04 6204.91 1.98 7.34 161.27 343.84
tms_50_1 1 0.9540405974722329 0.9525812619502868 0.04595940252776709 0.047418738049713194 (naive) 1.0 0.8385964912280702 431.9932 0:07:11 8095.92 112604.54 8056.70 8063.73 25.99 5.39 181.60 789.59
Rhodanese_20_2 1 0.40238611713665945 0.4103982300884956 0.5976138828633406 0.5896017699115044 (naive) 1.0648148148148149 0.16666666666666666 334.2682 0:05:34 6695.31 123526.05 6349.74 6510.66 1.99 5.39 187.50 683.39
HMG_box_100_3 1 0.9730878186968839 0.9621848739495799 0.026912181303116123 0.037815126050420145 (naive) 1.0 0.8518518518518519 190.7232 0:03:10 6486.43 123599.61 6142.32 6225.39 1.99 5.46 136.21 353.15
proteasome_50_1 1 0.7888901588753 0.7608304243983097 0.2111098411247 0.23916957560169028 (naive) 0.9773462783171522 0.2206896551724138 296.4802 0:04:56 7226.61 123596.86 6881.79 6994.60 1.99 5.35 183.39 637.96
hla_200_0 1 1.0 1.0 0.0 0.0 (naive) 1.0 1.0 202.7353 0:03:22 7087.62 123463.76 6744.45 6828.99 1.99 5.91 151.88 386.06
tim_50_0 1 0.97874072733852 0.9781213271856071 0.021259272661479978 0.02187867281439293 (naive) 1.0038461538461538 0.9266409266409267 299.0776 0:04:59 7559.16 123527.70 7215.24 7329.28 1.99 5.38 183.99 656.18
zf-CCHH_200_3 1 0.9464859079557617 0.9411138701667258 0.05351409204423829 0.05888612983327424 (naive) 1.0769230769230769 0.7428571428571429 154.6390 0:02:34 6342.18 123654.03 5998.85 6083.33 1.99 5.71 123.93 277.39
mofe_20_2 1 0.4782151442307692 0.48506552880219445 0.5217848557692308 0.5149344711978056 (naive) 1.0114942528735633 0.17547169811320754 593.9281 0:09:53 9709.87 123532.91 9364.73 9475.85 1.99 5.14 206.94 1283.17
gluts_50_2 1 0.6857894736842105 0.7302583646247828 0.3142105263157895 0.2697416353752172 (naive) 1.2340425531914894 0.23605150214592274 277.6244 0:04:37 6700.85 123596.93 6355.71 6452.62 1.99 5.18 172.56 540.26
Rhodanese_50_3 1 0.5244034707158352 0.5154584221748401 0.47559652928416485 0.48454157782515994 (naive) 0.9861111111111112 0.15104166666666666 250.4124 0:04:10 6656.13 123597.05 6312.27 6419.48 1.99 5.60 157.69 498.85
adh_100_1 1 0.9836241610738256 0.9849462365591398 0.016375838926174446 0.01505376344086018 (naive) 1.0053333333333334 0.9546666666666667 249.6098 0:04:09 6842.89 123468.86 6498.03 6611.29 1.99 5.39 171.71 496.81
oxidored_q6_1000_2 1 0.9077519379844962 0.9323248407643312 0.09224806201550384 0.0676751592356688 (naive) 1.0456140350877192 0.8270676691729323 216.8278 0:03:36 6837.56 123663.69 6493.35 6580.43 1.98 7.77 130.52 353.23
rrm_20_1 1 0.8094036857963702 0.7872818974918212 0.19059631420362977 0.2127181025081788 (naive) 0.9299363057324841 0.23423423423423423 282.4336 0:04:42 6553.76 123591.66 6208.67 6292.15 1.99 5.37 157.90 543.97
HLH_50_3 1 0.9402261712439418 0.941747572815534 0.05977382875605819 0.058252427184465994 (naive) 1.0108695652173914 0.8571428571428571 214.4891 0:03:34 6451.04 123532.84 6106.70 6216.64 1.99 5.47 159.68 398.38
il8_20_0 1 0.8609776773099745 0.8511173184357542 0.13902232269002546 0.14888268156424578 (naive) 0.9753086419753086 0.5454545454545454 265.1816 0:04:25 6486.34 123655.68 6142.19 6305.65 1.99 5.29 173.93 519.51
phc_200_3 1 0.8805843543826579 0.9013989387361312 0.11941564561734208 0.0986010612638688 (naive) 1.0446927374301676 0.6368715083798883 189.9447 0:03:09 6590.31 123527.55 6245.83 6355.95 1.99 5.37 135.65 333.04
rhv_200_2 1 0.17477855033812745 0.35025768276388625 0.8252214496618726 0.6497423172361138 (naive) 2.2457264957264957 0.020022246941045607 231.5172 0:03:51 7147.79 123532.97 6802.56 6887.25 1.99 5.48 149.39 418.10
aadh_50_0 1 0.33119939747693466 0.5331110774359752 0.6688006025230653 0.4668889225640248 (naive) 1.6143911439114391 0.009070294784580499 410.4052 0:06:50 7804.93 123591.54 7459.97 7543.34 1.99 5.22 188.10 866.97
cyclo_1000_1 1 0.8954849498327759 0.9142125480153649 0.10451505016722407 0.08578745198463511 (naive) 1.0246305418719213 0.7513227513227513 228.7500 0:03:48 7062.61 123528.92 6717.49 6881.49 1.96 7.93 124.80 345.89
subt_1000_2 1 0.7873722022658193 0.8057971014492754 0.21262779773418072 0.1942028985507246 (naive) 1.144927536231884 0.31887755102040816 508.8732 0:08:28 8663.54 123527.39 8318.90 8482.37 101.96 9.73 281.85 1458.70
kunitz_1000_0 1 0.9572277227722772 0.9572277227722772 0.04277227722772281 0.04277227722772281 (naive) 1.0 0.8 167.2019 0:02:47 6443.64 123530.52 6101.73 6265.14 1.96 6.55 101.71 241.03
blmb_100_2 1 0.6773142112125163 0.7099419200546635 0.32268578878748366 0.2900580799453365 (naive) 0.9825581395348837 0.3563636363636364 263.5982 0:04:23 7266.74 123527.74 6922.14 7036.10 1.99 5.77 187.30 587.74
proteasome_100_0 1 0.802148817007658 0.7924272648575408 0.19785118299234195 0.20757273514245922 (naive) 1.0679611650485437 0.24482758620689654 246.9497 0:04:06 7155.89 123527.56 6811.35 6925.18 1.99 5.54 169.67 505.41
egf_1000_2 1 0.7576225395600155 0.7463878326996197 0.24237746043998454 0.2536121673003803 (naive) 1.0422535211267605 0.35294117647058826 161.7394 0:02:41 6378.71 123528.76 6034.89 6148.79 1.96 7.02 106.95 231.61
kunitz_200_1 1 0.9429702970297029 0.9429702970297029 0.05702970297029708 0.05702970297029708 (naive) 1.0 0.7333333333333333 165.4821 0:02:45 6448.76 123530.37 6104.04 6189.38 1.99 5.77 117.67 260.89
zf-CCHH_500_2 1 0.9600428112736354 0.9545938275984391 0.039957188726364556 0.04540617240156086 (naive) 1.0769230769230769 0.7714285714285715 149.0662 0:02:29 6364.90 123658.31 6021.18 6131.11 1.98 5.88 131.08 260.52
ltn_50_1 1 0.9410085632730733 0.9374407582938389 0.05899143672692675 0.06255924170616112 (naive) 1.01067615658363 0.758893280632411 296.0066 0:04:56 7544.79 123591.53 7216.81 7369.34 1.99 5.27 187.40 670.19
HMG_box_500_1 1 0.9674220963172805 0.960618846694796 0.03257790368271951 0.039381153305203975 (naive) 1.0 0.8395061728395061 159.9323 0:02:39 6509.82 123592.72 6165.71 6249.05 1.98 6.36 124.66 238.49
GEL_200_0 1 0.7014925373134329 0.6831395348837209 0.29850746268656714 0.3168604651162791 (naive) 0.9733333333333334 0.3972602739726027 176.4042 0:02:56 6536.11 123590.45 6192.36 6302.17 1.99 5.59 153.65 340.78
hom_100_3 1 0.943979394719897 0.93854033290653 0.056020605280103 0.06145966709346995 (naive) 0.9591836734693877 0.6666666666666666 184.8311 0:03:04 6448.68 123591.55 6104.57 6202.93 1.99 5.30 128.98 313.55
hpr_500_1 1 1.0 1.0 0.0 0.0 (naive) 1.0 1.0 167.1254 0:02:47 6534.36 123530.61 6191.45 6302.22 1.98 6.16 109.34 217.15
gpdh_200_3 1 0.9541086275780153 0.9530794952000863 0.04589137242198471 0.04692050479991372 (naive) 0.9972222222222222 0.8631284916201117 214.9320 0:03:34 6998.12 123597.06 6669.80 6775.80 1.99 5.63 157.65 412.84
mmp_1000_2 1 0.9512400168137873 0.965443686006826 0.04875998318621266 0.03455631399317405 (naive) 1.038888888888889 0.8579881656804734 250.9250 0:04:10 7157.75 123464.78 6812.21 6895.51 1.97 7.74 140.35 405.33
flav_1000_3 1 0.8531375166889186 0.8615730337078652 0.14686248331108143 0.1384269662921348 (naive) 1.0491803278688525 0.6114285714285714 202.8951 0:03:22 6932.81 123535.73 6588.45 6698.20 1.97 8.18 172.78 396.34
ghf13_100_1 1 0.5306011226769851 0.5407987557629284 0.4693988773230149 0.45920124423707165 (naive) 1.0447284345047922 0.19185059422750425 389.1960 0:06:29 8457.91 123522.24 8113.29 8244.66 237.99 5.70 169.14 676.81
aat_200_2 1 0.7895664434261543 0.7919858573954036 0.21043355657384566 0.20801414260459639 (naive) 1.084033613445378 0.4700665188470067 282.7772 0:04:42 9076.36 123468.87 8731.68 8841.49 1.99 6.76 161.43 494.80
tim_200_2 1 0.9825402569205718 0.983608042021373 0.017459743079428214 0.016391957978627025 (naive) 1.0115384615384615 0.9382239382239382 253.0174 0:04:13 7611.61 123593.03 7266.80 7430.52 33.99 5.71 126.17 337.11
sdr_1000_3 1 0.8322017994149141 0.816827391916784 0.16779820058508588 0.183172608083216 (naive) 1.0387811634349031 0.3943217665615142 237.4756 0:03:57 7172.48 123592.82 6827.07 6937.06 1.96 8.20 153.37 402.13
sodfe_20_3 1 0.8607452013549115 0.8541549953314659 0.1392547986450885 0.14584500466853412 (naive) 1.0182648401826484 0.5263157894736842 337.8745 0:05:37 6675.46 123591.59 6330.92 6440.92 1.99 5.13 189.74 721.46
lyase_1_200_3 1 0.731358024691358 0.7355351378197169 0.268641975308642 0.2644648621802831 (naive) 1.00587084148728 0.5487077534791253 277.7804 0:04:37 8316.16 123590.02 7971.34 8075.60 1.99 6.78 169.34 552.41
msb_500_0 1 0.8371501272264631 0.8517799352750809 0.1628498727735369 0.1482200647249191 (naive) 1.0379746835443038 0.5586206896551724 175.2637 0:02:55 6673.32 123530.43 6328.86 6438.65 1.98 6.39 135.12 308.35
aat_200_0 1 0.8252849253906709 0.8226750995549309 0.1747150746093291 0.1773249004450691 (naive) 1.0441176470588236 0.5144124168514412 278.1659 0:04:38 9092.53 123596.99 8751.44 8911.60 1.99 6.93 164.34 553.08
Ald_Xan_dh_2_500_2 1 0.8402177994742771 0.8404545027702132 0.1597822005257229 0.15954549722978684 (naive) 1.0124293785310734 0.6298076923076923 192.1643 0:03:12 6773.66 123592.74 6429.10 6512.53 1.98 6.50 114.68 310.87
msb_50_0 1 0.905852417302799 0.8913928012519562 0.09414758269720103 0.10860719874804381 (naive) 1.0126582278481013 0.6689655172413793 236.6124 0:03:56 6672.35 123532.93 6328.59 6438.47 1.99 5.57 171.88 494.06
gluts_50_3 1 0.8415263157894737 0.8670354102272111 0.15847368421052632 0.1329645897727889 (naive) 1.1319148936170214 0.592274678111588 276.3887 0:04:36 6676.86 123591.73 6333.56 6496.81 1.99 5.24 181.84 601.09
aldosered_1000_1 1 0.8890921183904223 0.9204682389395765 0.11090788160957765 0.07953176106042348 (naive) 1.067357512953368 0.6953846153846154 383.7159 0:06:23 8194.29 123722.56 7849.58 7959.51 1.96 10.87 189.69 769.57
hpr_200_2 1 1.0 1.0 0.0 0.0 (naive) 1.0 1.0 173.4163 0:02:53 6529.09 123597.22 6184.28 6294.50 1.99 5.67 148.19 330.96
mmp_500_1 1 0.9651113913408995 0.9671440606571188 0.034888608659100484 0.032855939342881224 (naive) 1.011111111111111 0.8816568047337278 216.0881 0:03:36 7167.86 123594.70 6822.46 6935.99 1.98 7.02 142.16 359.20
myb_DNA-binding_50_0 1 0.9599198396793587 0.9485148514851485 0.04008016032064132 0.05148514851485153 (naive) 1.0 0.8214285714285714 208.3165 0:03:28 6410.20 123523.58 6066.34 6229.96 1.99 5.20 174.52 455.03
mofe_100_3 1 0.7958233173076923 0.8055048661800487 0.2041766826923077 0.19449513381995132 (naive) 1.0082101806239738 0.5622641509433962 365.1064 0:06:05 9579.64 123527.65 9234.18 9319.57 1.99 5.60 187.97 793.69
egf_100_2 1 0.7846391354689309 0.7750667174990469 0.21536086453106906 0.22493328250095312 (naive) 1.0422535211267605 0.25 182.6612 0:03:02 6379.21 123591.54 6300.77 6308.00 1.99 5.41 137.81 352.25
tgfb_500_1 1 0.8037974683544303 0.8429203539823009 0.19620253164556967 0.15707964601769908 (naive) 1.0932203389830508 0.3076923076923077 167.9937 0:02:47 6633.95 123533.02 6289.09 6399.79 1.98 5.99 114.55 256.48
ace_100_1 1 0.7167244598559616 0.7161513859275054 0.28327554014403844 0.2838486140724946 (naive) 0.9983333333333333 0.458477508650519 413.8002 0:06:53 11108.87 123654.01 10763.82 10872.64 1.99 5.76 196.19 856.38
ldh_200_2 1 0.8678051634608352 0.8574577251047839 0.13219483653916475 0.1425422748952161 (naive) 0.9919137466307277 0.5513513513513514 217.0161 0:03:37 6948.02 123660.92 6602.27 6685.70 1.99 5.76 148.42 390.83
kunitz_20_0 1 0.8455445544554455 0.8465503568596352 0.15445544554455448 0.1534496431403648 (naive) 0.96875 0.2833333333333333 238.2503 0:03:58 6437.11 123590.07 6093.10 6176.19 1.99 5.27 164.45 473.58
hr_20_1 1 0.9828571428571429 0.9828571428571429 0.017142857142857126 0.017142857142857126 (naive) 1.0 0.9367088607594937 264.1099 0:04:24 6488.89 123590.00 6143.71 6253.87 1.99 5.40 175.45 554.25
annexin_20_3 1 0.9949227840067696 0.9978782092085721 0.005077215993230411 0.0021217907914279355 (naive) 1.0061919504643964 0.9874213836477987 406.6449 0:06:46 6533.43 123526.03 6192.40 6298.99 1.99 5.41 184.51 846.53
lyase_1_100_0 1 0.691604938271605 0.7046540880503145 0.30839506172839504 0.2953459119496855 (naive) 1.0293542074363993 0.4970178926441352 351.1675 0:05:51 8214.36 112724.71 7868.74 7952.22 957.99 5.47 173.81 611.11
sodfe_1000_3 1 0.9066616484757245 0.9020782624976597 0.0933383515242755 0.09792173750234034 (naive) 0.9908675799086758 0.6363636363636364 203.5181 0:03:23 6603.90 111004.03 6261.52 6344.96 5.98 7.02 121.07 251.02
DEATH_1000_1 1 0.7310704960835509 0.7474639615589963 0.2689295039164491 0.2525360384410037 (naive) 1.0628930817610063 0.4435483870967742 187.9224 0:03:07 6664.91 123526.36 6320.15 6483.57 1.97 7.14 130.77 274.22
flav_20_1 1 0.6599910992434357 0.6662174303683738 0.3400089007565643 0.3337825696316262 (naive) 1.0382513661202186 0.22285714285714286 351.6075 0:05:51 6845.15 111300.96 6501.71 6664.87 21.99 5.36 169.89 602.16
Acetyltransf_20_2 1 0.578843302026693 0.5616306954436451 0.421156697973307 0.4383693045563549 (naive) 0.9781659388646288 0.15873015873015872 342.5130 0:05:42 6614.21 123527.52 6581.97 6589.37 1.99 5.09 165.81 611.68
hr_50_0 1 1.0 1.0 0.0 0.0 (naive) 1.0 1.0 208.8194 0:03:28 6482.80 123591.53 6138.13 6251.41 1.99 5.12 150.51 387.69
ghf1_50_0 1 0.9012767487861896 0.902169021690217 0.09872325121381043 0.09783097830978305 (naive) 1.0231316725978647 0.7017892644135189 429.8417 0:07:09 10071.77 123590.01 9727.39 9837.53 1.99 5.32 194.93 901.46
zf-CCHH_200_1 1 0.9407777381377096 0.9341126461211477 0.059222261862290404 0.06588735387885225 (naive) 1.0256410256410255 0.7428571428571429 151.7080 0:02:31 6345.41 123591.72 6018.49 6174.64 1.99 5.69 127.71 248.15
tms_100_0 1 0.9697433933358867 0.9649390243902439 0.03025660666411334 0.03506097560975607 (naive) 0.9943977591036415 0.8842105263157894 288.3080 0:04:48 8020.71 123591.54 7675.61 7785.88 1.99 5.22 168.07 559.18
gluts_20_3 1 0.7631052631578947 0.7617421456341285 0.23689473684210527 0.23825785436587155 (naive) 1.0170212765957447 0.4592274678111588 366.7062 0:06:06 7366.01 123528.82 7021.83 7131.64 1.99 5.26 192.43 769.64
cah_20_0 1 0.831174438687392 0.8212457337883959 0.16882556131260795 0.17875426621160406 (naive) 0.982078853046595 0.6199261992619927 416.5644 0:06:56 7714.93 123533.03 7370.00 7455.49 1.99 5.20 193.76 907.25
cyclo_20_0 1 0.7696488294314381 0.7820730671197961 0.2303511705685619 0.21792693288020393 (naive) 1.0394088669950738 0.5502645502645502 337.8919 0:05:37 6949.64 123533.01 6604.39 6715.47 1.99 5.16 182.90 679.35
rvp_50_3 1 0.7368064952638701 0.7313633310946944 0.2631935047361299 0.2686366689053056 (naive) 1.0303030303030303 0.2972972972972973 227.8266 0:03:47 6590.27 123525.93 6245.93 6358.44 1.99 5.30 153.27 415.21
HLH_200_0 1 0.9369951534733441 0.9385113268608414 0.06300484652665594 0.06148867313915862 (naive) 1.0108695652173914 0.8571428571428571 170.3532 0:02:50 6434.73 123596.86 6091.14 6201.79 1.99 5.57 114.02 262.68
msb_20_1 1 0.7706743002544529 0.7684744687599112 0.22932569974554706 0.2315255312400888 (naive) 1.0506329113924051 0.4 309.3023 0:05:09 6705.54 123532.97 6360.60 6445.16 1.99 5.12 182.21 645.21
cryst_100_1 1 0.7925967787510596 0.9181669394435352 0.2074032212489404 0.08183306055646478 (naive) 1.4270833333333333 0.3370165745856354 210.7207 0:03:30 6559.77 123527.59 6215.88 6302.87 1.99 5.52 155.79 388.30
icd_1000_0 1 0.9209840810419682 0.9317715959004392 0.07901591895803184 0.06822840409956077 (naive) 1.0207852193995381 0.7988980716253443 415.9487 0:06:55 9112.20 123530.61 8768.07 8888.21 1.97 10.35 180.69 771.75
Rhodanese_200_3 1 0.6827548806941431 0.6909989023051591 0.31724511930585686 0.30900109769484085 (naive) 1.0694444444444444 0.4010416666666667 213.2268 0:03:33 6668.21 111096.55 6323.70 6419.33 41.99 5.81 124.62 268.85
hpr_500_2 1 1.0 1.0 0.0 0.0 (naive) 1.0 1.0 161.1160 0:02:41 6576.64 123529.10 6232.49 6395.88 1.98 6.11 115.94 229.57
ghf10_1000_2 1 0.9302325581395349 0.9302325581395349 0.06976744186046513 0.06976744186046513 (naive) 1.0137362637362637 0.7894736842105263 345.6724 0:05:45 8191.17 123534.15 7862.27 8018.12 5.96 9.00 137.06 492.45
HLH_200_3 1 0.9176090468497576 0.9296235679214403 0.08239095315024236 0.0703764320785597 (naive) 1.0108695652173914 0.8571428571428571 172.6933 0:02:52 6428.13 123590.08 6084.34 6198.25 1.99 5.68 166.00 340.10
biotin_lipoyl_1000_0 1 0.9563318777292577 0.944547134935305 0.04366812227074235 0.055452865064695045 (naive) 0.9732142857142857 0.8117647058823529 179.4894 0:02:59 6611.82 123528.30 6268.78 6353.80 1.96 7.38 134.15 300.82
tRNA-synt_2b_20_2 1 0.2411957411957412 0.28087744396757275 0.7588042588042588 0.7191225560324273 (naive) 1.2676659528907923 0.0 488.7346 0:08:08 7121.07 111561.80 6916.99 7010.84 121.99 5.11 182.92 898.22
ghf10_1000_1 1 0.897876643073812 0.9058143488609317 0.10212335692618801 0.0941856511390683 (naive) 1.0274725274725274 0.7523219814241486 371.0441 0:06:11 8111.23 123528.91 7766.24 7876.38 1.96 9.49 168.46 674.72
mofe_20_1 1 0.3698918269230769 0.6243976667512047 0.6301081730769231 0.37560233324879533 (naive) 1.5451559934318555 0.11886792452830189 612.9017 0:10:12 9812.55 123462.00 9468.16 9581.35 1.99 5.31 216.32 1400.27
subt_50_1 1 0.7365294280187897 0.7291253504752787 0.26347057198121027 0.2708746495247213 (naive) 1.0193236714975846 0.25255102040816324 452.8060 0:07:32 8213.57 112641.59 7869.05 7981.61 273.99 5.42 184.26 835.33
mmp_20_3 1 0.9726775956284153 0.971044901384809 0.02732240437158473 0.028955098615190966 (naive) 1.0 0.9230769230769231 465.0574 0:07:45 6965.93 115306.61 6620.93 6782.61 53.99 5.09 177.13 840.08
aldosered_20_1 1 0.906052544063851 0.8988782580006599 0.09394745593614895 0.1011217419993401 (naive) 0.9818652849740933 0.6953846153846154 478.1592 0:07:58 8142.06 112651.19 7796.82 7907.52 141.99 5.17 196.30 939.45
biotin_lipoyl_1000_3 1 0.9557080474111042 0.9393010423053342 0.044291952588895844 0.06069895769466582 (naive) 0.9553571428571429 0.8 173.1696 0:02:53 6479.06 123535.69 6135.82 6220.32 1.96 7.18 137.03 290.94
ghf1_200_2 1 0.9021758676497033 0.9030690306903069 0.09782413235029674 0.09693096930969314 (naive) 1.019572953736655 0.6998011928429424 356.5883 0:05:56 10133.20 123525.99 9789.46 9902.42 1.99 7.13 176.17 673.66
hpr_20_0 1 1.0 1.0 0.0 0.0 (naive) 1.0 1.0 255.0325 0:04:15 6545.97 123532.95 6223.12 6327.53 1.99 5.27 147.50 478.33
aat_20_3 1 0.4068264598754553 0.48328564449717354 0.5931735401245447 0.5167143555028264 (naive) 1.3970588235294117 0.015521064301552107 533.8350 0:08:53 9077.58 123468.84 8757.96 8909.36 1.99 5.17 198.27 1145.64
uce_100_0 1 0.898989898989899 0.8879818594104308 0.101010101010101 0.11201814058956916 (naive) 0.9782608695652174 0.46987951807228917 231.7041 0:03:51 6838.05 111291.75 6494.18 6577.40 17.99 5.59 146.19 343.67
blm_200_2 1 0.902713987473904 0.9413642960812773 0.09728601252609603 0.05863570391872275 (naive) 1.1642335766423357 0.6891385767790262 269.5733 0:04:29 8518.53 123527.76 8190.11 8294.41 1.99 6.10 172.49 516.71
uce_200_1 1 0.9410468319559229 0.937345650782036 0.05895316804407713 0.06265434921796398 (naive) 1.0108695652173914 0.6265060240963856 193.2038 0:03:13 6868.71 123590.26 6525.30 6612.19 1.99 5.68 133.81 330.40
adh_20_1 1 0.9656375838926174 0.9671954826566281 0.034362416107382554 0.032804517343371864 (naive) 1.0026666666666666 0.9253333333333333 457.7844 0:07:37 6842.96 123589.99 6498.75 6662.62 1.99 5.30 200.29 997.34
uce_1000_3 1 0.9146005509641874 0.9127565982404692 0.08539944903581265 0.08724340175953083 (naive) 1.016304347826087 0.6265060240963856 238.9811 0:03:58 6928.77 123661.90 6585.22 6681.18 853.97 7.91 118.16 296.30
sodcu_20_3 1 0.782608695652174 0.7782509007533573 0.21739130434782605 0.22174909924664266 (naive) 0.9881656804733728 0.5421686746987951 330.3866 0:05:30 6898.11 123590.21 6553.69 6717.16 1.99 5.24 183.05 700.07
tms_500_1 1 0.9578705476828802 0.9545801526717558 0.04212945231711984 0.04541984732824422 (naive) 1.0028011204481793 0.8526315789473684 298.3493 0:04:58 8168.96 123535.66 7823.80 7918.69 1.98 8.08 177.57 570.58
hormone_rec_200_1 1 0.7482868889904066 0.7292965271593945 0.25171311100959337 0.2707034728406055 (naive) 1.0097402597402598 0.5231316725978647 223.4210 0:03:43 7304.82 123590.17 6959.97 7045.30 1.99 6.16 137.71 376.31
icd_200_0 1 0.9224312590448626 0.9251088534107402 0.07756874095513744 0.07489114658925977 (naive) 1.0046189376443417 0.7961432506887053 303.1784 0:05:03 9046.79 113382.61 8701.38 8796.78 49.99 7.05 147.96 453.67
gpdh_1000_1 1 0.9625310441636973 0.9620116555147853 0.03746895583630272 0.03798834448521471 (naive) 1.025 0.8687150837988827 259.3422 0:04:19 6989.92 123535.84 6645.23 6808.91 61.98 8.15 105.13 285.15
rhv_100_3 1 0.27354986189160874 0.37356919875130074 0.7264501381083912 0.6264308012486992 (naive) 1.577991452991453 0.020022246941045607 297.0254 0:04:57 7145.54 123596.93 6800.12 6883.59 1.99 5.60 182.15 633.05
serpin_1000_3 1 0.9497920380273321 0.9452986398580722 0.05020796197266786 0.054701360141927835 (naive) 1.0095923261390887 0.8140703517587939 404.0124 0:06:44 9114.77 123528.83 8770.24 8930.86 1.97 9.43 166.00 712.37
asp_500_2 1 0.8965142489132185 0.9028008593084998 0.10348575108678149 0.09719914069150015 (naive) 1.0421052631578946 0.7032085561497327 304.7708 0:05:04 8703.43 123727.63 8359.18 8471.80 1.98 8.02 166.07 542.48
sodcu_20_1 1 0.7470355731225297 0.7421465968586387 0.25296442687747034 0.2578534031413613 (naive) 0.9822485207100592 0.4578313253012048 316.6935 0:05:16 6881.23 123589.93 6537.16 6700.38 1.99 5.30 166.29 609.80
lyase_1_100_3 1 0.7291358024691358 0.7347598905200299 0.2708641975308642 0.2652401094799701 (naive) 1.015655577299413 0.5447316103379721 376.6347 0:06:16 8216.90 112701.36 8187.82 8194.20 109.99 5.73 156.80 592.32
blmb_200_1 1 0.6763363754889179 0.7227446882619296 0.3236636245110821 0.2772553117380704 (naive) 1.0901162790697674 0.38545454545454544 244.2964 0:04:04 7309.84 123532.93 6964.58 7066.23 1.99 5.81 158.88 484.35
cryst_20_0 1 0.8409155128567392 0.8510151558478696 0.15908448714326084 0.14898484415213042 (naive) 1.0364583333333333 0.56353591160221 320.3080 0:05:20 6557.95 123527.60 6212.89 6320.95 1.99 5.12 170.26 614.18
DMRL_synthase_50_3 1 0.9058020477815699 0.882313829787234 0.09419795221843008 0.11768617021276595 (naive) 0.967032967032967 0.6982248520710059 249.8738 0:04:09 6886.97 123596.88 6543.61 6656.35 1.99 5.44 168.23 487.49
GEL_20_1 1 0.5154228855721393 0.4900662251655629 0.48457711442786067 0.509933774834437 (naive) 0.9533333333333334 0.2465753424657534 282.4778 0:04:42 6553.77 123527.52 6209.38 6307.46 1.99 5.11 166.13 554.64
kunitz_100_1 1 0.9465346534653465 0.9465346534653465 0.05346534653465351 0.05346534653465351 (naive) 1.0 0.75 202.6788 0:03:22 6430.22 110917.36 6218.18 6316.58 17.99 5.42 126.11 256.97
cyclo_100_0 1 0.8599498327759197 0.866835229667088 0.14005016722408026 0.13316477033291196 (naive) 1.0295566502463054 0.671957671957672 232.6784 0:03:52 6975.71 123527.89 6631.78 6741.86 1.99 5.71 182.71 491.52
int_100_1 1 0.873608017817372 0.87751677852349 0.12639198218262804 0.12248322147651003 (naive) 1.0136986301369864 0.6831683168316832 241.6376 0:04:01 7106.57 123592.84 6761.44 6844.79 1.99 5.71 173.02 485.80
il8_1000_3 1 0.8810398417632099 0.8800451594693762 0.11896015823679007 0.11995484053062377 (naive) 0.9876543209876543 0.5844155844155844 191.9885 0:03:11 6520.54 110941.33 6493.69 6500.28 21.98 6.82 94.05 185.39
hla_50_0 1 1.0 1.0 0.0 0.0 (naive) 1.0 1.0 259.0593 0:04:19 7060.19 123532.91 6715.69 6801.08 1.99 5.36 158.98 501.27
mmp_200_0 1 0.9600672551492223 0.9698513800424629 0.03993274485077769 0.03014861995753715 (naive) 1.0277777777777777 0.8875739644970414 228.0511 0:03:48 7076.07 123590.02 6732.05 6816.52 1.99 5.99 140.60 445.60
gpdh_100_3 1 0.9516250944822373 0.9514196264709057 0.04837490551776269 0.04858037352909428 (naive) 1.0083333333333333 0.8631284916201117 254.9945 0:04:14 6978.81 123589.94 6633.88 6743.97 1.99 5.43 162.86 479.51
Ald_Xan_dh_2_20_3 1 0.6675741644761547 0.6821103117505996 0.3324258355238453 0.31788968824940045 (naive) 1.0203389830508474 0.4362980769230769 617.1335 0:10:17 7493.13 123653.95 7147.42 7253.83 1.99 5.06 213.09 1394.43
HLH_50_0 1 0.938610662358643 0.938610662358643 0.06138933764135701 0.06138933764135701 (naive) 1.0 0.8690476190476191 205.7521 0:03:25 6443.48 123532.84 6099.19 6262.79 1.99 5.30 150.16 397.69
hr_500_2 1 1.0 1.0 0.0 0.0 (naive) 1.0 1.0 159.4204 0:02:39 6516.04 123528.56 6171.47 6254.77 1.98 6.09 131.44 263.13
oxidored_q6_50_3 1 0.9166666666666666 0.923828125 0.08333333333333337 0.076171875 (naive) 1.0105263157894737 0.8345864661654135 300.4436 0:05:00 6780.18 123470.66 6435.41 6545.58 1.99 5.41 184.67 639.29
uce_500_2 1 0.8974288337924702 0.8934089039217479 0.10257116620752982 0.10659109607825212 (naive) 1.0326086956521738 0.572289156626506 184.6650 0:03:04 6926.52 123599.76 6582.48 6665.60 1.98 7.02 131.26 305.51
myb_DNA-binding_100_3 1 0.9519038076152304 0.9405940594059405 0.04809619238476959 0.05940594059405946 (naive) 1.0 0.8035714285714286 179.0147 0:02:59 6413.44 123597.00 6068.72 6178.78 1.99 5.53 144.78 350.24
tim_500_3 1 0.9815451420300344 0.9810126582278481 0.0184548579699656 0.01898734177215189 (naive) 1.0076923076923077 0.915057915057915 236.0720 0:03:56 7683.94 123594.53 7339.78 7453.14 1.98 7.82 157.48 415.08
biotin_lipoyl_50_0 1 0.9058016219588272 0.9041095890410958 0.09419837804117281 0.09589041095890416 (naive) 0.9732142857142857 0.7176470588235294 236.5997 0:03:56 6503.72 111033.03 6159.43 6294.14 61.99 5.21 141.11 338.71
asp_50_2 1 0.8826275962002899 0.8838727881010924 0.11737240379971015 0.11612721189890762 (naive) 1.018421052631579 0.6016042780748663 396.8921 0:06:36 8604.93 123655.53 8260.66 8424.09 1.99 5.30 191.09 818.96
flav_200_0 1 0.7814864263462394 0.8062442607897153 0.21851357365376056 0.19375573921028466 (naive) 1.0710382513661203 0.4342857142857143 195.5551 0:03:15 6855.98 123660.88 6512.22 6623.08 1.99 5.88 130.97 315.97
KAS_100_0 1 0.7761475581639069 0.8310143626570916 0.2238524418360931 0.1689856373429084 (naive) 1.1014851485148516 0.575 282.8211 0:04:42 7275.98 123591.53 6930.73 7044.27 1.99 5.63 177.64 568.55
adh_20_0 1 0.9589261744966443 0.9591836734693877 0.0410738255033557 0.04081632653061229 (naive) 1.0026666666666666 0.8906666666666667 456.3465 0:07:36 6820.10 123596.84 6784.34 6791.70 1.99 5.54 201.42 980.00
asp_200_1 1 0.8744968604089519 0.884105151786441 0.12550313959104809 0.115894848213559 (naive) 1.0447368421052632 0.6390374331550802 278.9716 0:04:38 8646.68 123526.11 8302.16 8385.24 1.99 6.85 153.86 482.74
kringle_50_0 1 0.9534635879218473 0.9430780042164442 0.046536412078152734 0.056921995783555834 (naive) 1.04 0.7752808988764045 222.1818 0:03:42 6523.69 123597.07 6179.83 6293.98 1.99 5.33 158.83 394.45
LIM_500_3 1 0.9661290322580646 0.9661290322580646 0.03387096774193543 0.03387096774193543 (naive) 1.0 0.8536585365853658 161.6989 0:02:41 6469.86 123535.69 6124.79 6212.43 1.98 5.85 119.66 243.74
rhv_200_0 1 0.35679588532241163 0.4319649446494465 0.6432041146775884 0.5680350553505535 (naive) 1.2841880341880343 0.04671857619577308 237.7848 0:03:57 7134.40 123527.55 6790.14 6901.12 1.99 5.62 164.30 459.36
subt_200_2 1 0.7844017684443216 0.7917305815088551 0.21559823155567837 0.2082694184911449 (naive) 1.0821256038647342 0.288265306122449 314.8283 0:05:14 8556.49 123591.71 8212.22 8300.05 1.99 7.39 155.37 560.65
cryst_100_2 1 0.8886691155693699 0.89169265664871 0.1113308844306301 0.10830734335129 (naive) 1.0104166666666667 0.6353591160220995 219.9174 0:03:39 6554.70 123466.38 6210.67 6321.25 1.99 5.45 152.17 413.45
ltn_200_0 1 0.9254451542748403 0.9259485924112607 0.07455484572515969 0.0740514075887393 (naive) 1.0142348754448398 0.6877470355731226 225.3782 0:03:45 7594.06 123596.94 7249.12 7363.40 1.99 6.03 143.45 401.06
asp_100_2 1 0.9067380454033167 0.9136518494484102 0.0932619545966833 0.08634815055158984 (naive) 1.0421052631578946 0.6764705882352942 350.6135 0:05:50 8624.44 123660.88 8285.74 8443.52 1.99 5.72 163.37 626.42
sodcu_500_2 1 0.8586956521739131 0.8751258811681772 0.14130434782608692 0.12487411883182276 (naive) 1.017751479289941 0.6807228915662651 189.6815 0:03:09 6979.50 123528.85 6658.91 6810.74 1.98 6.69 132.79 295.47
mmp_200_1 1 0.9609079445145019 0.9637436762225969 0.0390920554854981 0.036256323777403066 (naive) 1.0055555555555555 0.863905325443787 256.5190 0:04:16 7039.71 111437.82 6695.09 6778.33 209.99 5.71 126.53 329.47
ltn_20_2 1 0.9169498436862852 0.9124230743220396 0.08305015631371482 0.08757692567796038 (naive) 1.0 0.7035573122529645 399.7253 0:06:39 7564.84 123653.93 7219.89 7333.59 1.99 5.04 200.23 847.74
zf-CCHH_50_1 1 0.9422047805922226 0.9442259563818377 0.05779521940777743 0.055774043618162294 (naive) 1.1025641025641026 0.6571428571428571 188.9005 0:03:08 6339.40 123533.05 5996.14 6125.94 1.99 5.23 149.74 328.37
sdr_200_2 1 0.8118341888833692 0.7964045917262291 0.18816581111663078 0.20359540827377087 (naive) 1.03601108033241 0.3470031545741325 226.2443 0:03:46 7131.51 123533.58 6786.79 6896.84 1.99 5.86 148.93 400.20
sdr_100_2 1 0.7942816139537451 0.7793544194107452 0.20571838604625492 0.22064558058925476 (naive) 1.0443213296398892 0.3501577287066246 260.4572 0:04:20 7135.46 123660.93 6791.60 6955.97 1.99 5.41 149.62 483.57
mmp_20_2 1 0.9550231189575452 0.9534200587494754 0.044976881042454786 0.04657994125052456 (naive) 1.0 0.893491124260355 321.7973 0:05:21 6942.59 123592.81 6597.79 6756.46 1.99 5.01 185.09 681.91
oxidored_q6_20_3 1 0.8127906976744186 0.9549180327868853 0.18720930232558142 0.04508196721311475 (naive) 1.3403508771929824 0.5488721804511278 380.9354 0:06:20 6780.02 123590.13 6753.55 6760.05 1.99 5.16 186.57 794.08
biotin_lipoyl_100_1 1 0.9513412351840299 0.9407772979642196 0.04865876481597009 0.059222702035780395 (naive) 0.9642857142857143 0.8 194.6449 0:03:14 6516.78 123532.87 6173.42 6337.47 1.99 5.45 136.90 354.53
GEL_20_2 1 0.6567164179104478 0.6185567010309279 0.34328358208955223 0.38144329896907214 (naive) 0.94 0.3424657534246575 287.2152 0:04:47 6563.86 123591.71 6538.22 6545.44 1.99 5.24 165.68 554.91
rub_500_3 1 0.9918367346938776 0.9918367346938776 0.008163265306122436 0.008163265306122436 (naive) 1.0 0.9629629629629629 154.8458 0:02:34 6429.80 123663.69 6101.66 6207.99 1.98 6.45 111.88 217.07
blmb_50_0 1 0.6346153846153846 0.6477045908183633 0.3653846153846154 0.3522954091816367 (naive) 0.9854651162790697 0.23636363636363636 315.3417 0:05:15 7271.32 123660.86 6927.43 7091.33 1.99 5.35 175.71 642.20
proteasome_500_1 1 0.8190269364117804 0.8035660885167464 0.18097306358821963 0.19643391148325362 (naive) 1.0388349514563107 0.27586206896551724 208.1171 0:03:28 7196.62 123466.46 6852.71 6963.51 1.98 7.04 136.06 340.33
sdr_20_3 1 0.5801181211017277 0.5650841443088338 0.41988187889827233 0.4349158556911662 (naive) 1.0083102493074791 0.20189274447949526 419.7516 0:06:59 7619.81 123660.85 7274.71 7438.25 1.99 5.07 198.11 934.19
rvp_100_1 1 0.7327469553450608 0.7273337810611148 0.26725304465493915 0.2726662189388852 (naive) 1.0303030303030303 0.27927927927927926 198.8596 0:03:18 6586.41 123461.95 6242.91 6340.05 1.99 5.22 135.69 340.11
subt_50_3 1 0.7592567007460624 0.7549282230922454 0.24074329925393756 0.2450717769077546 (naive) 1.067632850241546 0.28061224489795916 423.3264 0:07:03 8404.04 123590.06 8059.50 8211.80 1.99 5.41 198.34 920.49
serpin_50_0 1 0.9581105169340464 0.949180810360051 0.04188948306595364 0.050819189639949025 (naive) 0.9904076738609112 0.8190954773869347 383.8227 0:06:23 8987.24 123527.96 8642.45 8805.56 1.99 5.33 187.53 782.06
DMRL_synthase_100_0 1 0.9139931740614334 0.8873426110006627 0.08600682593856657 0.1126573889993373 (naive) 0.9505494505494505 0.7041420118343196 216.4551 0:03:36 6888.18 123596.95 6543.71 6627.05 1.99 5.61 154.55 412.53
aldosered_500_1 1 0.8842700365813103 0.9213444213444213 0.11572996341868969 0.0786555786555787 (naive) 1.1191709844559585 0.6923076923076923 308.9708 0:05:08 8189.68 123522.17 7844.83 7929.32 381.98 8.11 141.96 457.01
myb_DNA-binding_100_1 1 0.9318637274549099 0.9244532803180915 0.06813627254509014 0.07554671968190851 (naive) 1.0 0.7678571428571429 200.3136 0:03:20 6415.57 110820.17 6093.18 6214.44 13.99 5.33 126.34 254.12
ltn_20_3 1 0.8089574554845725 0.8025756860629762 0.19104254451542746 0.19742431393702375 (naive) 0.9786476868327402 0.5691699604743083 395.8257 0:06:35 7517.02 123655.53 7172.37 7335.75 1.99 5.25 197.09 860.73
aat_500_3 1 0.8251086828809776 0.8291516618454454 0.1748913171190224 0.17084833815455458 (naive) 1.0672268907563025 0.5343680709534369 323.5292 0:05:23 9084.64 123594.38 8740.32 8840.58 1.98 8.01 177.48 606.60
mofe_500_2 1 0.7806490384615384 0.8195583596214511 0.21935096153846156 0.18044164037854893 (naive) 1.09688013136289 0.5886792452830188 366.7606 0:06:06 9759.92 123656.73 9414.92 9518.50 1.98 8.16 168.93 665.87
icd_1000_1 1 0.9389290882778581 0.9452214452214452 0.06107091172214185 0.054778554778554756 (naive) 1.0069284064665127 0.8402203856749312 378.9999 0:06:18 9058.74 123527.66 8714.27 8797.45 1.97 8.93 154.17 633.86
KAS_100_3 1 0.762523579962272 0.7978070175438596 0.23747642003772795 0.20219298245614037 (naive) 1.066831683168317 0.52 292.9644 0:04:52 7369.32 123589.93 7024.79 7188.29 1.99 5.42 191.07 606.89
OTCace_20_1 1 0.7966777408637874 0.8473498233215547 0.2033222591362126 0.15265017667844527 (naive) 1.1228571428571428 0.5548961424332344 426.1658 0:07:06 7086.73 123591.60 6742.12 6903.42 1.99 5.12 207.26 960.01
cah_200_0 1 0.8816925734024179 0.8859002169197397 0.11830742659758209 0.11409978308026025 (naive) 1.028673835125448 0.6642066420664207 226.8772 0:03:46 7649.17 123654.09 7304.30 7414.46 1.99 6.49 135.07 391.95
tRNA-synt_2b_1000_1 1 0.5098280098280098 0.4878526645768025 0.4901719901719902 0.5121473354231976 (naive) 0.9057815845824411 0.25 273.2356 0:04:33 7235.31 123469.94 6890.90 6979.23 29.97 8.49 129.57 369.39
aldosered_50_2 1 0.8762886597938144 0.870355078447564 0.12371134020618557 0.129644921552436 (naive) 0.9844559585492227 0.64 372.2970 0:06:12 8188.20 112679.13 7843.10 7953.14 53.99 5.71 164.92 618.77
sodfe_50_2 1 0.8995107263831389 0.8888062476757159 0.10048927361686111 0.11119375232428408 (naive) 1.0 0.5933014354066986 260.2062 0:04:20 6591.49 123526.78 6248.04 6412.03 1.99 5.25 160.46 517.59
aadh_100_3 1 0.813029561287893 0.8273615635179153 0.18697043871210695 0.17263843648208466 (naive) 1.0535055350553506 0.4444444444444444 336.2518 0:05:36 7704.02 123661.12 7383.59 7534.58 1.99 5.44 185.08 696.34
hormone_rec_100_1 1 0.7254454088624943 0.7042128603104213 0.2745545911375057 0.2957871396895787 (naive) 1.0194805194805194 0.4377224199288256 290.3774 0:04:50 7263.63 111640.84 6919.33 7029.15 261.99 5.53 157.96 460.54
ace_200_0 1 0.846092291277674 0.8562559049804292 0.15390770872232595 0.14374409501957075 (naive) 1.035 0.6522491349480969 455.2593 0:07:35 10983.29 123530.30 10637.18 10720.66 1.99 6.42 180.74 871.82
flav_20_2 1 0.7494437027147307 0.7507802050824788 0.2505562972852693 0.24921979491752122 (naive) 1.0273224043715847 0.38857142857142857 328.0161 0:05:28 6876.70 123589.93 6532.58 6689.60 1.99 5.09 183.94 700.67
sdr_200_0 1 0.7957719269194679 0.7796344365130867 0.20422807308053215 0.22036556348691327 (naive) 1.0221606648199446 0.2870662460567823 221.5550 0:03:41 7129.82 123591.60 6784.74 6894.71 1.99 5.91 153.54 402.32
zf-CCHH_100_2 1 0.8804851944345344 0.8786044855820577 0.11951480556546556 0.12139551441794227 (naive) 1.0769230769230769 0.6 191.6625 0:03:11 6325.03 110765.42 5981.04 6068.47 97.99 5.25 95.66 188.27
biotin_lipoyl_100_2 1 0.9569557080474111 0.9405272838749233 0.04304429195258885 0.05947271612507665 (naive) 0.9553571428571429 0.8117647058823529 191.3880 0:03:11 6514.07 123591.73 6170.32 6254.85 1.99 5.52 133.98 339.57
peroxidase_50_3 1 0.6912903225806452 0.7007848266841072 0.30870967741935484 0.29921517331589276 (naive) 1.0287206266318538 0.2607449856733524 355.6600 0:05:55 7765.49 123591.57 7436.40 7592.59 1.99 5.55 201.19 801.96
asp_20_2 1 0.8405248752213814 0.8450487637084699 0.15947512477861858 0.15495123629153007 (naive) 1.0315789473684212 0.5187165775401069 517.4979 0:08:37 8615.51 123589.94 8271.43 8435.29 5.99 5.26 202.77 1112.81
ldh_500_3 1 0.8619542163387698 0.8554164398475775 0.13804578366123021 0.14458356015242246 (naive) 1.005390835579515 0.5459459459459459 201.5526 0:03:21 6938.84 123590.07 6594.19 6679.43 1.98 7.15 154.49 365.80
ldh_100_1 1 0.8916477729832517 0.8803798382437897 0.10835222701674829 0.11962016175621026 (naive) 0.9892183288409704 0.6054054054054054 264.7031 0:04:24 6969.33 123526.05 6624.25 6707.88 1.99 5.72 180.73 572.33
proteasome_100_3 1 0.8116737150912485 0.7944214490808069 0.18832628490875147 0.20557855091919308 (naive) 1.035598705501618 0.22758620689655173 257.2152 0:04:17 7169.05 123654.18 6823.72 6907.12 1.99 5.58 159.37 502.86
DEATH_500_2 1 0.7321148825065275 0.7493319080705505 0.26788511749347255 0.2506680919294495 (naive) 1.069182389937107 0.4435483870967742 172.4426 0:02:52 6490.13 123530.31 6146.48 6257.00 1.98 6.33 144.73 304.53
mofe_500_3 1 0.798828125 0.8373228346456693 0.201171875 0.16267716535433074 (naive) 1.0886699507389161 0.620754716981132 362.5600 0:06:02 9772.25 123530.34 9427.18 9537.38 1.98 8.17 171.87 689.77
ghf5_200_1 1 0.6529310767721364 0.6595639246778989 0.34706892322786365 0.3404360753221011 (naive) 1.0617021276595744 0.34190231362467866 301.1250 0:05:01 8186.49 112567.76 7841.34 7924.47 21.99 5.98 147.95 450.32
cys_100_1 1 0.8993999510164095 0.9026053828192209 0.10060004898359054 0.09739461718077913 (naive) 1.0494699646643109 0.5447761194029851 264.7000 0:04:24 7435.70 123660.93 7091.20 7174.45 1.99 5.87 192.37 571.43
p450_50_1 1 0.3484680238535883 0.38929473926028024 0.6515319761464117 0.6107052607397198 (naive) 1.69140625 0.0 412.0600 0:06:52 9256.49 123526.00 8911.95 9075.69 1.99 5.23 186.90 842.14
Acetyltransf_1000_1 1 0.657439446366782 0.6529209621993127 0.342560553633218 0.3470790378006873 (naive) 1.017467248908297 0.31746031746031744 190.9324 0:03:10 6662.12 123592.77 6317.25 6429.73 1.96 7.97 122.96 283.92
ace_20_1 1 0.48332888770338756 0.5177142857142857 0.5166711122966124 0.4822857142857143 (naive) 1.17 0.2041522491349481 691.3549 0:11:31 11614.07 123532.85 11270.46 11434.43 1.99 5.23 205.65 1499.63
p450_20_2 1 0.2481595722804853 0.31112715272764774 0.7518404277195148 0.6888728472723522 (naive) 1.74609375 0.004008016032064128 573.0129 0:09:33 9500.49 123463.59 9175.17 9316.76 1.99 5.19 202.78 1218.65
sodfe_200_0 1 0.9008280015054573 0.8914338919925512 0.09917199849454272 0.10856610800744881 (naive) 0.9954337899543378 0.6411483253588517 189.0197 0:03:09 6576.59 123594.42 6232.16 6346.82 1.99 5.44 139.18 353.62
ghf13_200_0 1 0.644885279851763 0.6620600906395121 0.355114720148237 0.3379399093604879 (naive) 1.0910543130990416 0.30390492359932086 291.1613 0:04:51 8335.36 123587.63 7990.36 8100.49 1.99 6.61 213.92 675.07
biotin_lipoyl_500_3 1 0.9613225202744854 0.9471419791026429 0.03867747972551461 0.05285802089735714 (naive) 0.9642857142857143 0.8117647058823529 192.3241 0:03:12 6537.04 123466.48 6192.30 6305.94 341.98 6.23 90.57 203.82
Ald_Xan_dh_2_500_3 1 0.8428464138190012 0.8457842675459256 0.15715358618099884 0.15421573245407438 (naive) 1.0180790960451978 0.6394230769230769 197.7347 0:03:17 6758.52 123594.46 6414.79 6578.43 1.98 6.22 121.16 295.37
adh_1000_3 1 0.9846979865771812 0.9870828848223897 0.015302013422818783 0.012917115177610294 (naive) 1.008 0.9573333333333334 270.2996 0:04:30 6885.57 123528.67 6541.18 6624.51 61.96 8.18 108.22 322.25
p450_100_0 1 0.6021797244499281 0.606897123435298 0.39782027555007193 0.393102876564702 (naive) 1.06640625 0.2785571142284569 349.6932 0:05:49 9527.93 123463.54 9182.80 9293.79 1.99 5.20 173.16 667.16
sodfe_500_2 1 0.9164471208129469 0.904363974001857 0.08355287918705312 0.09563602599814303 (naive) 0.9908675799086758 0.6555023923444976 174.9251 0:02:54 6566.61 123592.73 6221.99 6334.84 1.98 6.11 138.97 309.58
tim_20_2 1 0.9174054640853989 0.9159140173410405 0.08259453591460109 0.0840859826589595 (naive) 1.0038461538461538 0.7915057915057915 423.6154 0:07:03 7642.57 112131.25 7312.08 7391.11 117.99 5.50 176.85 754.14
serpin_20_1 1 0.6606258665082194 0.8403880070546738 0.3393741334917806 0.15961199294532624 (naive) 1.709832134292566 0.032663316582914576 488.0060 0:08:08 8935.49 123654.15 8590.99 8705.00 1.99 5.07 205.07 1068.60
mofe_50_0 1 0.5811298076923077 0.5789552462206257 0.4188701923076923 0.42104475377937434 (naive) 0.9753694581280788 0.2509433962264151 450.3295 0:07:30 9332.57 123527.71 8987.56 9097.68 1.99 5.36 195.35 947.15
DEATH_50_3 1 0.7389033942558747 0.7381324986958789 0.2610966057441253 0.26186750130412106 (naive) 1.0188679245283019 0.45161290322580644 246.3989 0:04:06 6543.29 123654.15 6199.18 6362.75 1.99 5.14 168.88 515.51
serpin_1000_1 1 0.9452366805307981 0.9447688805305355 0.05476331946920188 0.05523111946946446 (naive) 1.0119904076738608 0.8140703517587939 406.4985 0:06:46 9129.33 123464.95 9102.41 9109.69 1.97 8.81 160.13 699.75
int_1000_3 1 0.8518930957683741 0.863431151241535 0.14810690423162587 0.13656884875846498 (naive) 1.0273972602739727 0.6534653465346535 232.7618 0:03:52 7207.91 123464.96 6878.92 6984.13 1.96 9.10 209.21 513.26
cys_50_3 1 0.8709894685280432 0.8640587985178886 0.12901053147195685 0.13594120148211142 (naive) 1.0070671378091873 0.5410447761194029 352.4181 0:05:52 7445.90 111919.01 7101.52 7265.00 33.99 5.44 182.71 645.32
cah_20_1 1 0.8169257340241797 0.8144640551011623 0.18307426597582033 0.18553594489883773 (naive) 0.992831541218638 0.5387453874538746 396.3701 0:06:36 7579.36 123596.95 7233.61 7343.92 1.99 5.17 197.30 844.41
icd_50_0 1 0.6141823444283647 0.8508420208500401 0.3858176555716353 0.14915797914995987 (naive) 1.5681293302540416 0.10743801652892562 402.9568 0:06:42 8794.89 123654.14 8450.33 8533.77 1.99 5.60 178.73 814.68
rub_500_2 1 0.9591836734693877 0.9591836734693877 0.04081632653061229 0.04081632653061229 (naive) 1.0 0.8148148148148148 159.5385 0:02:39 6400.66 123658.48 6056.55 6139.71 1.98 6.07 104.59 210.82
mmp_100_3 1 0.9609079445145019 0.9731800766283525 0.0390920554854981 0.026819923371647514 (naive) 1.0333333333333334 0.893491124260355 266.4561 0:04:26 7003.28 123591.82 6658.21 6742.92 1.99 5.38 185.12 571.66
kunitz_20_3 1 0.8455445544554455 0.8465503568596352 0.15445544554455448 0.1534496431403648 (naive) 0.96875 0.2833333333333333 242.4688 0:04:02 6436.73 123461.21 6091.88 6201.87 1.99 5.11 154.21 432.20
rub_500_1 1 0.9836734693877551 0.9836734693877551 0.01632653061224487 0.01632653061224487 (naive) 1.0 0.9259259259259259 187.1502 0:03:07 6398.23 123656.24 6053.96 6138.43 133.98 6.09 87.50 179.53
phc_20_1 1 0.7421300659754948 0.7543590726192757 0.2578699340245052 0.2456409273807243 (naive) 1.111731843575419 0.441340782122905 340.7981 0:05:40 6980.73 123594.34 6635.26 6747.64 1.99 5.46 177.08 682.17
HLH_500_3 1 0.9240710823909531 0.9285714285714286 0.07592891760904685 0.0714285714285714 (naive) 1.0108695652173914 0.8571428571428571 161.0353 0:02:41 6477.42 123594.38 6133.03 6243.63 1.98 5.80 128.14 281.51
cyclo_50_0 1 0.8758361204013378 0.8847128378378378 0.12416387959866215 0.11528716216216217 (naive) 1.019704433497537 0.7248677248677249 265.7018 0:04:25 6983.48 123527.60 6639.63 6750.41 1.99 5.55 182.42 551.47
DMRL_synthase_200_3 1 0.9160409556313993 0.898861352980576 0.08395904436860069 0.10113864701942399 (naive) 0.9945054945054945 0.7159763313609467 194.4832 0:03:14 6893.41 123660.97 6548.83 6634.42 1.99 6.21 133.73 316.58
phc_200_2 1 0.8764373232799246 0.8994100009672116 0.12356267672007537 0.10058999903278842 (naive) 1.0502793296089385 0.6089385474860335 198.0605 0:03:18 6585.59 123589.95 6243.02 6406.23 1.99 5.59 143.59 326.06
ghf13_50_3 1 0.3805656984031827 0.49953501681093065 0.6194343015968173 0.5004649831890693 (naive) 1.4185303514376997 0.10526315789473684 444.5286 0:07:24 8647.05 115370.81 8302.04 8385.48 25.99 5.38 192.53 883.64
zf-CCHH_20_1 1 0.881198715661791 0.87248322147651 0.11880128433820902 0.12751677852348997 (naive) 1.0512820512820513 0.6 221.5737 0:03:41 6344.20 123461.92 6000.13 6163.51 1.99 5.32 144.30 388.36
asp_200_2 1 0.9022701658348092 0.9039074156215976 0.09772983416519077 0.0960925843784024 (naive) 1.018421052631579 0.6631016042780749 275.9109 0:04:35 8677.23 123597.61 8332.24 8444.82 1.99 6.43 164.40 525.14
lyase_1_200_2 1 0.7518518518518519 0.7646911099949774 0.24814814814814812 0.23530889000502264 (naive) 1.0332681017612524 0.5646123260437376 281.5363 0:04:41 8338.99 123525.96 7995.25 8143.88 1.99 6.00 164.90 503.01
biotin_lipoyl_200_1 1 0.9469744229569557 0.9324324324324325 0.053025577043044336 0.06756756756756754 (naive) 0.9553571428571429 0.8117647058823529 193.6256 0:03:13 6496.62 110967.41 6153.62 6285.94 321.99 5.35 98.79 195.09
hr_500_1 1 1.0 1.0 0.0 0.0 (naive) 1.0 1.0 181.7503 0:03:01 6500.99 110891.38 6156.89 6320.20 61.98 5.88 104.82 194.40
ldh_1000_0 1 0.8639654794119798 0.8604727391921915 0.13603452058802024 0.13952726080780853 (naive) 1.0188679245283019 0.527027027027027 221.2927 0:03:41 6944.24 123658.44 6599.38 6682.68 1.98 7.55 130.45 343.03
subt_1000_1 1 0.8036059684995855 0.8129280223619846 0.19639403150041446 0.18707197763801542 (naive) 1.0966183574879227 0.3239795918367347 491.4546 0:08:11 8686.61 123528.83 8340.74 8426.37 1.96 10.12 244.35 1252.47
adh_500_3 1 0.9605369127516779 0.9654614139233675 0.03946308724832215 0.034538586076632516 (naive) 1.0133333333333334 0.904 193.1989 0:03:13 6917.36 123599.76 6573.73 6683.73 1.98 6.96 131.08 294.74
cyclo_50_2 1 0.8411371237458194 0.8529037727850785 0.1588628762541806 0.14709622721492155 (naive) 1.0246305418719213 0.6507936507936508 264.4989 0:04:24 6953.81 123653.95 6610.88 6774.13 1.99 5.83 181.19 561.74
uce_50_0 1 0.9016528925619834 0.8885972850678733 0.09834710743801656 0.11140271493212672 (naive) 0.9782608695652174 0.4759036144578313 251.1699 0:04:11 6845.80 123526.07 6501.94 6586.56 1.99 5.44 154.01 465.34
Sulfotransfer_200_2 1 0.711482254697286 0.7266524520255864 0.288517745302714 0.27334754797441363 (naive) 0.984251968503937 0.375 250.9234 0:04:10 7827.70 123523.50 7482.54 7596.36 1.99 6.67 153.21 452.39
ghf5_20_1 1 0.24846701005641403 0.23547187354718735 0.751532989943586 0.7645281264528127 (naive) 0.9723404255319149 0.0 480.8713 0:08:00 8170.46 123526.00 7826.60 7989.72 1.99 5.20 210.41 1102.91
blmb_20_2 1 0.30215123859191656 0.29759229534510434 0.6978487614080835 0.7024077046548957 (naive) 0.9593023255813954 0.007272727272727273 428.6836 0:07:08 7326.81 123591.59 7005.44 7156.25 1.99 5.32 195.40 931.06
cah_100_1 1 0.8726252158894646 0.881762652705061 0.12737478411053538 0.11823734729493895 (naive) 1.03584229390681 0.6789667896678967 254.2877 0:04:14 7553.41 123527.71 7208.89 7317.95 1.99 5.76 170.79 485.17
KAS_50_0 1 0.685181303709914 0.6874868559411146 0.31481869629008596 0.3125131440588854 (naive) 0.9975247524752475 0.4275 369.6742 0:06:09 7524.85 123462.00 7180.21 7290.16 1.99 5.27 190.80 769.43
int_50_2 1 0.7065701559020044 0.7177601809954751 0.29342984409799555 0.2822398190045249 (naive) 1.0502283105022832 0.39603960396039606 271.7352 0:04:31 7040.48 123526.07 6696.77 6807.60 1.99 5.43 181.96 562.99
LIM_100_3 1 0.9854838709677419 0.9854838709677419 0.014516129032258074 0.014516129032258074 (naive) 1.0 0.9024390243902439 191.1741 0:03:11 6448.02 123526.15 6103.89 6267.45 1.99 5.46 130.46 330.70
gluts_100_0 1 0.8218947368421052 0.8228908678927123 0.17810526315789477 0.17710913210728774 (naive) 1.0297872340425531 0.575107296137339 237.8638 0:03:57 6671.51 123526.16 6327.75 6411.00 1.99 5.50 163.70 469.91
rhv_100_1 1 0.6471092484998572 0.694754064832805 0.3528907515001428 0.305245935167195 (naive) 1.1271367521367521 0.3692992213570634 276.8508 0:04:36 7197.53 123526.18 6851.89 6962.17 1.99 5.14 182.28 567.08
proteasome_1000_3 1 0.8301901169657485 0.8230716929817935 0.16980988303425149 0.1769283070182065 (naive) 1.051779935275081 0.3103448275862069 226.4871 0:03:46 7234.46 123592.91 6889.80 6974.77 1.97 8.34 127.16 328.58
ltn_200_3 1 0.943115400299035 0.9436926215572934 0.056884599700965044 0.05630737844270661 (naive) 1.0177935943060499 0.766798418972332 232.3332 0:03:52 7585.66 123525.98 7241.73 7405.95 1.99 6.17 163.60 422.23
uce_1000_1 1 0.9025711662075299 0.9003389209489786 0.09742883379247014 0.0996610790510214 (naive) 1.0380434782608696 0.6024096385542169 222.0201 0:03:42 7035.19 123528.94 6690.94 6854.31 1.97 8.19 122.93 326.88
ltn_100_2 1 0.928027728693761 0.9271455730581206 0.07197227130623896 0.07285442694187938 (naive) 1.00355871886121 0.7272727272727273 257.5608 0:04:17 7591.52 123525.95 7246.93 7404.86 1.99 5.46 155.72 516.05
adh_50_3 1 0.978255033557047 0.9785177228786252 0.021744966442952984 0.02148227712137485 (naive) 1.0026666666666666 0.9413333333333334 300.2431 0:05:00 6876.90 123591.64 6532.82 6643.50 1.99 5.17 184.77 606.91
lyase_1_200_1 1 0.7725925925925926 0.7797159232494393 0.2274074074074074 0.22028407675056072 (naive) 1.0117416829745598 0.584493041749503 289.9680 0:04:49 8370.36 123535.77 8026.10 8189.59 1.99 6.17 165.10 511.30
ldh_1000_1 1 0.8837855627879763 0.8772413793103448 0.11621443721202374 0.12275862068965515 (naive) 1.005390835579515 0.5621621621621622 216.7293 0:03:36 6938.57 123599.90 6593.64 6680.90 1.98 7.87 141.79 351.67
ghf5_50_1 1 0.5535933284277655 0.5385349558577905 0.44640667157223446 0.46146504414220946 (naive) 1.0191489361702128 0.2133676092544987 372.9866 0:06:12 8110.29 123655.53 7764.85 7848.27 1.99 5.43 186.62 800.39
subt_100_1 1 0.7630560928433269 0.7685243164266333 0.23694390715667313 0.23147568357336668 (naive) 1.0579710144927537 0.35459183673469385 339.6197 0:05:39 8490.09 123527.55 8165.01 8316.40 1.99 5.68 181.35 676.50
ghf10_100_3 1 0.9123693966970003 0.9096102150537635 0.08763060330299965 0.0903897849462365 (naive) 1.0 0.7523219814241486 310.1546 0:05:10 8128.20 123461.04 7783.57 7944.35 1.99 5.66 177.73 665.89
biotin_lipoyl_100_3 1 0.9594510293200249 0.9429797670141018 0.040548970679975094 0.0570202329858982 (naive) 0.9553571428571429 0.8117647058823529 201.0620 0:03:21 6505.58 123523.52 6163.20 6273.58 1.99 5.49 126.63 345.58
sdr_200_1 1 0.7848429651708341 0.7728137398771673 0.21515703482916593 0.22718626012283272 (naive) 1.0387811634349031 0.2744479495268139 235.0721 0:03:55 7139.70 123527.67 7112.89 7119.59 1.99 5.89 188.04 527.33
int_20_2 1 0.24665924276169265 0.3812392426850258 0.7533407572383073 0.6187607573149743 (naive) 1.812785388127854 0.09405940594059406 364.0856 0:06:04 7099.64 123535.72 6754.96 6838.91 1.99 5.06 192.06 755.63
DMRL_synthase_20_2 1 0.9180887372013652 0.8913187541418157 0.08191126279863481 0.10868124585818428 (naive) 0.9560439560439561 0.7218934911242604 356.1870 0:05:56 6874.93 111325.52 6529.96 6693.84 189.99 5.20 169.31 607.40
msb_50_2 1 0.9064885496183206 0.8861940298507462 0.0935114503816794 0.11380597014925375 (naive) 1.0 0.6689655172413793 233.3925 0:03:53 6675.55 123462.04 6331.48 6414.65 1.99 5.31 175.81 499.90
tms_20_0 1 0.9333588663347376 0.9297977871041587 0.06664113366526236 0.07020221289584128 (naive) 1.0028011204481793 0.7964912280701755 481.6957 0:08:01 7878.02 123650.16 7836.96 7844.28 49.99 5.34 191.69 938.24
serpin_1000_0 1 0.9512774806892454 0.9472438615521152 0.04872251931075455 0.05275613844788485 (naive) 1.0047961630695443 0.8165829145728644 407.2015 0:06:47 8973.21 123528.89 8938.55 8944.95 1.97 9.68 165.04 711.18
ldh_50_1 1 0.8801287208366855 0.8704205996166504 0.11987127916331453 0.12957940038334959 (naive) 1.005390835579515 0.581081081081081 347.6513 0:05:47 7014.22 111458.44 6669.07 6752.62 689.99 5.17 155.44 545.28
cryst_200_3 1 0.9313365357445607 0.9305477131564088 0.06866346425543934 0.06945228684359117 (naive) 1.0052083333333333 0.7348066298342542 211.6551 0:03:31 6586.53 111008.81 6241.90 6351.84 145.99 5.71 124.95 269.57
msb_500_3 1 0.8215648854961832 0.8316162266580811 0.17843511450381677 0.1683837733419189 (naive) 1.0253164556962024 0.5172413793103449 172.7119 0:02:52 6684.15 123599.86 6340.91 6453.41 1.98 6.62 163.53 332.79
blmb_100_1 1 0.6734028683181226 0.6863787375415282 0.32659713168187743 0.3136212624584718 (naive) 0.9854651162790697 0.33090909090909093 258.9543 0:04:18 7253.24 123527.55 6908.75 6994.08 1.99 5.78 150.59 467.33
hormone_rec_200_0 1 0.7185929648241206 0.7218907755851308 0.2814070351758794 0.2781092244148692 (naive) 1.0551948051948052 0.47330960854092524 228.1773 0:03:48 7316.68 123525.97 6972.55 7094.26 1.99 5.72 143.27 392.78
annexin_200_2 1 0.9585360693886186 0.9626088803909072 0.04146393061138143 0.037391119609092804 (naive) 1.0092879256965945 0.9308176100628931 185.7835 0:03:05 6501.79 123591.83 6156.96 6245.97 1.99 5.62 143.08 345.19
oxidored_q6_100_0 1 0.9290697674418604 0.9422169811320755 0.07093023255813957 0.057783018867924474 (naive) 1.0175438596491229 0.8458646616541353 248.0708 0:04:08 6801.23 123590.29 6457.15 6570.93 1.99 5.43 161.48 487.90
mofe_200_1 1 0.7961237980769231 0.8166127292340885 0.20387620192307687 0.18338727076591155 (naive) 1.0541871921182266 0.5811320754716981 331.1142 0:05:31 9370.60 123468.90 9025.20 9189.21 1.99 6.08 174.83 614.42
Ald_Xan_dh_2_50_0 1 0.3083927900863688 0.5234225621414914 0.6916072099136312 0.4765774378585086 (naive) 1.8135593220338984 0.12740384615384615 370.9705 0:06:10 7024.37 111502.04 6678.70 6789.84 209.99 5.45 171.79 642.08
rvp_500_3 1 0.6677943166441137 0.844311377245509 0.3322056833558863 0.15568862275449102 (naive) 1.5454545454545454 0.16216216216216217 166.9745 0:02:46 6606.18 123526.14 6261.23 6344.30 1.99 5.93 121.10 276.61
asp_50_1 1 0.889872806311383 0.8901594459655339 0.11012719368861701 0.10984055403446613 (naive) 1.0157894736842106 0.6657754010695187 374.3800 0:06:14 8562.31 123591.53 8217.11 8301.13 1.99 5.45 181.72 745.20
zf-CCHH_500_3 1 0.9432750624331074 0.9389204545454546 0.056724937566892564 0.061079545454545414 (naive) 1.1025641025641026 0.7428571428571429 150.0496 0:02:30 6343.45 123528.72 5999.15 6109.36 1.98 5.72 150.33 293.41
p450_200_0 1 0.5656179313181164 0.6665535792177579 0.43438206868188356 0.33344642078224207 (naive) 1.78125 0.0 314.5133 0:05:14 9519.14 123533.00 9173.89 9337.76 1.99 6.86 164.12 587.84
icd_1000_3 1 0.9227206946454414 0.9310747663551402 0.07727930535455863 0.0689252336448598 (naive) 1.0184757505773672 0.8099173553719008 410.6779 0:06:50 9109.68 123658.47 8765.08 8875.14 1.97 10.34 164.00 731.12
mofe_200_2 1 0.7321213942307693 0.7583255524431995 0.2678786057692307 0.24167444755680045 (naive) 1.0558292282430213 0.5283018867924528 343.2617 0:05:43 9517.21 123529.55 9172.75 9282.53 61.99 6.05 145.53 513.95
mofe_50_2 1 0.7483473557692307 0.7490225563909775 0.2516526442307693 0.2509774436090225 (naive) 0.9737274220032841 0.5150943396226415 466.7001 0:07:46 9723.51 114178.50 9395.68 9551.63 509.99 5.56 178.77 835.39
cryst_200_2 1 0.8027691438259396 0.9323925172300623 0.19723085617406044 0.06760748276993767 (naive) 1.4270833333333333 0.34806629834254144 187.4679 0:03:07 6570.49 123526.05 6241.65 6397.50 1.99 5.69 147.88 328.75
tgfb_20_1 1 0.8793248945147679 0.8719665271966527 0.12067510548523208 0.12803347280334731 (naive) 0.9915254237288136 0.5555555555555556 284.5211 0:04:44 6639.31 123596.94 6294.14 6403.67 1.99 5.24 163.99 523.38
gluts_500_3 1 0.9138947368421053 0.9132698679850628 0.08610526315789468 0.08673013201493718 (naive) 1.0170212765957447 0.721030042918455 190.6677 0:03:10 6691.09 123661.13 6348.71 6512.38 1.98 6.20 140.91 308.19
HMG_box_50_2 1 0.9589235127478754 0.9535211267605633 0.04107648725212465 0.04647887323943667 (naive) 1.0112359550561798 0.8024691358024691 209.7779 0:03:29 6504.78 123464.70 6159.98 6270.04 1.99 5.33 156.74 413.05
GEL_500_1 1 0.6497512437810945 0.6629441624365482 0.3502487562189055 0.3370558375634518 (naive) 1.0533333333333332 0.3082191780821918 169.0707 0:02:49 6530.12 123592.86 6188.59 6299.54 1.98 6.44 103.48 220.02
Acetyltransf_20_0 1 0.6633712308452793 0.64272030651341 0.33662876915472073 0.35727969348659006 (naive) 0.9606986899563319 0.25396825396825395 334.3165 0:05:34 6589.23 123660.99 6258.34 6414.81 1.99 5.26 179.56 702.72
blmb_50_2 1 0.6470013037809648 0.6521024967148489 0.35299869621903524 0.3478975032851511 (naive) 0.9680232558139535 0.32 318.1929 0:05:18 7287.40 123526.04 6943.08 7052.97 1.99 5.48 176.14 626.99
ltn_20_1 1 0.9422318879978252 0.9355557055131926 0.0577681120021748 0.06444429448680744 (naive) 0.9786476868327402 0.758893280632411 395.9899 0:06:35 7520.67 123654.03 7199.71 7351.13 1.99 5.18 192.04 861.73
kunitz_500_3 1 0.9928712871287129 0.9928712871287129 0.007128712871287135 0.007128712871287135 (naive) 1.0 0.9666666666666667 161.5962 0:02:41 6437.40 123594.38 6093.15 6203.95 1.98 6.06 107.32 224.98
cah_50_3 1 0.8264248704663213 0.8274967574578469 0.1735751295336787 0.1725032425421531 (naive) 1.025089605734767 0.5719557195571956 324.5623 0:05:24 7669.74 112147.64 7326.17 7436.71 277.99 5.20 171.42 557.18
OTCace_100_1 1 0.9368770764119602 0.9501347708894878 0.06312292358803984 0.049865229110512166 (naive) 1.0257142857142858 0.8308605341246291 277.2480 0:04:37 7003.01 123597.02 6658.34 6769.07 1.99 5.60 174.99 570.06
lyase_1_50_3 1 0.7474074074074074 0.7537350597609562 0.2525925925925926 0.24626494023904377 (naive) 1.00587084148728 0.5506958250497018 436.1942 0:07:16 8338.58 112857.07 7993.87 8100.12 605.99 5.63 167.16 730.07
kunitz_200_2 1 0.9857425742574257 0.989268680445151 0.01425742574257427 0.010731319554848961 (naive) 1.015625 0.9333333333333333 165.2225 0:02:45 6437.88 123525.98 6094.84 6204.65 1.99 5.80 116.52 288.28
rrm_50_2 1 0.7787120734356388 0.750118123523456 0.22128792656436125 0.24988187647654403 (naive) 0.9044585987261147 0.18018018018018017 218.3499 0:03:38 6506.18 123462.00 6161.66 6244.79 1.99 5.65 157.82 450.36
tim_1000_0 1 0.9770218925275919 0.9778180172023541 0.022978107472408138 0.02218198279764594 (naive) 1.0076923076923077 0.915057915057915 288.2922 0:04:48 7710.40 123524.20 7364.91 7470.66 21.97 8.86 134.80 405.73
proteasome_20_3 1 0.6969939421648188 0.6600757712430092 0.3030060578351812 0.3399242287569908 (naive) 0.9805825242718447 0.12413793103448276 395.6874 0:06:35 7381.57 123651.52 7341.67 7348.03 1.99 5.18 198.33 863.62
sodfe_200_1 1 0.9147534813699661 0.9026926648096565 0.08524651863003385 0.09730733519034351 (naive) 0.9908675799086758 0.6602870813397129 185.8767 0:03:05 6580.55 123526.21 6237.18 6347.01 1.99 5.64 146.15 351.71
cytb_50_0 1 0.7693588676103247 0.791095890410959 0.23064113238967532 0.20890410958904104 (naive) 1.06 0.44565217391304346 226.3603 0:03:46 6530.34 123597.11 6185.49 6268.70 1.99 5.13 164.21 457.69
adh_500_0 1 0.9444295302013422 0.9528710725893824 0.05557046979865776 0.04712892741061758 (naive) 1.0213333333333334 0.8693333333333333 197.6554 0:03:17 6912.30 123656.79 6567.41 6652.79 1.98 6.82 113.34 306.39
OTCace_100_0 1 0.9372093023255814 0.939081225033289 0.06279069767441858 0.06091877496671105 (naive) 1.002857142857143 0.827893175074184 265.4896 0:04:25 7005.13 123523.57 6672.62 6751.62 1.99 5.58 175.62 576.70
oxidored_q6_20_2 1 0.9251937984496124 0.9287937743190662 0.07480620155038764 0.07120622568093382 (naive) 1.0035087719298246 0.8007518796992481 400.6093 0:06:40 6834.83 123526.00 6498.40 6654.52 1.99 5.12 184.55 814.80
kringle_50_2 1 0.8934280639431617 0.8861874559548978 0.10657193605683835 0.11381254404510222 (naive) 1.05 0.6629213483146067 211.2404 0:03:31 6524.09 123655.66 6191.98 6297.33 1.99 5.34 148.69 378.33
subt_20_0 1 0.5816523901630285 0.5831832663803851 0.4183476098369715 0.4168167336196149 (naive) 1.2198067632850242 0.03826530612244898 537.6684 0:08:57 8036.28 112552.15 7691.27 7774.49 497.99 5.38 194.02 1043.81
oxidored_q6_20_0 1 0.8271317829457364 0.9735401459854015 0.17286821705426358 0.026459854014598494 (naive) 1.343859649122807 0.5714285714285714 383.9448 0:06:23 6775.55 123525.09 6445.63 6597.79 1.99 5.54 202.93 861.65
p450_100_3 1 0.5790252930289944 0.5971750933152359 0.4209747069710056 0.4028249066847641 (naive) 1.08203125 0.30861723446893785 412.5978 0:06:52 9571.80 114041.50 9544.29 9551.51 57.99 5.84 216.18 893.31
lyase_1_1000_1 1 0.745679012345679 0.7559449311639549 0.254320987654321 0.2440550688360451 (naive) 1.0215264187866928 0.5487077534791253 447.9933 0:07:27 8459.79 123661.02 8115.27 8232.53 169.97 10.00 166.17 759.46
adh_1000_0 1 0.9653691275167785 0.9718918918918918 0.0346308724832215 0.028108108108108154 (naive) 1.0186666666666666 0.9173333333333333 219.8120 0:03:39 6910.99 123592.66 6565.69 6649.33 1.96 8.18 131.14 321.72
OTCace_200_2 1 0.9019933554817275 0.9190927555856466 0.09800664451827246 0.08090724441435337 (naive) 1.0314285714285714 0.7685459940652819 248.1369 0:04:08 7028.66 111349.31 6704.90 6809.73 13.99 5.59 134.47 338.64
cyclo_500_2 1 0.8816889632107023 0.8932655654383735 0.11831103678929766 0.10673443456162646 (naive) 1.0147783251231528 0.7195767195767195 201.8552 0:03:21 7057.89 123535.65 6712.00 6825.01 1.98 7.22 172.16 410.63
tgfb_50_3 1 0.8962025316455696 0.8913134704154427 0.10379746835443038 0.10868652958455727 (naive) 1.0 0.5470085470085471 219.1016 0:03:39 6607.18 123654.27 6263.25 6377.89 1.99 5.30 167.21 445.15
aat_50_1 1 0.6345905299024791 0.6194872971267993 0.3654094700975209 0.3805127028732007 (naive) 0.9831932773109243 0.1729490022172949 388.4764 0:06:28 8989.03 123533.02 8644.98 8755.22 1.99 5.61 188.60 803.35
OTCace_200_3 1 0.9501661129568106 0.9568417530946804 0.04983388704318936 0.04315824690531955 (naive) 1.0114285714285713 0.8664688427299704 231.7206 0:03:51 7022.87 123532.89 6677.89 6788.08 1.99 5.73 167.09 445.60
annexin_100_1 1 0.9834990480220013 0.9872584412826503 0.016500951977998723 0.012741558717349721 (naive) 1.0092879256965945 0.9528301886792453 207.8542 0:03:27 6511.76 123724.86 6167.14 6255.29 1.99 5.53 164.40 411.34
mmp_20_1 1 0.962589323245061 0.960973562736047 0.03741067675493903 0.03902643726395305 (naive) 1.0 0.893491124260355 321.8901 0:05:21 6903.52 123463.63 6558.83 6642.00 1.99 5.63 193.04 701.59
Ald_Xan_dh_2_100_0 1 0.8275441231693579 0.8401639344262295 0.17245587683064212 0.1598360655737705 (naive) 1.038418079096045 0.6117788461538461 254.9360 0:04:14 6881.17 123596.88 6536.12 6651.21 1.99 5.64 160.40 499.39
Acetyltransf_100_1 1 0.634206623826001 0.6162343900096061 0.365793376173999 0.3837656099903939 (naive) 0.9694323144104804 0.2698412698412698 213.4233 0:03:33 6559.76 123533.21 6215.41 6315.38 1.99 5.61 161.11 400.03
HMG_box_20_2 1 0.8711048158640227 0.8686440677966102 0.12889518413597734 0.1313559322033898 (naive) 1.0112359550561798 0.6296296296296297 257.2944 0:04:17 6502.44 123532.98 6158.18 6322.52 1.99 5.24 157.73 466.03
serpin_500_1 1 0.9471182412358883 0.9447792156475353 0.05288175876411172 0.05522078435246469 (naive) 1.0095923261390887 0.821608040201005 384.0554 0:06:24 9153.07 123597.02 8807.71 8917.94 1.98 7.96 167.08 659.06
flav_50_0 1 0.7992879394748553 0.8068283917340521 0.20071206052514468 0.19317160826594792 (naive) 1.0273224043715847 0.4857142857142857 277.3478 0:04:37 6831.68 111283.34 6487.67 6570.96 113.99 5.39 146.77 408.02
uce_200_3 1 0.9191919191919192 0.9272811486799444 0.08080808080808077 0.07271885132005562 (naive) 1.048913043478261 0.5903614457831325 196.8465 0:03:16 6902.39 123589.96 6560.04 6672.11 1.99 5.87 124.35 316.08
rrm_50_0 1 0.7468993062854741 0.7300684931506849 0.2531006937145259 0.2699315068493151 (naive) 0.9363057324840764 0.16216216216216217 220.2570 0:03:40 6508.83 123526.06 6164.99 6277.28 1.99 5.22 150.49 411.85
kunitz_500_1 1 0.9857425742574257 0.9857425742574257 0.01425742574257427 0.01425742574257427 (naive) 1.0 0.9333333333333333 159.0262 0:02:39 6442.00 123654.22 6097.81 6210.40 1.98 6.11 109.35 231.16
Ald_Xan_dh_2_50_1 1 0.17536612842658655 0.19452254503800895 0.8246338715734134 0.8054774549619911 (naive) 1.2090395480225988 0.02403846153846154 356.5844 0:05:56 6991.93 123532.99 6647.57 6777.76 1.99 5.27 193.19 775.31
lyase_1_200_0 1 0.7469135802469136 0.7532370517928287 0.25308641975308643 0.24676294820717126 (naive) 1.0117416829745598 0.5526838966202783 280.9602 0:04:40 8291.61 123591.57 8254.17 8261.48 1.99 6.92 161.26 489.74
cah_500_3 1 0.8873056994818653 0.8946451893774489 0.11269430051813467 0.10535481062255114 (naive) 1.021505376344086 0.6937269372693727 237.5389 0:03:57 7670.23 123530.44 7324.98 7408.46 1.98 7.77 165.41 415.41
sdr_50_3 1 0.7829110779930452 0.7634425964798967 0.21708892200695484 0.23655740352010335 (naive) 1.0221606648199446 0.3028391167192429 348.7300 0:05:48 7136.14 111627.97 6790.87 6954.73 165.99 5.50 155.01 542.46
il8_500_3 1 0.8598474145238768 0.8545352429092952 0.1401525854761232 0.14546475709070483 (naive) 0.9753086419753086 0.5714285714285714 162.6573 0:02:42 6474.55 123663.94 6130.64 6218.44 1.98 6.44 111.87 236.97
tim_20_0 1 0.9117061697123213 0.9094026349034471 0.08829383028767868 0.09059736509655292 (naive) 1.0038461538461538 0.7799227799227799 403.8871 0:06:43 7626.32 123527.77 7281.18 7364.80 1.99 5.41 185.81 829.64
rub_1000_3 1 0.9918367346938776 0.9918367346938776 0.008163265306122436 0.008163265306122436 (naive) 1.0 0.9629629629629629 164.3161 0:02:44 6414.32 123528.76 6087.43 6243.51 1.97 6.72 119.49 242.70
phc_500_0 1 0.9154571159283694 0.939998064453692 0.08454288407163058 0.06000193554630795 (naive) 1.0558659217877095 0.6871508379888268 205.7123 0:03:25 6517.21 110962.38 6173.53 6258.32 109.99 5.96 115.56 242.67
icd_1000_2 1 0.9149059334298119 0.921037296037296 0.08509406657018814 0.078962703962704 (naive) 1.0184757505773672 0.7878787878787878 422.8261 0:07:02 9099.14 123590.15 8761.66 8875.53 1.97 9.32 166.23 732.25
rrm_1000_3 1 0.846261649498984 0.8281560721387917 0.15373835050101603 0.17184392786120828 (naive) 0.9554140127388535 0.17117117117117117 189.4674 0:03:09 6589.18 110895.05 6244.29 6327.69 173.96 7.68 95.92 186.54
ghf10_200_1 1 0.8725985844287159 0.8896907216494845 0.12740141557128415 0.11030927835051552 (naive) 1.065934065934066 0.7244582043343654 266.8130 0:04:26 7920.28 123596.87 7575.15 7658.56 1.99 6.83 175.55 523.81
cryst_500_2 1 0.922576999152303 0.9202367531003383 0.07742300084769704 0.07976324689966174 (naive) 1.0 0.712707182320442 178.7924 0:02:58 6612.55 123592.97 6268.40 6378.94 1.98 6.40 134.92 290.24
rrm_1000_2 1 0.8435288346997407 0.8240125949756999 0.15647116530025929 0.1759874050243001 (naive) 0.9745222929936306 0.17117117117117117 175.3196 0:02:55 6244.14 123594.48 5899.28 6062.73 1.96 7.57 130.17 268.94
blmb_200_3 1 0.6342894393741851 0.6648445507345405 0.36571056062581486 0.3351554492654595 (naive) 0.9941860465116279 0.29818181818181816 253.9047 0:04:13 7273.95 123586.10 7033.44 7133.41 77.99 5.79 128.80 340.84
proteasome_200_2 1 0.8376576370632834 0.8220294623495102 0.16234236293671656 0.17797053765048976 (naive) 0.9967637540453075 0.2620689655172414 225.2927 0:03:45 7193.71 123654.01 6850.59 7013.96 1.99 5.79 149.42 391.30
hpr_1000_3 1 0.993006993006993 0.993006993006993 0.006993006993006978 0.006993006993006978 (naive) 1.0 0.9772727272727273 210.5941 0:03:30 6649.21 123656.31 6304.71 6468.23 53.97 6.73 107.66 240.76
kringle_200_1 1 0.9548845470692717 0.9458128078817734 0.04511545293072827 0.054187192118226646 (naive) 1.02 0.8089887640449438 174.1969 0:02:54 6509.07 123526.23 6165.08 6277.83 1.99 5.67 143.04 301.65
HMG_box_200_1 1 0.9674220963172805 0.9619718309859155 0.03257790368271951 0.038028169014084456 (naive) 1.0112359550561798 0.8395061728395061 197.1572 0:03:17 6470.55 123523.64 6127.62 6290.86 61.99 5.47 90.66 189.87
ghf10_20_1 1 0.723963599595551 0.7220168067226891 0.276036400404449 0.2779831932773109 (naive) 1.0 0.5263157894736842 508.4635 0:08:28 7863.88 112323.45 7518.32 7628.22 145.99 5.17 180.31 918.22
proteasome_200_0 1 0.8077113574884749 0.7976521935435322 0.1922886425115251 0.20234780645646777 (naive) 1.0485436893203883 0.20689655172413793 212.3292 0:03:32 7179.32 123782.10 6835.36 6931.87 1.99 5.55 173.84 442.84
sodfe_20_1 1 0.8293187805796011 0.8279165883900056 0.17068121942039893 0.1720834116099944 (naive) 1.0593607305936072 0.45933014354066987 336.1219 0:05:36 6701.60 123591.66 6356.88 6456.14 1.99 5.16 185.07 694.64
cytb_500_2 1 0.8084929225645295 0.8228813559322034 0.19150707743547046 0.17711864406779665 (naive) 1.06 0.5217391304347826 181.5326 0:03:01 6638.12 123530.44 6293.49 6377.99 1.98 6.58 136.82 295.35
rvp_200_0 1 0.7070365358592693 0.7046527309507754 0.2929634641407307 0.2953472690492246 (naive) 1.0454545454545454 0.2882882882882883 176.0116 0:02:56 6574.52 123596.94 6230.21 6315.54 1.99 5.58 171.88 393.47
KAS_20_1 1 0.5009431984908824 0.6620498614958449 0.4990568015091176 0.3379501385041551 (naive) 1.4059405940594059 0.2725 478.9615 0:07:58 7487.02 123525.99 7141.52 7248.30 1.99 5.34 215.10 1103.86
KAS_500_2 1 0.8006707189268497 0.8679845489661441 0.1993292810731503 0.13201545103385592 (naive) 1.1287128712871286 0.6175 226.6052 0:03:46 7522.65 123590.22 7178.13 7343.80 1.99 7.38 141.54 363.36
sdr_500_1 1 0.8360103769939835 0.820654529692241 0.1639896230060165 0.17934547030775905 (naive) 1.0498614958448753 0.4037854889589905 214.3775 0:03:34 7164.54 123656.96 6819.19 6902.55 1.98 6.74 140.28 380.17
phc_100_3 1 0.8924599434495759 0.9091694671147383 0.10754005655042409 0.09083053288526166 (naive) 1.0446927374301676 0.659217877094972 222.8799 0:03:42 6575.14 123463.74 6230.53 6313.87 1.99 5.31 140.13 402.51
peroxidase_500_2 1 0.7148387096774194 0.7560559535994541 0.28516129032258064 0.2439440464005459 (naive) 1.0887728459530026 0.38968481375358166 274.0471 0:04:34 7868.16 123656.75 7523.42 7606.69 1.98 8.34 150.86 474.04
OTCace_100_2 1 0.9312292358803986 0.9437710437710438 0.06877076411960137 0.056228956228956184 (naive) 1.0285714285714285 0.8249258160237388 318.5566 0:05:18 7005.05 123660.95 6866.22 6873.49 529.99 5.55 141.61 465.38
mofe_500_1 1 0.7542067307692307 0.7867105469362169 0.24579326923076927 0.2132894530637831 (naive) 1.0788177339901477 0.5679245283018868 394.3221 0:06:34 9749.85 123663.64 9703.20 9710.42 1.98 8.42 177.87 737.96
tRNA-synt_2b_200_1 1 0.475020475020475 0.4496124031007752 0.524979524979525 0.5503875968992248 (naive) 0.9079229122055674 0.1744186046511628 259.7498 0:04:19 7177.88 111621.52 6833.88 6918.25 1.99 6.03 166.78 436.08
mofe_1000_3 1 0.7814002403846154 0.8154593916588272 0.21859975961538458 0.1845406083411728 (naive) 1.0870279146141215 0.5867924528301887 382.8112 0:06:22 9770.95 123528.87 9425.64 9532.01 1.97 11.27 193.61 795.87
phc_1000_3 1 0.9050895381715363 0.9286335944299391 0.09491046182846374 0.07136640557006091 (naive) 1.0614525139664805 0.6927374301675978 196.0422 0:03:16 6700.71 123528.86 6355.72 6465.73 1.98 6.90 115.21 282.71
Ald_Xan_dh_2_1000_1 1 0.8384340968832145 0.8408021088307287 0.16156590311678554 0.1591978911692713 (naive) 1.0112994350282485 0.6286057692307693 201.2514 0:03:21 6794.47 123528.90 6449.31 6559.48 1.97 8.73 166.36 373.95
gluts_1000_0 1 0.910578947368421 0.910722745696689 0.08942105263157896 0.08927725430331102 (naive) 1.0127659574468084 0.6995708154506438 208.7822 0:03:28 6690.67 123592.76 6346.52 6456.81 1.96 8.17 138.76 319.11
tRNA-synt_2b_200_0 1 0.45782145782145783 0.4370602032838155 0.5421785421785421 0.5629397967161844 (naive) 0.880085653104925 0.18023255813953487 230.2434 0:03:50 7188.22 123661.45 7125.59 7132.79 1.99 5.84 139.88 449.15
kringle_20_0 1 0.9225577264653642 0.9109084531743248 0.07744227353463584 0.08909154682567522 (naive) 1.01 0.7078651685393258 260.5069 0:04:20 6537.28 123597.04 6192.34 6275.62 1.99 5.42 157.59 483.71
proteasome_200_1 1 0.8072541623804625 0.7959728013824712 0.19274583761953745 0.20402719861752883 (naive) 1.035598705501618 0.25862068965517243 217.5246 0:03:37 7201.97 123591.70 6858.37 6942.91 1.99 6.08 139.43 381.87
biotin_lipoyl_50_1 1 0.9376169681846538 0.924923076923077 0.06238303181534621 0.07507692307692304 (naive) 0.9642857142857143 0.7529411764705882 221.7798 0:03:41 6499.95 123597.01 6155.75 6319.33 1.99 5.25 161.08 416.48
sodcu_1000_0 1 0.9216073781291173 0.9298770355599867 0.0783926218708827 0.07012296444001331 (naive) 1.0118343195266273 0.8132530120481928 248.9719 0:04:08 7020.12 123594.45 6675.35 6762.41 85.97 7.98 103.93 276.62
Ald_Xan_dh_2_200_3 1 0.8472587307547879 0.8426704014939309 0.15274126924521214 0.1573295985060691 (naive) 1.001129943502825 0.6550480769230769 235.1348 0:03:55 6779.06 111200.88 6434.69 6548.17 29.99 5.75 143.23 337.75
phc_1000_2 1 0.9265786993402451 0.9416666666666667 0.07342130065975494 0.05833333333333335 (naive) 1.0502793296089385 0.6703910614525139 195.1539 0:03:15 6723.75 123528.86 6379.23 6489.01 1.98 7.38 111.16 286.58
rhv_500_2 1 0.42356414896656824 0.5237310093039689 0.5764358510334318 0.4762689906960311 (naive) 1.3952991452991452 0.03337041156840934 217.5762 0:03:37 7154.71 123655.59 6810.79 6905.27 1.99 6.38 139.70 372.78
tim_20_1 1 0.9673421385923647 0.9654207295052365 0.03265786140763527 0.0345792704947635 (naive) 1.0 0.8957528957528957 404.7120 0:06:44 7635.70 123532.96 7291.11 7455.26 1.99 5.21 187.92 832.56
cyclo_500_0 1 0.9122073578595318 0.920675105485232 0.08779264214046822 0.07932489451476799 (naive) 1.0246305418719213 0.798941798941799 207.8379 0:03:27 7054.71 123656.79 6710.48 6799.13 1.98 7.00 151.13 368.51
KAS_200_1 1 0.7998323202682875 0.8688524590163934 0.20016767973171246 0.1311475409836066 (naive) 1.1212871287128714 0.62 241.7169 0:04:01 7319.61 123597.11 6974.82 7087.16 1.99 5.75 167.02 490.16
blm_100_2 1 0.9009046624913013 0.9021602787456446 0.0990953375086987 0.09783972125435536 (naive) 1.0145985401459854 0.6928838951310862 320.4013 0:05:20 8293.08 123591.77 7962.21 8117.69 1.99 5.61 174.48 622.40
icd_20_2 1 0.7892908827785817 0.7847482014388489 0.21070911722141827 0.21525179856115106 (naive) 0.9884526558891455 0.5179063360881543 529.2178 0:08:49 8582.66 123532.95 8236.26 8346.96 1.99 5.31 200.99 1140.60
ldh_100_0 1 0.8727419000950779 0.8623044405101709 0.1272580999049221 0.13769555948982914 (naive) 0.9973045822102425 0.5756756756756757 265.5513 0:04:25 6966.38 123591.56 6622.03 6734.66 1.99 5.47 179.12 581.43
blmb_500_0 1 0.6456975228161669 0.6756480218281037 0.3543024771838331 0.3243519781718963 (naive) 1.0203488372093024 0.33454545454545453 230.0008 0:03:50 7393.24 123594.44 7048.39 7158.35 1.98 7.67 141.19 369.82
cys_200_3 1 0.9080333088415381 0.9076442866760511 0.0919666911584619 0.09235571332394887 (naive) 1.028268551236749 0.585820895522388 234.2177 0:03:54 7495.31 123590.05 7151.01 7245.84 1.99 6.12 179.52 471.66
zf-CCHH_50_0 1 0.8619336425258651 0.8579545454545454 0.13806635747413487 0.14204545454545459 (naive) 1.0256410256410255 0.5142857142857142 191.8354 0:03:11 6340.23 123587.50 5996.04 6106.50 1.99 5.58 135.73 329.46
myb_DNA-binding_1000_2 1 0.9679358717434869 0.9564356435643564 0.03206412825651306 0.0435643564356436 (naive) 1.0 0.8392857142857143 166.9461 0:02:46 6442.46 123592.84 6099.98 6188.46 1.96 7.45 94.52 217.23
tgfb_100_1 1 0.8367088607594937 0.8370620514985225 0.1632911392405063 0.16293794850147747 (naive) 1.0 0.452991452991453 196.9607 0:03:16 6629.23 123658.29 6285.63 6449.70 1.99 5.44 135.58 354.01
ghf5_500_2 1 0.6521952415992152 0.6557336621454993 0.34780475840078484 0.34426633785450067 (naive) 1.0680851063829788 0.34190231362467866 310.8945 0:05:10 8233.59 123594.50 7888.18 7998.18 1.98 7.68 165.21 555.80
OTCace_200_1 1 0.9461794019933555 0.9557046979865772 0.053820598006644516 0.0442953020134228 (naive) 1.0171428571428571 0.8605341246290801 226.9703 0:03:46 7056.50 123597.07 6712.63 6876.09 1.99 5.82 148.50 401.70
aadh_1000_3 1 0.8533232912822444 0.8870620473673909 0.14667670871775562 0.11293795263260908 (naive) 1.1273062730627306 0.5238095238095238 346.7538 0:05:46 7799.56 123590.29 7454.12 7537.43 1.97 9.07 155.52 604.46
Sulfotransfer_200_1 1 0.6943632567849687 0.7146540610227761 0.3056367432150313 0.28534593897722393 (naive) 1.031496062992126 0.3581081081081081 275.7725 0:04:35 7852.91 112285.01 7523.90 7602.97 65.99 5.89 142.30 393.59
msb_50_3 1 0.9395674300254453 0.9242803504380476 0.060432569974554706 0.07571964956195243 (naive) 1.0126582278481013 0.7310344827586207 242.4565 0:04:02 6677.59 123532.83 6333.23 6444.96 1.99 5.38 161.69 469.94
rrm_1000_0 1 0.8306355546212599 0.8120846749332055 0.16936444537874007 0.18791532506679454 (naive) 0.9808917197452229 0.16216216216216217 177.0254 0:02:57 6565.60 123528.82 6221.04 6304.21 1.96 7.14 131.08 276.51
mofe_1000_2 1 0.7537560096153846 0.797361729179911 0.24624399038461542 0.202638270820089 (naive) 1.116584564860427 0.560377358490566 465.9055 0:07:45 9789.62 123528.99 9443.13 9547.44 1.97 10.50 168.79 821.53
peroxidase_100_0 1 0.7935483870967742 0.8041843739784243 0.20645161290322578 0.19581562602157565 (naive) 1.0130548302872062 0.47564469914040114 337.5033 0:05:37 7740.71 123527.49 7396.01 7479.25 201.99 5.54 147.68 527.16
hr_100_2 1 0.9828571428571429 0.9870875179340028 0.017142857142857126 0.012912482065997155 (naive) 1.0 0.9620253164556962 183.9585 0:03:03 6487.23 123596.86 6142.96 6306.56 1.99 5.48 146.26 378.49
ghf5_50_3 1 0.5045376502330144 0.5034263338228095 0.49546234976698555 0.49657366617719045 (naive) 1.0297872340425531 0.18251928020565553 373.2463 0:06:13 8305.89 123468.86 7960.39 8070.57 1.99 5.23 177.05 746.96
kunitz_20_1 1 0.8455445544554455 0.8465503568596352 0.15445544554455448 0.1534496431403648 (naive) 0.96875 0.2833333333333333 240.5069 0:04:00 6438.10 123526.10 6092.96 6203.89 1.99 5.38 175.48 496.04
sdr_20_2 1 0.5451785615720042 0.5338053288655894 0.45482143842799583 0.4661946711344106 (naive) 1.0304709141274238 0.15457413249211358 430.2838 0:07:10 7609.48 123527.52 7264.42 7377.83 1.99 5.38 197.77 920.74
rrm_20_3 1 0.8041482727209025 0.7763496143958869 0.1958517272790975 0.2236503856041131 (naive) 0.9171974522292994 0.24324324324324326 272.9853 0:04:32 6565.76 123463.59 6220.76 6331.00 1.99 5.33 171.86 529.70
zf-CCHH_50_3 1 0.8501605422761327 0.8456352022711142 0.1498394577238673 0.15436479772888578 (naive) 1.0 0.5428571428571428 191.8363 0:03:11 6345.89 123532.99 6000.91 6084.20 1.99 5.29 138.90 338.99
GEL_100_2 1 0.6845771144278607 0.6998982706002035 0.31542288557213927 0.3001017293997965 (naive) 1.06 0.3972602739726027 203.6258 0:03:23 6530.27 123527.76 6186.95 6351.19 1.99 5.44 171.88 423.97
hpr_1000_0 1 1.0 1.0 0.0 0.0 (naive) 1.0 1.0 235.1360 0:03:55 6599.40 123656.31 6254.98 6418.43 569.97 7.16 96.04 239.45
cryst_200_0 1 0.9234246962418763 0.9234246962418763 0.07657530375812371 0.07657530375812371 (naive) 1.0052083333333333 0.7237569060773481 182.1883 0:03:02 6573.63 123654.16 6547.48 6554.14 1.99 5.58 145.34 364.54
rhv_50_0 1 0.24373749880941042 0.4666301969365427 0.7562625011905896 0.5333698030634573 (naive) 2.077991452991453 0.011123470522803115 386.5749 0:06:26 7215.94 123535.66 6871.18 7034.78 1.99 5.36 207.29 864.12
DEATH_1000_3 1 0.7289817232375979 0.7453283502402562 0.2710182767624021 0.25467164975974377 (naive) 1.0628930817610063 0.4435483870967742 188.2482 0:03:08 6669.11 123592.94 6323.90 6437.31 1.97 7.45 104.44 257.77
mofe_50_1 1 0.5252403846153846 0.5816971713810316 0.4747596153846154 0.4183028286189684 (naive) 1.1116584564860428 0.19056603773584907 456.9131 0:07:36 9386.70 123589.94 9041.26 9203.11 1.99 5.29 186.34 923.26
ltn_20_0 1 0.9126002446649449 0.9080335407086827 0.08739975533505506 0.0919664592913173 (naive) 1.00355871886121 0.6837944664031621 396.5736 0:06:36 7561.27 123527.54 7217.14 7330.88 1.99 5.05 190.68 867.85
DEATH_20_3 1 0.7148825065274151 0.7074935400516796 0.28511749347258486 0.29250645994832036 (naive) 1.0 0.41935483870967744 306.7504 0:05:06 6547.09 123525.93 6202.47 6309.45 1.99 5.15 175.91 623.30
tms_100_3 1 0.9655304481041747 0.9607469512195121 0.034469551895825346 0.039253048780487854 (naive) 0.9943977591036415 0.8771929824561403 325.0898 0:05:25 8094.00 123597.17 7748.31 7831.83 1.99 5.87 201.39 714.44
hom_500_0 1 0.9394719896973599 0.9340588988476313 0.0605280103026401 0.06594110115236873 (naive) 0.9591836734693877 0.6521739130434783 155.0569 0:02:35 6481.74 123464.91 6137.17 6220.43 1.98 6.20 124.48 263.02
egf_500_1 1 0.7672713238131995 0.7593582887700535 0.2327286761868005 0.2406417112299465 (naive) 1.0985915492957747 0.3235294117647059 159.3674 0:02:39 6367.84 123592.79 6022.66 6105.92 1.98 6.42 118.48 239.95
blm_50_1 1 0.8630480167014614 0.8721518987341772 0.13695198329853864 0.1278481012658228 (naive) 1.032846715328467 0.6966292134831461 409.6320 0:06:49 8391.08 123525.94 8046.60 8209.99 1.99 5.33 186.32 820.02
proteasome_500_0 1 0.8235988874919038 0.810323499643888 0.1764011125080962 0.18967650035611205 (naive) 1.0129449838187703 0.2896551724137931 204.0148 0:03:24 7215.23 123594.38 6887.86 6967.43 1.98 6.97 153.22 385.92
DMRL_synthase_1000_3 1 0.9133105802047782 0.8925950633755837 0.08668941979522182 0.1074049366244163 (naive) 0.989010989010989 0.6923076923076923 218.1983 0:03:38 6971.71 123528.80 6944.70 6951.32 1.97 8.13 125.49 324.84
cyclo_500_1 1 0.9134615384615384 0.9262399321746503 0.08653846153846156 0.07376006782534972 (naive) 1.0344827586206897 0.7883597883597884 207.8865 0:03:27 7064.16 123594.55 6720.30 6831.13 1.98 7.33 145.37 319.75
tim_200_3 1 0.9740365478559797 0.9736842105263158 0.025963452144020294 0.02631578947368418 (naive) 1.0 0.9034749034749034 258.2726 0:04:18 7600.21 111993.45 7271.09 7427.09 157.99 6.00 121.57 318.56
ghf5_200_3 1 0.6055923473142016 0.5982553913254179 0.39440765268579836 0.40174460867458206 (naive) 0.997872340425532 0.3213367609254499 272.6782 0:04:32 8235.46 123526.02 7890.67 7978.49 1.99 5.96 166.60 502.07
sodfe_500_1 1 0.9121189311253293 0.90311160797466 0.08788106887467073 0.09688839202534005 (naive) 0.9954337899543378 0.6507177033492823 175.4665 0:02:55 6546.48 123528.96 6201.45 6312.55 1.98 6.20 144.13 317.14
kringle_500_3 1 0.9420959147424511 0.9331456720619282 0.057904085257548865 0.06685432793807178 (naive) 1.02 0.7640449438202247 165.9790 0:02:45 6534.47 123599.80 6190.14 6274.87 1.98 5.98 104.96 258.81
blmb_50_3 1 0.5968057366362451 0.5970003260515161 0.40319426336375486 0.4029996739484839 (naive) 0.9854651162790697 0.2909090909090909 310.9674 0:05:10 7293.98 123589.95 6948.32 7058.53 1.99 5.50 169.71 633.86
il8_50_0 1 0.8657812941508901 0.8580229627555307 0.1342187058491099 0.1419770372444693 (naive) 0.9629629629629629 0.5454545454545454 205.5954 0:03:25 6477.38 123468.92 6133.54 6216.66 1.99 5.51 163.12 404.56
peroxidase_1000_2 1 0.6861290322580645 0.7215061058344641 0.31387096774193546 0.27849389416553594 (naive) 1.0783289817232375 0.44126074498567336 347.5390 0:05:47 7868.77 123526.29 7523.49 7606.67 637.96 10.38 132.03 476.22
ghf1_50_1 1 0.8164898399568423 0.8775608813297255 0.18351016004315768 0.12243911867027446 (naive) 1.1761565836298933 0.5427435387673957 423.9297 0:07:03 9721.98 123591.85 9378.33 9492.28 1.99 5.36 193.61 884.99
KAS_50_1 1 0.6633829385872982 0.8107069672131147 0.33661706141270176 0.18929303278688525 (naive) 1.5247524752475248 0.2575 356.8573 0:05:56 7444.74 123591.72 7100.04 7210.02 1.99 5.27 198.38 803.39
GEL_500_2 1 0.6517412935323383 0.6371595330739299 0.34825870646766166 0.3628404669260701 (naive) 1.0133333333333334 0.3493150684931507 172.1367 0:02:52 6537.40 123594.32 6195.46 6280.71 1.98 6.84 135.45 288.48
ghf1_500_0 1 0.9061319906491638 0.9132759401903036 0.09386800935083617 0.08672405980969644 (naive) 1.0427046263345197 0.68389662027833 454.7836 0:07:34 10516.68 123535.71 10170.84 10281.60 1.98 8.02 181.99 865.21
hr_200_1 1 0.9942857142857143 0.9942857142857143 0.005714285714285672 0.005714285714285672 (naive) 1.0 0.9873417721518988 164.0970 0:02:44 6486.38 123463.70 6142.91 6255.00 1.99 5.44 118.85 278.39
egf_50_1 1 0.6823620223851795 0.68 0.3176379776148205 0.31999999999999995 (naive) 1.0704225352112675 0.20588235294117646 201.6246 0:03:21 6369.54 123596.98 6025.83 6110.43 1.99 5.50 130.28 333.08
HLH_100_0 1 0.8933764135702746 0.8991869918699187 0.10662358642972536 0.10081300813008132 (naive) 1.0108695652173914 0.6785714285714286 209.8651 0:03:29 6434.00 110837.54 6089.33 6199.36 161.99 5.29 118.97 254.56
HMG_box_20_0 1 0.9390934844192634 0.9338028169014084 0.060906515580736564 0.06619718309859157 (naive) 1.0112359550561798 0.7654320987654321 286.7231 0:04:46 6490.14 110960.27 6170.14 6320.99 29.99 5.09 135.07 392.21
serpin_100_3 1 0.9587046939988116 0.9510757441791925 0.04129530600118836 0.048924255820807505 (naive) 0.9904076738609112 0.8291457286432161 343.6249 0:05:43 8949.71 123594.29 8604.32 8687.58 1.99 5.58 171.75 645.89
cyclo_1000_3 1 0.8666387959866221 0.8806287170773152 0.13336120401337792 0.11937128292268484 (naive) 1.0344827586206897 0.7354497354497355 223.9763 0:03:43 7077.99 123658.40 6733.36 6843.59 1.96 7.93 131.23 345.17
sodfe_100_0 1 0.8778697779450508 0.8706606942889138 0.12213022205494917 0.1293393057110862 (naive) 1.0228310502283104 0.583732057416268 213.4458 0:03:33 6559.77 123597.01 6214.75 6298.15 1.99 5.35 155.31 419.89
msb_1000_0 1 0.8568702290076335 0.8667953667953668 0.14312977099236646 0.13320463320463316 (naive) 1.0063291139240507 0.593103448275862 205.7763 0:03:25 6683.00 123460.14 6342.52 6426.83 225.96 7.04 121.31 262.46
lyase_1_500_3 1 0.7375308641975309 0.7428500373041532 0.2624691358024691 0.2571499626958468 (naive) 1.009784735812133 0.5407554671968191 316.8623 0:05:16 8462.54 123592.74 8435.49 8444.40 1.98 7.77 164.42 593.71
LIM_100_1 1 0.9790322580645161 0.9790322580645161 0.020967741935483897 0.020967741935483897 (naive) 1.0 0.8780487804878049 184.4705 0:03:04 6448.36 123592.88 6120.41 6276.15 1.99 5.46 137.46 347.67
cyclo_1000_0 1 0.8704013377926422 0.8939458995276943 0.12959866220735783 0.10605410047230568 (naive) 1.0541871921182266 0.7407407407407407 230.3755 0:03:50 7100.23 123594.52 6754.56 6867.39 1.96 8.75 119.63 310.44
il8_100_2 1 0.9352924554959028 0.927170868347339 0.06470754450409721 0.07282913165266103 (naive) 0.9753086419753086 0.6363636363636364 190.6597 0:03:10 6474.64 123532.99 6156.61 6307.36 1.99 5.31 136.42 329.77
LIM_20_2 1 0.9709677419354839 0.9804560260586319 0.029032258064516148 0.019543973941368087 (naive) 1.0116279069767442 0.8658536585365854 253.4105 0:04:13 6451.70 123591.52 6106.92 6190.03 1.99 5.18 159.13 470.11
cytb_200_3 1 0.7343880099916736 0.7487266553480475 0.26561199000832636 0.2512733446519525 (naive) 1.05 0.4673913043478261 186.3531 0:03:06 6570.80 123532.89 6227.25 6337.03 1.99 5.83 144.27 332.62
il8_1000_2 1 0.8652161627578412 0.8659502262443439 0.1347838372421588 0.13404977375565608 (naive) 0.9876543209876543 0.5714285714285714 173.3287 0:02:53 6472.41 123535.78 6129.53 6293.25 1.97 6.84 134.90 282.28
myb_DNA-binding_20_2 1 0.717434869739479 0.716 0.282565130260521 0.28400000000000003 (naive) 1.0 0.42857142857142855 266.3861 0:04:26 6411.65 110952.86 6066.08 6186.81 33.99 5.25 141.81 378.86
DMRL_synthase_1000_2 1 0.903754266211604 0.8826666666666667 0.09624573378839596 0.11733333333333329 (naive) 0.9615384615384616 0.6863905325443787 206.9384 0:03:26 6928.28 123530.46 6584.33 6695.00 1.97 8.17 129.31 331.68
cyclo_200_1 1 0.8775083612040134 0.8916737468139337 0.12249163879598657 0.10832625318606626 (naive) 1.0246305418719213 0.7248677248677249 209.9947 0:03:29 7047.52 123469.03 6703.77 6787.04 1.99 5.87 158.34 402.76
hormone_rec_50_3 1 0.7665600730927364 0.7298825576337538 0.23343992690726356 0.27011744236624624 (naive) 0.9967532467532467 0.501779359430605 302.2996 0:05:02 7314.74 123591.62 6970.53 7080.48 1.99 5.11 179.59 639.82
GEL_20_0 1 0.6179104477611941 0.5787511649580616 0.3820895522388059 0.42124883504193844 (naive) 0.9533333333333334 0.3219178082191781 288.3855 0:04:48 6555.82 123596.84 6210.76 6323.05 1.99 5.41 164.86 528.19
sdr_1000_2 1 0.8322017994149141 0.813609627111327 0.16779820058508588 0.186390372888673 (naive) 1.03601108033241 0.3627760252365931 244.0775 0:04:04 7171.62 123594.36 6825.93 6909.32 1.96 8.34 139.85 371.31
Rhodanese_1000_3 1 0.6447939262472885 0.6490174672489083 0.3552060737527115 0.3509825327510917 (naive) 1.0416666666666667 0.375 197.9660 0:03:17 6776.21 123658.36 6432.04 6545.71 1.96 7.55 112.55 279.03
LIM_1000_3 1 0.9790322580645161 0.9790322580645161 0.020967741935483897 0.020967741935483897 (naive) 1.0 0.8902439024390244 171.6045 0:02:51 6443.85 123663.82 6102.47 6212.64 1.97 7.22 128.50 294.06
ace_200_1 1 0.8082155241397706 0.8196943054240498 0.1917844758602294 0.18030569457595025 (naive) 1.0466666666666666 0.6141868512110726 451.2230 0:07:31 10965.15 123533.00 10619.25 10730.23 1.99 6.29 190.40 900.27
HLH_1000_2 1 0.8449111470113085 0.87751677852349 0.15508885298869146 0.12248322147651003 (naive) 1.0543478260869565 0.6190476190476191 172.0281 0:02:52 6436.21 123594.34 6092.77 6175.86 1.98 7.01 172.68 371.69
hom_20_2 1 0.7514488087572441 0.7386075949367089 0.24855119124275593 0.2613924050632911 (naive) 0.9081632653061225 0.2753623188405797 254.0657 0:04:14 6455.02 123463.53 6109.95 6219.99 1.99 5.28 154.57 465.93
subt_200_1 1 0.7871649626968776 0.799873648743507 0.21283503730312237 0.20012635125649303 (naive) 1.0942028985507246 0.33163265306122447 312.9867 0:05:12 8603.20 123526.24 8258.19 8369.61 1.99 6.76 161.51 574.60
blm_1000_0 1 0.834098816979819 0.8561428571428571 0.16590118302018098 0.1438571428571429 (naive) 1.072992700729927 0.6254681647940075 460.6462 0:07:40 8733.30 123596.95 8706.58 8713.10 201.97 9.59 156.58 734.45
gpdh_1000_2 1 0.9575639779721412 0.9569439948203302 0.04243602202785879 0.04305600517966979 (naive) 1.0055555555555555 0.8798882681564246 239.5785 0:03:59 6995.11 123592.86 6649.87 6813.69 1.98 8.09 143.69 385.06
zf-CCHH_1000_2 1 0.966464502318944 0.9596174282678002 0.033535497681056015 0.040382571732199835 (naive) 1.0256410256410255 0.8571428571428571 155.7426 0:02:35 6369.10 123528.75 6025.75 6110.22 1.96 6.47 108.30 227.96
cah_50_2 1 0.8506044905008635 0.8535528596187175 0.1493955094991365 0.14644714038128248 (naive) 1.014336917562724 0.6678966789667896 313.6042 0:05:13 7520.91 123526.20 7177.34 7342.96 1.99 5.37 180.12 609.78
Rhodanese_20_0 1 0.4837310195227766 0.46579634464751957 0.5162689804772234 0.5342036553524805 (naive) 0.9629629629629629 0.2552083333333333 339.1737 0:05:39 6696.89 123596.84 6353.01 6516.37 1.99 5.29 187.94 672.43
tim_200_1 1 0.9824497919305228 0.9815618221258134 0.017550208069477158 0.018438177874186557 (naive) 1.0 0.9266409266409267 233.8198 0:03:53 7638.50 123532.86 7293.07 7376.61 1.99 6.20 165.49 463.11
cys_20_1 1 0.7924932647563067 0.7898334045279795 0.20750673524369334 0.21016659547202055 (naive) 0.9964664310954063 0.4962686567164179 397.2155 0:06:37 7426.15 123653.93 7395.42 7403.98 1.99 5.16 200.57 857.87
phc_50_1 1 0.8065032987747408 0.816585552056494 0.1934967012252592 0.18341444794350603 (naive) 1.0167597765363128 0.43575418994413406 263.1014 0:04:23 6563.83 123527.71 6243.60 6394.62 1.99 5.36 176.91 565.33
Rhodanese_200_0 1 0.7039045553145337 0.6882290562036055 0.29609544468546634 0.3117709437963945 (naive) 1.0046296296296295 0.3333333333333333 194.3774 0:03:14 6647.63 123591.70 6303.66 6413.73 1.99 5.71 138.76 343.99
hla_100_3 1 1.0 1.0 0.0 0.0 (naive) 1.0 1.0 223.5982 0:03:43 7086.12 123596.87 6741.44 6851.87 1.99 5.32 150.81 426.09
blm_20_1 1 0.8460681976339597 0.847956479285814 0.15393180236604032 0.15204352071418603 (naive) 1.0072992700729928 0.6629213483146067 473.8663 0:07:53 7940.55 123596.95 7913.89 7920.43 1.99 5.10 215.55 1074.78
aldosered_100_0 1 0.876787495843033 0.887859909075602 0.12321250415696705 0.11214009092439803 (naive) 1.0259067357512954 0.6553846153846153 285.5912 0:04:45 8116.68 123654.03 7772.20 7883.95 1.99 5.88 165.38 560.10
OTCace_100_3 1 0.9338870431893688 0.9522357723577236 0.06611295681063123 0.04776422764227639 (naive) 1.042857142857143 0.8367952522255193 286.0256 0:04:46 7034.11 123596.88 6689.52 6853.04 1.99 5.30 171.88 577.71
int_500_2 1 0.8001113585746102 0.8132427843803056 0.19988864142538976 0.18675721561969438 (naive) 1.0410958904109588 0.504950495049505 205.0162 0:03:25 7167.79 123594.44 6823.25 6934.22 1.98 7.25 149.48 361.00
oxidored_q6_200_1 1 0.9170542635658915 0.9325975561687032 0.08294573643410852 0.06740244383129679 (naive) 1.0280701754385966 0.849624060150376 213.1482 0:03:33 6793.28 123530.37 6465.31 6620.81 1.99 5.79 153.21 404.65
hr_500_0 1 0.9942857142857143 1.0 0.005714285714285672 0.0 (naive) 1.0121951219512195 0.9873417721518988 192.9039 0:03:12 6500.70 123529.24 6156.85 6320.24 277.98 6.09 89.01 186.40
rrm_500_2 1 0.8259407189405087 0.8067761806981519 0.1740592810594913 0.19322381930184807 (naive) 0.9490445859872612 0.17117117117117117 170.6606 0:02:50 6499.70 123727.60 6157.25 6240.45 1.98 6.62 106.01 240.94
subt_500_0 1 0.780049737496546 0.7991507430997877 0.21995026250345395 0.20084925690021227 (naive) 1.0990338164251208 0.31887755102040816 351.2959 0:05:51 8586.69 123594.57 8240.98 8352.71 1.98 8.12 161.60 619.23
rhv_200_3 1 0.4028002666920659 0.507804995196926 0.5971997333079341 0.492195004803074 (naive) 1.5576923076923077 0.028921023359288096 244.6358 0:04:04 7181.67 123592.38 6836.68 6920.02 1.99 5.77 161.18 467.56
adh_200_1 1 0.9825503355704698 0.984400215169446 0.01744966442953022 0.01559978483055402 (naive) 1.0053333333333334 0.9546666666666667 214.7073 0:03:34 6872.45 123527.56 6527.67 6637.83 1.99 5.75 145.76 401.55
Rhodanese_500_0 1 0.7912147505422994 0.761482254697286 0.2087852494577006 0.23851774530271397 (naive) 0.9814814814814815 0.5416666666666666 180.1261 0:03:00 6707.41 123594.45 6362.63 6472.66 1.98 6.78 135.96 290.59
ace_50_1 1 0.6756468391571085 0.7530845845101829 0.32435316084289145 0.2469154154898171 (naive) 1.185 0.43079584775086505 495.6741 0:08:15 11515.67 123525.95 11171.11 11335.32 1.99 5.43 186.99 1009.59
sdr_1000_0 1 0.8395981674670199 0.8226164079822617 0.16040183253298013 0.17738359201773835 (naive) 1.0498614958448753 0.3911671924290221 235.6539 0:03:55 7191.57 123528.89 6846.74 6959.30 1.96 8.54 157.64 432.51
Sulfotransfer_1000_0 1 0.7691022964509394 0.78684322938915 0.23089770354906058 0.21315677061085003 (naive) 1.036745406824147 0.49324324324324326 323.8577 0:05:23 7922.51 123466.56 7577.89 7687.79 1.96 10.58 417.78 1400.14
rrm_100_3 1 0.7747179594982833 0.7605420650753251 0.22528204050171674 0.23945793492467493 (naive) 0.9426751592356688 0.16216216216216217 195.2536 0:03:15 6492.89 123527.83 6149.32 6260.16 1.99 5.28 128.33 368.13
flav_20_3 1 0.7587894971072541 0.7604817127564675 0.24121050289274593 0.23951828724353252 (naive) 1.0273224043715847 0.46285714285714286 317.3183 0:05:17 6862.43 123527.54 6533.24 6688.67 1.99 5.44 163.92 633.31
rhv_1000_3 1 0.46490141918277933 0.5678222429036761 0.5350985808172206 0.4321777570963239 (naive) 1.4155982905982907 0.03114571746384872 236.6247 0:03:56 7195.46 123528.78 6850.24 7014.01 1.98 7.49 182.52 480.34
hla_100_1 1 1.0 1.0 0.0 0.0 (naive) 1.0 1.0 221.7935 0:03:41 7079.68 123591.79 6741.05 6849.14 1.99 5.43 153.98 420.01
flav_100_1 1 0.7721406319537161 0.7958715596330275 0.22785936804628393 0.20412844036697253 (naive) 1.0546448087431695 0.4857142857142857 217.7686 0:03:37 6830.83 123596.87 6486.31 6596.30 1.99 5.41 149.12 400.37
oxidored_q6_500_2 1 0.9496124031007752 0.9547934528448948 0.050387596899224785 0.04520654715510519 (naive) 1.0105263157894737 0.8796992481203008 197.3829 0:03:17 6793.39 123592.80 6448.74 6532.31 1.98 6.59 122.32 273.12
HMG_box_1000_1 1 0.9674220963172805 0.9565826330532213 0.03257790368271951 0.04341736694677867 (naive) 1.0 0.8395061728395061 170.2130 0:02:50 6511.26 123594.41 6170.19 6283.91 1.97 7.36 109.80 240.69
ace_20_3 1 0.4463857028540944 0.49599881446354477 0.5536142971459056 0.5040011855364552 (naive) 1.17 0.17301038062283736 645.2284 0:10:45 11191.30 123596.84 10846.03 11010.48 1.99 5.26 207.42 1427.78
msb_200_1 1 0.8473282442748091 0.85248 0.15267175572519087 0.14751999999999998 (naive) 1.0063291139240507 0.593103448275862 214.3969 0:03:34 6693.62 111074.91 6350.72 6433.93 225.99 5.99 121.82 245.59
blmb_100_0 1 0.7040417209908736 0.7262945527908541 0.2959582790091264 0.2737054472091459 (naive) 0.9738372093023255 0.3381818181818182 265.7089 0:04:25 7267.39 123591.66 6924.11 7086.60 1.99 5.52 185.31 575.60
hpr_1000_1 1 0.993006993006993 0.993006993006993 0.006993006993006978 0.006993006993006978 (naive) 1.0 0.9772727272727273 173.7354 0:02:53 6498.59 123599.65 6179.93 6331.31 1.98 7.28 126.18 302.61
rvp_20_3 1 0.7889039242219216 0.7820254862508383 0.21109607577807843 0.21797451374916166 (naive) 1.0 0.4864864864864865 303.7832 0:05:03 6601.94 123525.99 6274.23 6427.79 1.99 5.21 175.37 591.40
ghf1_100_1 1 0.9022657795360547 0.90218466241122 0.09773422046394531 0.09781533758878003 (naive) 1.0177935943060499 0.6878727634194831 353.2111 0:05:53 10036.96 123660.93 9692.69 9775.97 1.99 5.84 169.32 695.05
icd_500_3 1 0.918958031837916 0.927548933683903 0.08104196816208398 0.07245106631609699 (naive) 1.0207852193995381 0.8016528925619835 327.2999 0:05:27 9112.80 123535.81 8768.12 8882.96 1.98 8.29 173.89 610.49
HMG_box_500_3 1 0.9730878186968839 0.9621848739495799 0.026912181303116123 0.037815126050420145 (naive) 1.0 0.8518518518518519 164.4192 0:02:44 6477.98 123594.45 6133.58 6297.16 1.98 6.37 103.73 237.67
hormone_rec_100_2 1 0.7569666514390132 0.7538671519563239 0.2430333485609868 0.24613284804367608 (naive) 1.025974025974026 0.5124555160142349 263.5025 0:04:23 7300.13 123462.18 6955.51 7119.84 1.99 5.68 207.20 580.16
myb_DNA-binding_100_0 1 0.9519038076152304 0.9405940594059405 0.04809619238476959 0.05940594059405946 (naive) 1.0 0.8035714285714286 208.6415 0:03:28 6419.31 110880.74 6368.59 6374.80 101.99 5.52 118.31 251.74
rub_50_1 1 0.9918367346938776 0.9918367346938776 0.008163265306122436 0.008163265306122436 (naive) 1.0 0.9629629629629629 194.7053 0:03:14 6391.74 123590.19 6047.93 6131.62 1.99 5.22 141.19 331.94
ldh_20_0 1 0.5530242082937176 0.6869719269555737 0.44697579170628243 0.31302807304442626 (naive) 1.4447439353099731 0.002702702702702703 456.7951 0:07:36 8318.22 123596.95 7973.23 8069.21 1.99 5.24 199.52 970.51
msb_1000_2 1 0.8228371501272265 0.848474909806494 0.17716284987277353 0.15152509019350602 (naive) 1.0632911392405062 0.5517241379310345 191.6689 0:03:11 6752.93 123656.76 6408.13 6517.90 1.96 7.52 110.90 255.95
sodcu_100_0 1 0.8675889328063241 0.8653088042049935 0.1324110671936759 0.13469119579500655 (naive) 0.9881656804733728 0.7228915662650602 217.9080 0:03:37 6887.68 123591.62 6543.15 6653.07 1.99 5.46 156.74 426.86
Acetyltransf_100_3 1 0.6594167078596145 0.6325272641062115 0.3405832921403855 0.3674727358937885 (naive) 0.9475982532751092 0.24867724867724866 213.8194 0:03:33 6571.35 123591.75 6227.17 6391.26 1.99 5.41 157.89 424.18
tms_1000_2 1 0.9605515128303332 0.9623944742900997 0.03944848716966676 0.03760552570990028 (naive) 1.0056022408963585 0.8666666666666667 319.3330 0:05:19 8154.67 123528.88 7809.28 7972.87 1.98 9.90 147.40 507.30
tgfb_200_3 1 0.8261603375527427 0.8648409893992933 0.17383966244725735 0.13515901060070667 (naive) 1.0932203389830508 0.4017094017094017 175.2368 0:02:55 6596.54 123597.07 6253.12 6367.94 1.99 5.46 142.55 331.53
p450_200_3 1 0.7439440674480773 0.7383265306122448 0.2560559325519227 0.26167346938775515 (naive) 1.025390625 0.33867735470941884 309.6375 0:05:09 9361.83 123532.87 9016.97 9127.17 1.99 6.69 165.43 563.47
int_50_3 1 0.8619153674832962 0.8701517706576728 0.13808463251670378 0.1298482293423272 (naive) 1.0319634703196348 0.6782178217821783 289.6525 0:04:49 7054.02 123597.16 7028.27 7035.52 1.99 5.29 171.55 570.41
cyclo_20_2 1 0.8678929765886287 0.871902561948761 0.13210702341137126 0.12809743805123897 (naive) 1.0098522167487685 0.6825396825396826 331.2963 0:05:31 6982.40 123591.54 6648.26 6804.21 1.99 5.48 185.69 699.09
rhv_20_3 1 0.22887894085150967 0.3085912418132785 0.7711210591484903 0.6914087581867214 (naive) 1.5235042735042734 0.04338153503893215 700.1437 0:11:40 7587.04 123462.17 7254.96 7398.90 1.99 5.24 215.95 1592.72
HMG_box_50_3 1 0.9390934844192634 0.9285714285714286 0.060906515580736564 0.0714285714285714 (naive) 1.0 0.7654320987654321 207.7062 0:03:27 6474.36 123532.87 6131.12 6243.51 1.99 5.11 163.93 413.63
mofe_200_3 1 0.8258713942307693 0.8299864109919975 0.17412860576923073 0.17001358900800245 (naive) 1.013136288998358 0.5962264150943396 311.0158 0:05:11 9454.49 123591.61 9109.46 9196.57 1.99 6.66 178.99 613.05
ace_50_2 1 0.653774339823953 0.7289219330855019 0.34622566017604695 0.2710780669144981 (naive) 1.245 0.43079584775086505 514.7181 0:08:34 10722.64 123525.96 10377.65 10490.26 1.99 5.43 196.45 1074.67
HMG_box_500_2 1 0.9730878186968839 0.9621848739495799 0.026912181303116123 0.037815126050420145 (naive) 1.0 0.8518518518518519 164.3476 0:02:44 6487.91 123528.72 6143.77 6253.75 1.98 6.39 109.56 215.01
aat_1000_3 1 0.8339795558688756 0.8367816091954023 0.16602044413112438 0.16321839080459766 (naive) 1.0567226890756303 0.5077605321507761 413.3329 0:06:53 9123.24 123656.77 8778.34 8885.30 1.96 10.83 183.37 820.31
flav_50_3 1 0.6568758344459279 0.6764436296975253 0.3431241655540721 0.32355637030247475 (naive) 1.0546448087431695 0.34285714285714286 253.1608 0:04:13 6817.29 123591.66 6790.82 6797.45 1.99 5.41 161.66 473.29
hla_500_0 1 1.0 1.0 0.0 0.0 (naive) 1.0 1.0 204.9702 0:03:24 7048.00 111435.40 6705.76 6790.57 1.98 6.87 124.19 259.55
GEL_500_0 1 0.700497512437811 0.7054108216432866 0.299502487562189 0.2945891783567134 (naive) 1.0266666666666666 0.3972602739726027 174.7477 0:02:54 6417.85 123530.31 6070.23 6180.14 1.98 6.75 149.75 304.19
cah_1000_2 1 0.8873056994818653 0.899343544857768 0.11269430051813467 0.10065645514223198 (naive) 1.053763440860215 0.6900369003690037 309.4316 0:05:09 7701.66 115277.98 7357.30 7440.36 733.97 8.35 135.23 437.29
ghf5_50_2 1 0.4856512141280353 0.47368421052631576 0.5143487858719646 0.5263157894736843 (naive) 1.0170212765957447 0.2185089974293059 366.5999 0:06:06 8206.96 123532.93 7869.68 8025.81 1.99 5.17 194.48 784.55
ace_20_2 1 0.48399573219525205 0.6331123517096999 0.516004267804748 0.3668876482903001 (naive) 1.36 0.26124567474048443 640.5027 0:10:40 10670.24 123461.26 10325.15 10486.61 1.99 5.18 210.81 1434.62
ltn_100_0 1 0.9426396629060758 0.9397655667728166 0.057360337093924185 0.06023443322718336 (naive) 0.99644128113879 0.7549407114624506 256.7207 0:04:16 7605.83 123526.09 7261.64 7371.58 1.99 5.59 156.69 496.40
DEATH_1000_0 1 0.741514360313316 0.7537154989384289 0.25848563968668403 0.24628450106157107 (naive) 1.050314465408805 0.4435483870967742 185.3307 0:03:05 6668.88 123592.75 6324.51 6488.00 1.97 7.16 134.12 300.01
biotin_lipoyl_200_0 1 0.9650655021834061 0.9484978540772532 0.03493449781659386 0.05150214592274682 (naive) 0.9553571428571429 0.8117647058823529 190.6658 0:03:10 6516.75 110969.16 6172.96 6256.23 1.99 5.35 106.04 206.86
asp_20_1 1 0.6547657382064079 0.7035595346222049 0.34523426179359207 0.2964404653777951 (naive) 1.2263157894736842 0.18983957219251338 482.2594 0:08:02 8448.58 123596.84 8103.29 8217.58 1.99 5.21 197.16 1055.80
sdr_500_2 1 0.8319258155323729 0.8186854970124932 0.16807418446762712 0.18131450298750684 (naive) 1.0443213296398892 0.3911671924290221 210.9422 0:03:30 7200.45 123599.76 6855.39 6938.54 1.98 6.33 146.01 379.94
zf-CCHH_100_1 1 0.9550481626828398 0.9496275274920184 0.04495183731716024 0.0503724725079816 (naive) 1.0769230769230769 0.7428571428571429 173.0458 0:02:53 6315.72 123591.63 5971.46 6134.93 1.99 5.55 144.07 306.04
icd_500_0 1 0.9030390738060782 0.9136163982430454 0.09696092619392183 0.08638360175695459 (naive) 1.0184757505773672 0.7658402203856749 347.8603 0:05:47 9065.51 123535.84 9038.96 9046.15 1.98 8.34 154.27 577.66
ghf13_1000_2 1 0.6473377295765437 0.6526015054117905 0.3526622704234563 0.3473984945882095 (naive) 1.0575079872204474 0.25127334465195245 459.8615 0:07:39 8472.85 123530.56 8128.47 8292.05 1.96 9.17 261.45 1232.89
sodcu_100_1 1 0.8758234519104084 0.8749588680487003 0.12417654808959155 0.12504113195129973 (naive) 1.0 0.7289156626506024 219.6837 0:03:39 6889.55 123596.86 6545.20 6655.33 1.99 5.62 158.02 443.68
myb_DNA-binding_200_1 1 0.9519038076152304 0.9405940594059405 0.04809619238476959 0.05940594059405946 (naive) 1.0 0.8035714285714286 167.2750 0:02:47 6400.89 123589.99 6058.03 6221.38 1.99 5.54 113.26 271.50
LIM_1000_2 1 0.9854838709677419 0.9854838709677419 0.014516129032258074 0.014516129032258074 (naive) 1.0 0.9024390243902439 165.9881 0:02:45 6471.55 123471.66 6128.93 6238.90 1.97 6.80 125.30 249.59
p450_20_0 1 0.3045856467201316 0.35927039875812555 0.6954143532798684 0.6407296012418744 (naive) 1.53125 0.022044088176352707 582.6242 0:09:42 9564.16 114058.55 9220.16 9383.95 409.99 5.34 186.76 1092.98
msb_200_3 1 0.8256997455470738 0.8366097325169191 0.17430025445292618 0.16339026748308094 (naive) 1.018987341772152 0.5310344827586206 202.7826 0:03:22 6676.76 111147.98 6333.79 6446.28 5.99 5.72 130.21 268.89
int_200_2 1 0.7522271714922049 0.7746559633027523 0.24777282850779514 0.22534403669724767 (naive) 1.0730593607305936 0.4900990099009901 210.6380 0:03:30 7108.54 123526.15 6765.00 6875.13 1.99 5.91 144.27 393.65
DEATH_100_1 1 0.7279373368146214 0.7286983795086251 0.27206266318537864 0.27130162049137485 (naive) 1.0125786163522013 0.3629032258064516 207.4804 0:03:27 6553.25 123527.57 6225.76 6381.99 1.99 5.39 170.69 407.78
rub_200_1 1 0.9836734693877551 0.9836734693877551 0.01632653061224487 0.01632653061224487 (naive) 1.0 0.9259259259259259 182.2682 0:03:02 6417.05 110887.45 6072.84 6160.15 393.99 5.70 104.18 192.13
zf-CCHH_20_0 1 0.8622904031394935 0.8589196872778962 0.13770959686050654 0.14108031272210375 (naive) 1.0769230769230769 0.5142857142857142 237.2437 0:03:57 6347.41 119818.75 6002.92 6166.38 1.99 5.09 134.67 337.69
cytb_50_3 1 0.794338051623647 0.8003355704697986 0.205661948376353 0.19966442953020136 (naive) 1.01 0.4782608695652174 242.2122 0:04:02 6544.27 123532.99 6199.93 6363.51 1.99 5.27 166.98 476.87
gluts_500_1 1 0.843842105263158 0.8567840538662962 0.15615789473684205 0.1432159461337038 (naive) 1.0553191489361702 0.6437768240343348 202.9121 0:03:22 6691.89 111101.11 6348.24 6512.24 29.98 6.45 178.54 365.31
OTCace_1000_1 1 0.9488372093023256 0.9580677624958068 0.051162790697674376 0.04193223750419317 (naive) 1.0171428571428571 0.8545994065281899 317.9472 0:05:17 7094.76 123598.00 6750.80 6913.91 285.97 8.31 107.31 343.05
DMRL_synthase_50_0 1 0.9194539249146758 0.8908730158730159 0.08054607508532419 0.10912698412698407 (naive) 0.945054945054945 0.7218934911242604 255.9308 0:04:15 6862.57 123587.45 6518.27 6603.17 1.99 5.21 156.12 478.69
Ald_Xan_dh_2_1000_0 1 0.8278257604205783 0.8283701268201034 0.17217423957942168 0.17162987317989664 (naive) 1.0101694915254238 0.6274038461538461 234.6343 0:03:54 6749.76 123593.00 6404.78 6489.56 33.97 7.95 126.54 315.45
hormone_rec_500_3 1 0.7272727272727273 0.7470671046457062 0.2727272727272727 0.25293289535429375 (naive) 1.1006493506493507 0.49466192170818507 226.6197 0:03:46 7383.07 111777.32 7038.23 7122.80 9.98 7.31 113.58 259.06
zf-CCHH_200_0 1 0.9457723867285052 0.9404043987229515 0.054227613271494834 0.05959560127704855 (naive) 1.0769230769230769 0.7428571428571429 165.3980 0:02:45 6347.55 123655.56 6020.48 6175.92 1.99 5.79 122.06 251.96
Sulfotransfer_500_2 1 0.7478079331941545 0.7627768313458262 0.2521920668058455 0.2372231686541738 (naive) 1.0078740157480315 0.4391891891891892 266.1562 0:04:26 7929.80 123656.79 7584.30 7667.73 1.98 8.44 225.05 638.90
rub_20_0 1 0.9918367346938776 0.9918367346938776 0.008163265306122436 0.008163265306122436 (naive) 1.0 0.9629629629629629 259.4160 0:04:19 6411.39 110876.52 6068.21 6168.48 5.99 5.14 145.07 380.87
egf_200_0 1 0.77306059436511 0.763629431948151 0.22693940563489 0.23637056805184897 (naive) 1.0985915492957747 0.3382352941176471 187.4695 0:03:07 6378.23 110853.16 6033.94 6147.27 369.99 5.90 100.64 193.68
ghf1_100_2 1 0.9027153389678115 0.9040158472897533 0.09728466103218847 0.09598415271024674 (naive) 1.0053380782918149 0.6978131212723658 357.7789 0:05:57 10217.52 123532.91 9873.64 9987.58 1.99 5.60 179.91 730.72
aat_500_1 1 0.8174127599577018 0.8197725799799682 0.1825872400422982 0.18022742002003178 (naive) 1.0735294117647058 0.43902439024390244 323.2500 0:05:23 9071.46 123535.73 8741.63 8896.93 1.98 8.61 180.40 631.36
rhv_1000_0 1 0.35098580817220687 0.44258947874129234 0.6490141918277932 0.5574105212587077 (naive) 1.391025641025641 0.04338153503893215 221.3299 0:03:41 7191.61 123663.86 6846.07 6956.44 1.98 6.98 144.28 370.86
msb_1000_3 1 0.8393765903307888 0.8439398784777742 0.16062340966921118 0.15606012152222581 (naive) 1.0379746835443038 0.5655172413793104 189.3580 0:03:09 6787.23 123599.73 6443.25 6608.75 1.96 7.69 133.95 295.23
hom_100_1 1 0.7701223438506117 0.7608142493638677 0.22987765614938827 0.23918575063613234 (naive) 0.9183673469387755 0.2463768115942029 182.2906 0:03:02 6437.91 123591.54 6094.50 6179.75 1.99 5.53 142.85 338.65
sodfe_500_0 1 0.8769288671433948 0.8713537771129394 0.1230711328566052 0.12864622288706062 (naive) 0.9908675799086758 0.5980861244019139 185.2506 0:03:05 6624.89 123535.70 6280.25 6443.67 1.98 6.15 130.85 314.55
flav_200_3 1 0.7672452158433467 0.7955699123211813 0.2327547841566533 0.20443008767881865 (naive) 1.0546448087431695 0.41714285714285715 191.9844 0:03:11 6850.25 123526.11 6508.97 6672.24 1.99 5.76 138.10 315.75
PDZ_500_2 1 0.8771121351766513 0.8825347758887172 0.12288786482334868 0.1174652241112828 (naive) 0.990909090909091 0.7575757575757576 175.9295 0:02:55 6490.32 123594.31 6146.51 6309.90 1.98 6.45 134.70 300.55
p450_1000_0 1 0.6933580094591816 0.7020488048638295 0.3066419905408184 0.2979511951361705 (naive) 1.162109375 0.3306613226452906 430.4336 0:07:10 9604.36 123599.90 9272.25 9422.71 1.96 10.79 165.75 760.79
peroxidase_1000_0 1 0.6687096774193548 0.7070259208731241 0.33129032258064517 0.2929740791268759 (naive) 1.080939947780679 0.3753581661891118 322.1508 0:05:22 7931.09 123530.42 7586.96 7752.43 1.97 11.77 241.50 821.55
annexin_1000_3 1 1.0 1.0 0.0 0.0 (naive) 1.0 1.0 183.5959 0:03:03 6615.94 123594.43 6270.25 6353.62 1.97 7.78 125.31 288.23
GEL_50_1 1 0.6756218905472637 0.6592233009708738 0.32437810945273626 0.3407766990291262 (naive) 1.0 0.3356164383561644 222.9076 0:03:42 6528.41 123533.07 6502.55 6509.00 1.99 5.20 151.64 420.43
LIM_200_1 1 0.9725806451612903 0.9852941176470589 0.02741935483870972 0.014705882352941124 (naive) 1.0232558139534884 0.8780487804878049 167.6953 0:02:47 6451.09 123468.93 6107.52 6190.88 1.99 5.33 110.47 276.30
egf_50_0 1 0.7309918950212273 0.7149867874669686 0.2690081049787727 0.28501321253303136 (naive) 1.0422535211267605 0.22058823529411764 202.6402 0:03:22 6358.26 123527.61 6014.37 6124.18 1.99 5.47 151.35 407.93
gpdh_20_1 1 0.9003347370694309 0.9083778189345244 0.0996652629305691 0.0916221810654756 (naive) 1.0194444444444444 0.7458100558659218 467.3902 0:07:47 6998.29 123527.73 6654.03 6764.23 1.99 5.33 193.42 961.39
ltn_100_1 1 0.9420959630284084 0.9394144754676064 0.05790403697159163 0.06058552453239363 (naive) 1.01067615658363 0.7509881422924901 256.6793 0:04:16 7563.00 123596.93 7218.55 7327.57 1.99 5.53 157.10 467.61
rub_1000_2 1 0.9918367346938776 0.9918367346938776 0.008163265306122436 0.008163265306122436 (naive) 1.0 0.9629629629629629 159.6218 0:02:39 6418.54 123599.73 6073.83 6157.11 1.97 6.79 113.13 237.49
ltn_1000_2 1 0.9500475737392959 0.9517941036290597 0.049952426260704064 0.048205896370940304 (naive) 1.0427046263345197 0.7470355731225297 278.0254 0:04:38 7670.04 123599.80 7325.68 7439.59 1.97 9.47 152.13 478.88
annexin_50_1 1 0.9746139200338481 0.980630055342699 0.025386079966151942 0.01936994465730102 (naive) 1.0123839009287925 0.9276729559748428 261.1006 0:04:21 6494.46 123596.93 6150.04 6313.51 1.99 5.33 147.34 497.36
ghf1_500_1 1 0.9158424743751123 0.9202276628421718 0.08415752562488765 0.07977233715782817 (naive) 1.0160142348754448 0.7196819085487077 459.0815 0:07:39 10604.95 123530.32 10261.08 10422.21 1.98 8.60 174.83 868.23
Acetyltransf_50_3 1 0.657439446366782 0.6388088376560999 0.342560553633218 0.36119116234390014 (naive) 0.9475982532751092 0.25396825396825395 248.7780 0:04:08 6572.89 123532.88 6229.00 6313.68 1.99 5.35 176.73 509.88
peroxidase_1000_1 1 0.7190322580645161 0.753804531619885 0.2809677419354839 0.24619546838011497 (naive) 1.080939947780679 0.3982808022922636 336.9362 0:05:36 7982.40 123593.01 7637.64 7721.06 1.97 10.29 208.14 741.38
DEATH_200_0 1 0.7305483028720626 0.7332285115303984 0.2694516971279374 0.26677148846960164 (naive) 1.0251572327044025 0.4435483870967742 193.3469 0:03:13 6567.66 123590.03 6249.30 6400.16 1.99 5.62 138.86 308.11
HLH_500_0 1 0.875605815831987 0.9249146757679181 0.12439418416801296 0.07508532423208192 (naive) 1.173913043478261 0.6547619047619048 160.9855 0:02:40 6459.76 123535.76 6115.50 6229.36 1.98 6.36 124.07 230.07
cah_50_0 1 0.8683074265975821 0.8679326715580492 0.1316925734024179 0.1320673284419508 (naive) 1.014336917562724 0.6494464944649446 335.9824 0:05:35 7573.77 112011.94 7230.05 7324.61 109.99 5.27 165.06 559.35
sodfe_500_3 1 0.9123071132856605 0.9031296572280179 0.0876928867143395 0.09687034277198214 (naive) 0.9954337899543378 0.6507177033492823 176.3375 0:02:56 6514.77 123599.65 6169.66 6279.71 1.98 6.58 149.90 301.65
p450_500_0 1 0.31527863458770305 0.5069100046287113 0.684721365412297 0.4930899953712887 (naive) 1.685546875 0.028056112224448898 329.3095 0:05:29 9156.03 123599.63 8811.39 8924.87 1.98 8.68 170.41 636.71
uce_50_1 1 0.9094582185491277 0.8941856265799928 0.09054178145087233 0.10581437342000721 (naive) 0.9728260869565217 0.4939759036144578 246.2140 0:04:06 6849.89 123533.00 6505.96 6618.53 1.99 5.35 163.09 497.28
hom_100_2 1 0.8164842240824212 0.7994955863808323 0.18351577591757884 0.2005044136191677 (naive) 0.8979591836734694 0.2463768115942029 181.6638 0:03:01 6457.49 123653.94 6130.33 6285.83 1.99 5.40 156.10 359.50
ghf1_20_2 1 0.748426541988851 0.8126525432002343 0.25157345801114905 0.18734745679976572 (naive) 1.206405693950178 0.5506958250497018 605.7646 0:10:05 9530.94 114031.82 9186.58 9348.26 305.99 5.10 193.43 1173.00
gluts_20_0 1 0.6540526315789473 0.6742810634834508 0.34594736842105267 0.32571893651654915 (naive) 1.0553191489361702 0.3261802575107296 375.4102 0:06:15 7325.44 123526.13 6997.72 7148.99 1.99 5.13 187.54 775.80
rvp_500_1 1 0.6772665764546685 0.8348623853211009 0.3227334235453315 0.1651376146788991 (naive) 1.5 0.15315315315315314 164.6136 0:02:44 6592.88 123590.02 6249.14 6359.12 1.99 6.00 114.25 282.00
OTCace_500_3 1 0.9561461794019933 0.9602936269602936 0.04385382059800669 0.039706373039706366 (naive) 1.0114285714285713 0.8783382789317508 249.3735 0:04:09 7068.48 123463.11 6723.31 6834.20 185.98 7.04 118.80 311.63
myb_DNA-binding_1000_1 1 0.9519038076152304 0.9481037924151696 0.04809619238476959 0.05189620758483038 (naive) 1.0163934426229508 0.8035714285714286 166.3253 0:02:46 6420.50 123533.31 6079.44 6190.14 1.96 7.04 106.06 230.03
Acetyltransf_20_1 1 0.615916955017301 0.5978886756238004 0.38408304498269896 0.40211132437619956 (naive) 0.9475982532751092 0.23809523809523808 321.3509 0:05:21 6614.25 123527.60 6269.80 6433.27 1.99 5.49 168.05 611.33
asp_200_3 1 0.8959507325712446 0.8966364551863041 0.10404926742875542 0.10336354481369592 (naive) 1.0078947368421052 0.6497326203208557 283.5528 0:04:43 8594.96 123590.18 8250.53 8364.43 1.99 6.94 162.97 527.40
Acetyltransf_500_0 1 0.6440929312901631 0.6528056112224448 0.3559070687098369 0.34719438877755515 (naive) 1.0480349344978166 0.24338624338624337 190.9219 0:03:10 6605.78 123656.73 6281.25 6434.83 1.98 6.47 131.96 288.67
hla_20_3 1 1.0 1.0 0.0 0.0 (naive) 1.0 1.0 338.5370 0:05:38 7057.99 123590.06 6728.12 6883.69 1.99 5.04 181.95 684.56
ghf10_50_3 1 0.8547354229861813 0.8518642929123278 0.14526457701381867 0.1481357070876722 (naive) 1.0054945054945055 0.7089783281733746 378.4675 0:06:18 8180.48 123525.94 7836.25 7982.97 1.99 5.39 177.09 771.39
proteasome_100_1 1 0.8083971501504934 0.7886559619387452 0.1916028498495066 0.2113440380612548 (naive) 1.0258899676375404 0.2689655172413793 247.0109 0:04:07 7154.94 123525.96 6810.02 6920.05 1.99 5.56 161.36 504.05
proteasome_500_3 1 0.8201318245894769 0.8050413254048394 0.17986817541052313 0.19495867459516059 (naive) 1.0453074433656957 0.30344827586206896 205.6848 0:03:25 7229.24 123727.66 6884.74 6969.72 1.98 6.88 148.91 339.05
sodcu_200_0 1 0.8857048748353096 0.8906922822126532 0.11429512516469043 0.10930771778734683 (naive) 1.017751479289941 0.7228915662650602 203.0931 0:03:23 6907.35 123661.07 6564.28 6727.69 1.99 5.96 168.23 371.97
rhv_100_0 1 0.35651014382322127 0.5593245666467423 0.6434898561767788 0.44067543335325765 (naive) 1.498931623931624 0.05116796440489433 308.9866 0:05:08 7150.90 111556.64 6918.05 7015.64 265.99 5.48 153.86 479.54
tgfb_200_0 1 0.8177215189873418 0.8511198945981555 0.1822784810126582 0.1488801054018445 (naive) 1.076271186440678 0.3162393162393162 188.3805 0:03:08 6629.93 111024.23 6285.95 6369.20 9.99 5.70 110.60 213.18
kringle_200_0 1 0.8628774422735347 0.872799137621272 0.1371225577264653 0.12720086237872796 (naive) 1.08 0.6741573033707865 174.1890 0:02:54 6514.91 123653.99 6170.92 6334.32 1.99 5.56 155.29 360.76
aldosered_100_3 1 0.9235118057864982 0.9218257261410788 0.07648819421350184 0.07817427385892117 (naive) 0.9792746113989638 0.7323076923076923 304.7840 0:05:04 8082.82 123527.54 7738.41 7849.79 1.99 5.57 182.32 628.37
cah_20_2 1 0.6174438687392055 0.6338652482269503 0.38255613126079446 0.36613475177304966 (naive) 1.039426523297491 0.2656826568265683 413.4724 0:06:53 7502.79 123462.09 7157.60 7240.88 1.99 5.60 198.69 889.02
tms_20_3 1 0.9666794331673688 0.9633587786259542 0.03332056683263118 0.036641221374045796 (naive) 1.0056022408963585 0.8596491228070176 450.2021 0:07:30 8075.92 123589.94 7755.93 7906.70 1.99 5.37 207.59 982.19
gluts_20_1 1 0.6512105263157895 0.6593307044655228 0.34878947368421054 0.3406692955344772 (naive) 1.0468085106382978 0.33047210300429186 365.6218 0:06:05 7329.47 123532.86 6984.31 7069.01 1.99 5.21 190.99 775.81
ltn_200_1 1 0.9394454261247791 0.9393815834182807 0.060554573875220896 0.06061841658171929 (naive) 1.0177935943060499 0.7509881422924901 229.4335 0:03:49 7567.81 123590.10 7222.95 7333.18 1.99 6.25 145.33 392.88
icd_20_3 1 0.5733719247467438 0.8004040404040405 0.4266280752532562 0.19959595959595955 (naive) 1.584295612009238 0.09366391184573003 544.8693 0:09:04 8805.84 119395.17 8461.59 8544.79 25.99 5.38 193.59 1068.93
icd_200_2 1 0.9285094066570189 0.9331006399069226 0.07149059334298113 0.0668993600930774 (naive) 1.0069284064665127 0.8126721763085399 293.7175 0:04:53 8989.45 123599.61 8643.75 8807.61 1.99 5.98 178.11 558.57
Rhodanese_200_1 1 0.7386117136659436 0.7252396166134185 0.2613882863340564 0.2747603833865815 (naive) 1.0138888888888888 0.484375 197.1700 0:03:17 6656.93 123523.76 6314.88 6477.94 1.99 5.95 130.65 302.42
OTCace_50_0 1 0.9471760797342192 0.9531929120695419 0.052823920265780755 0.04680708793045807 (naive) 1.0142857142857142 0.8486646884272997 335.6686 0:05:35 7055.88 123470.66 6711.00 6821.60 1.99 5.22 189.91 709.42
p450_20_1 1 0.47106724244293646 0.46856207813458783 0.5289327575570635 0.5314379218654122 (naive) 1.0546875 0.2124248496993988 578.9468 0:09:38 9501.85 123468.96 9157.79 9319.15 1.99 5.27 200.15 1238.72
Acetyltransf_500_2 1 0.643598615916955 0.6265640038498557 0.356401384083045 0.37343599615014433 (naive) 0.982532751091703 0.3439153439153439 178.6148 0:02:58 6515.02 123599.71 6170.47 6285.43 1.98 6.93 143.74 308.21
aadh_100_2 1 0.8210318207493881 0.8383158704219936 0.17896817925061193 0.16168412957800637 (naive) 1.051660516605166 0.4421768707482993 350.3716 0:05:50 7759.25 123532.87 7413.90 7577.63 1.99 5.51 183.66 720.62
cys_500_3 1 0.9197281410727406 0.9178174263717463 0.08027185892725941 0.08218257362825365 (naive) 1.0035335689045937 0.6567164179104478 251.7986 0:04:11 7580.44 123594.48 7235.46 7399.17 1.98 7.98 142.96 397.33
DMRL_synthase_50_1 1 0.922184300341297 0.8941098610191925 0.07781569965870305 0.10589013898080746 (naive) 0.9505494505494505 0.7218934911242604 254.1192 0:04:14 6846.77 123525.95 6502.30 6589.54 1.99 5.26 165.11 465.92
PDZ_1000_0 1 0.880184331797235 0.8856259659969088 0.11981566820276501 0.11437403400309121 (naive) 1.0 0.7676767676767676 219.2568 0:03:39 6639.54 123656.59 6294.97 6458.32 389.96 6.82 96.45 225.56
rub_1000_1 1 0.9836734693877551 0.9836734693877551 0.01632653061224487 0.01632653061224487 (naive) 1.0 0.9259259259259259 168.0705 0:02:48 6384.99 123528.82 6043.12 6206.60 1.97 7.31 94.44 193.20
Rhodanese_20_3 1 0.4154013015184382 0.40422163588390503 0.5845986984815619 0.595778364116095 (naive) 0.9722222222222222 0.21354166666666666 326.7326 0:05:26 6708.01 123525.94 6362.72 6519.82 1.99 5.28 180.90 682.30
cytb_1000_1 1 0.8193172356369692 0.8282828282828283 0.18068276436303077 0.1717171717171717 (naive) 1.01 0.5434782608695652 197.9669 0:03:17 6660.15 123535.68 6315.59 6479.77 1.96 7.85 102.46 248.10
blm_100_0 1 0.9323590814196242 0.9392877173303421 0.0676409185803758 0.06071228266965789 (naive) 1.0255474452554745 0.797752808988764 311.3436 0:05:11 8307.23 123527.75 7961.79 8111.46 1.99 5.81 167.78 617.05
cryst_500_1 1 0.919468776490534 0.9207696661007357 0.08053122350946595 0.07923033389926426 (naive) 1.0052083333333333 0.6961325966850829 175.8533 0:02:55 6484.24 123594.38 6143.57 6227.90 1.98 6.50 132.00 307.78
ldh_100_2 1 0.8604183427192277 0.8505585077540397 0.13958165728077232 0.14944149224596026 (naive) 0.9865229110512129 0.5459459459459459 255.3485 0:04:15 6989.20 123527.73 6645.04 6808.44 1.99 5.38 165.81 487.35
cryst_50_3 1 0.9025148346990676 0.9162363740676994 0.09748516530093243 0.08376362593230058 (naive) 1.0625 0.6740331491712708 288.2874 0:04:48 6553.07 110953.97 6209.12 6375.01 401.99 5.31 141.99 391.61
aldosered_500_2 1 0.8751247090123047 0.8893207164582629 0.12487529098769534 0.11067928354173706 (naive) 1.028497409326425 0.68 308.3965 0:05:08 8109.23 123599.64 7789.48 7940.29 1.98 7.20 167.31 553.24
cys_200_2 1 0.921442566740142 0.9182938735660239 0.07855743325985798 0.08170612643397612 (naive) 1.010600706713781 0.6529850746268657 229.5944 0:03:49 7424.10 123660.98 7079.71 7243.51 1.99 5.65 140.35 360.44
sdr_50_2 1 0.7908594138102335 0.7737336645426072 0.2091405861897665 0.22626633545739283 (naive) 1.0526315789473684 0.305993690851735 307.8076 0:05:07 7118.19 123526.00 6772.95 6874.28 1.99 5.23 179.86 642.23
PDZ_20_0 1 0.6989247311827957 0.693069306930693 0.30107526881720426 0.306930693069307 (naive) 0.9818181818181818 0.35353535353535354 273.4425 0:04:33 6545.54 123589.89 6201.64 6287.76 1.99 5.30 162.36 515.96
PDZ_200_1 1 0.8571428571428571 0.8571428571428571 0.1428571428571429 0.1428571428571429 (naive) 0.990909090909091 0.6464646464646465 173.8028 0:02:53 6523.54 123655.91 6195.93 6352.20 1.99 5.90 157.54 337.48
ghf1_100_3 1 0.8911167056284841 0.8936074294472997 0.10888329437151589 0.10639257055270035 (naive) 1.0160142348754448 0.6918489065606361 353.2205 0:05:53 10075.66 123589.88 9730.97 9814.33 1.99 5.40 182.19 717.04
sdr_500_0 1 0.8138764696141745 0.7950930169857104 0.18612353038582552 0.20490698301428956 (naive) 1.03601108033241 0.3312302839116719 215.6690 0:03:35 7180.30 123658.50 6835.08 6919.80 1.98 7.00 143.37 389.10
PDZ_50_0 1 0.8056835637480799 0.7952994692949203 0.19431643625192008 0.20470053070507965 (naive) 0.9818181818181818 0.5656565656565656 225.0688 0:03:45 6529.73 123463.54 6186.13 6300.67 1.99 5.44 142.28 387.46
GEL_1000_0 1 0.6597014925373135 0.6532019704433497 0.34029850746268653 0.3467980295566503 (naive) 1.0066666666666666 0.363013698630137 206.4724 0:03:26 6500.78 123590.02 6476.25 6482.66 13.97 7.48 115.96 260.50
p450_200_2 1 0.3835903763109192 0.5180227714523743 0.6164096236890808 0.4819772285476257 (naive) 1.775390625 0.0 329.1724 0:05:29 9119.35 123587.81 8774.96 8891.28 621.99 6.75 152.71 517.72
phc_1000_1 1 0.9038642789820923 0.9313392250169953 0.09613572101790768 0.06866077498300471 (naive) 1.0558659217877095 0.6536312849162011 193.9575 0:03:13 6722.78 123658.38 6377.79 6461.03 1.98 7.23 112.96 285.66
LIM_100_2 1 0.9790322580645161 0.9790322580645161 0.020967741935483897 0.020967741935483897 (naive) 1.0 0.8780487804878049 185.8894 0:03:05 6447.96 123527.54 6103.66 6186.75 1.99 5.50 147.70 333.85
il8_20_1 1 0.8084204577564283 0.805008441193022 0.19157954224357165 0.19499155880697805 (naive) 1.037037037037037 0.4155844155844156 247.0396 0:04:07 6494.10 123654.18 6148.75 6256.89 1.99 5.32 153.49 491.38
aat_200_3 1 0.820115145106333 0.8235502330246003 0.179884854893667 0.1764497669753997 (naive) 1.0420168067226891 0.5055432372505543 284.4201 0:04:44 9092.21 123526.10 8747.08 8845.88 1.99 7.03 154.06 484.98
ldh_1000_3 1 0.8582608059679661 0.8572263413565141 0.14173919403203394 0.1427736586434859 (naive) 1.0296495956873315 0.518918918918919 217.6649 0:03:37 6958.95 123530.40 6613.03 6698.38 1.98 7.23 128.33 344.19
hom_200_0 1 0.9394719896973599 0.9340588988476313 0.0605280103026401 0.06594110115236873 (naive) 0.9591836734693877 0.6521739130434783 167.8346 0:02:47 6434.58 123527.62 6090.75 6204.86 1.99 5.68 118.27 272.82
ghf10_100_1 1 0.8702392989551736 0.8740690589031821 0.1297607010448264 0.1259309410968179 (naive) 1.0384615384615385 0.7089783281733746 299.5621 0:04:59 8038.09 123654.17 7702.29 7858.47 1.99 5.79 181.54 629.39
hom_500_3 1 0.948486799742434 0.9430217669654289 0.051513200257566005 0.05697823303457106 (naive) 0.9591836734693877 0.6811594202898551 155.5604 0:02:35 6464.55 123528.91 6121.40 6235.05 1.98 5.84 132.49 247.37
ghf10_50_1 1 0.890798786653185 0.8904986522911051 0.10920121334681498 0.10950134770889486 (naive) 1.010989010989011 0.7306501547987616 357.3118 0:05:57 7884.17 123655.55 7540.13 7652.63 1.99 5.51 196.21 763.70
adh_50_0 1 0.9736912751677852 0.9776280323450135 0.026308724832214803 0.022371967654986502 (naive) 1.0133333333333334 0.9386666666666666 306.4031 0:05:06 6849.81 123526.54 6504.63 6614.71 1.99 5.38 177.69 611.15
lyase_1_100_2 1 0.722716049382716 0.731384307846077 0.27728395061728395 0.268615692153923 (naive) 1.0195694716242663 0.5268389662027833 348.1455 0:05:48 8309.90 112778.58 7964.30 8078.88 177.99 5.69 153.49 539.48
ace_100_0 1 0.805014670578821 0.8108543793659323 0.19498532942117897 0.1891456206340677 (naive) 1.0316666666666667 0.5882352941176471 406.4219 0:06:46 11242.74 123655.66 10897.08 11006.35 1.99 5.81 184.55 822.28
il8_200_2 1 0.9095789771121786 0.904467547063782 0.09042102288782139 0.09553245293621804 (naive) 0.9753086419753086 0.5974025974025974 168.5493 0:02:48 6473.99 123660.89 6129.86 6213.08 1.99 5.61 99.88 256.30
LIM_20_3 1 0.9467741935483871 0.9607201309328969 0.0532258064516129 0.039279869067103124 (naive) 1.0232558139534884 0.7682926829268293 280.8473 0:04:40 6462.96 110977.17 6118.75 6207.40 205.99 5.25 137.87 388.36
zf-CCHH_500_1 1 0.9568319657509811 0.9524147727272727 0.04316803424901894 0.04758522727272729 (naive) 1.1025641025641026 0.7714285714285715 165.7643 0:02:45 5718.62 110188.15 5374.57 5457.91 245.98 6.09 80.29 137.84
il8_50_3 1 0.9423565979090138 0.9318245319921766 0.05764340209098617 0.06817546800782337 (naive) 0.9629629629629629 0.6753246753246753 209.6583 0:03:29 6468.24 123591.73 6123.49 6206.78 1.99 5.23 159.21 386.29
ghf5_20_0 1 0.34265391219033603 0.32602100350058344 0.657346087809664 0.6739789964994165 (naive) 0.9829787234042553 0.11568123393316196 501.5297 0:08:21 8110.69 123532.86 7764.72 7849.14 1.99 5.61 194.96 1054.18
HLH_20_1 1 0.7140549273021002 0.7106109324758842 0.2859450726978998 0.28938906752411575 (naive) 1.0 0.4166666666666667 262.2629 0:04:22 6446.62 123527.62 6103.09 6193.12 1.99 5.29 178.75 548.81
lyase_1_1000_2 1 0.748641975308642 0.7555444804385746 0.25135802469135804 0.24445551956142542 (naive) 1.0078277886497065 0.5566600397614314 424.1996 0:07:04 8450.47 123529.05 8106.50 8269.95 125.97 9.93 164.20 720.28
mmp_1000_0 1 0.957124842370744 0.9722459436379163 0.04287515762925598 0.027754056362083723 (naive) 1.0333333333333334 0.8698224852071006 269.4068 0:04:29 7149.80 123464.61 6804.39 6889.13 49.97 7.69 148.02 413.47
cryst_50_1 1 0.8801921446736366 0.8834373227453205 0.1198078553263634 0.1165626772546795 (naive) 1.03125 0.6077348066298343 249.6538 0:04:09 6564.99 123590.24 6232.62 6339.25 1.99 5.21 164.36 502.42
cryst_20_1 1 0.8671941226335123 0.881896551724138 0.13280587736648775 0.11810344827586206 (naive) 1.03125 0.56353591160221 321.6352 0:05:21 6570.96 123597.04 6225.86 6309.17 1.99 5.31 178.43 658.13
HLH_50_1 1 0.9402261712439418 0.9463414634146341 0.05977382875605819 0.0536585365853659 (naive) 1.0 0.8809523809523809 232.1992 0:03:52 6439.65 110840.61 6095.70 6178.73 529.99 5.52 141.09 332.62
gluts_1000_2 1 0.912578947368421 0.9107574325034142 0.08742105263157895 0.08924256749658577 (naive) 1.004255319148936 0.7124463519313304 202.0459 0:03:22 6714.76 123528.89 6371.10 6454.37 1.96 8.15 195.00 480.18
cys_100_0 1 0.9042370805780063 0.9025791468035692 0.09576291942199366 0.09742085319643079 (naive) 1.0424028268551238 0.6268656716417911 270.3344 0:04:30 7422.00 123655.54 7077.40 7192.10 1.99 5.53 185.83 559.37
Acetyltransf_1000_3 1 0.6589223924864063 0.6461463887542414 0.34107760751359373 0.35385361124575865 (naive) 1.0043668122270741 0.328042328042328 218.2116 0:03:38 6693.37 111021.73 6666.86 6674.09 25.96 7.84 108.01 236.48
hpr_100_2 1 1.0 1.0 0.0 0.0 (naive) 1.0 1.0 186.4433 0:03:06 6551.88 123655.88 6526.36 6532.80 1.99 5.43 133.31 329.97
HMG_box_500_0 1 0.953257790368272 0.9465541490857946 0.04674220963172804 0.053445850914205395 (naive) 1.0 0.8148148148148148 160.7035 0:02:40 6493.98 123592.79 6149.71 6262.09 1.98 5.98 115.54 272.28
adh_200_2 1 0.9586577181208054 0.9627932057158264 0.04134228187919464 0.03720679428417362 (naive) 1.0106666666666666 0.9173333333333333 212.0708 0:03:32 6847.10 123527.62 6519.82 6675.95 1.99 5.84 166.11 397.12
proteasome_50_0 1 0.773726521126224 0.7460416590132618 0.22627347887377602 0.2539583409867382 (naive) 0.9741100323624595 0.25517241379310346 286.0522 0:04:46 7196.52 123597.14 6851.98 6963.61 1.99 5.38 164.95 580.89
rrm_500_3 1 0.8063205101254292 0.7886368309231718 0.19367948987457084 0.21136316907682817 (naive) 0.9681528662420382 0.16216216216216217 169.7964 0:02:49 6502.26 123663.62 6159.50 6272.13 1.98 6.53 96.87 212.87
icd_20_0 1 0.5476121562952243 0.7313490529570932 0.4523878437047757 0.2686509470429068 (naive) 1.510392609699769 0.008264462809917356 529.3884 0:08:49 8816.45 123527.52 8471.81 8585.89 1.99 5.32 198.89 1135.93
cytb_50_2 1 0.8609492089925063 0.857379767827529 0.13905079100749373 0.142620232172471 (naive) 0.99 0.6847826086956522 243.1598 0:04:03 6560.33 123590.07 6216.56 6303.79 1.99 5.61 171.95 469.58
LIM_50_1 1 0.9725806451612903 0.9725806451612903 0.02741935483870972 0.02741935483870972 (naive) 1.0 0.8658536585365854 260.2152 0:04:20 6439.72 110916.04 6096.20 6259.38 193.99 5.38 130.25 341.20
egf_20_1 1 0.6835198764955616 0.6627994011976048 0.31648012350443844 0.33720059880239517 (naive) 1.0 0.19117647058823528 242.9041 0:04:02 6389.83 123782.06 6044.57 6131.29 1.99 5.51 158.39 475.43
HMG_box_1000_3 1 0.9730878186968839 0.9621848739495799 0.026912181303116123 0.037815126050420145 (naive) 1.0 0.8518518518518519 193.7992 0:03:13 6505.41 123522.29 6160.99 6324.66 289.98 6.83 89.51 186.53
aat_200_1 1 0.8571260721419339 0.858942658660073 0.14287392785806607 0.14105734133992698 (naive) 1.0420168067226891 0.5831485587583148 284.9980 0:04:44 9041.75 123532.97 8696.24 8806.41 1.99 7.16 156.86 491.04
blm_1000_2 1 0.8942240779401531 0.9039110861001688 0.10577592205984687 0.09608891389983121 (naive) 1.0364963503649636 0.7228464419475655 395.9413 0:06:35 8604.95 123528.83 8260.39 8361.24 1.97 9.41 167.99 716.40
aat_500_2 1 0.8213488426741864 0.8208666040394551 0.1786511573258136 0.1791333959605449 (naive) 1.0609243697478992 0.5210643015521065 332.3586 0:05:32 9120.52 123658.50 9084.71 9092.00 1.98 8.38 163.11 604.39
proteasome_20_2 1 0.6945555682554196 0.6564401714018221 0.30544443174458036 0.3435598285981779 (naive) 0.9838187702265372 0.20344827586206896 390.1050 0:06:30 7394.93 123527.60 7049.61 7132.96 5.99 5.22 198.08 792.57
ghf1_500_2 1 0.9210573637834921 0.9235485034258926 0.07894263621650788 0.07645149657410744 (naive) 1.0249110320284698 0.7176938369781312 452.0985 0:07:32 10533.05 123594.34 10213.36 10364.94 1.98 7.35 181.08 855.66
hr_20_3 1 0.9942857142857143 0.9942857142857143 0.005714285714285672 0.005714285714285672 (naive) 1.0 0.9873417721518988 252.3312 0:04:12 6496.99 123532.91 6152.34 6263.63 1.99 5.27 160.27 472.61
peroxidase_200_0 1 0.7561290322580645 0.7951153324287653 0.2438709677419355 0.2048846675712347 (naive) 1.0626631853785902 0.5186246418338109 259.9580 0:04:19 7788.74 123533.09 7442.44 7526.16 1.99 6.85 148.79 433.21
tms_50_3 1 0.9712753734201456 0.9672006102212052 0.028724626579854418 0.03279938977879482 (naive) 0.9971988795518207 0.8701754385964913 350.5283 0:05:50 8109.99 123596.98 7789.23 7940.06 1.99 5.52 183.33 705.02
serpin_1000_2 1 0.9512774806892454 0.9454724409448819 0.04872251931075455 0.05452755905511808 (naive) 1.0023980815347722 0.8165829145728644 439.3237 0:07:19 9107.77 123592.83 8762.27 8865.43 1.97 9.72 170.09 801.78
tms_20_1 1 0.9532746074301034 0.9503627338678885 0.04672539256989661 0.0496372661321115 (naive) 1.0056022408963585 0.8350877192982457 477.8848 0:07:57 8057.54 123596.86 8028.07 8033.82 1.99 5.17 198.34 1067.68
cyclo_200_2 1 0.9155518394648829 0.9232715008431703 0.08444816053511706 0.07672849915682967 (naive) 1.0394088669950738 0.783068783068783 237.0066 0:03:57 7031.21 111429.55 6686.23 6796.45 205.99 5.48 137.09 330.03
blmb_50_1 1 0.6170143415906127 0.6231073074391047 0.38298565840938725 0.3768926925608953 (naive) 0.9738372093023255 0.26545454545454544 310.6803 0:05:10 7246.98 123532.93 6901.85 6985.29 1.99 5.30 176.05 646.76
lyase_1_1000_3 1 0.7185185185185186 0.7215472353087032 0.28148148148148144 0.27845276469129676 (naive) 1.0039138943248533 0.5228628230616302 403.2673 0:06:43 8404.06 123593.03 8059.23 8173.40 1.97 9.92 168.83 724.60
kunitz_100_0 1 0.9893069306930693 0.9893069306930693 0.010693069306930703 0.010693069306930703 (naive) 1.0 0.95 183.3193 0:03:03 6448.18 123589.95 6103.89 6213.84 1.99 5.34 134.44 309.81
asp_1000_3 1 0.8980437932700048 0.9084653283928499 0.10195620672999517 0.09153467160715012 (naive) 1.063157894736842 0.6978609625668449 418.9787 0:06:58 8671.64 123594.49 8638.06 8645.29 1.96 9.21 187.40 847.87
serpin_20_0 1 0.8940384234501881 0.8867498281111875 0.10596157654981186 0.11325017188881248 (naive) 0.9976019184652278 0.7261306532663316 493.9672 0:08:13 9019.47 123596.95 8674.08 8787.99 1.99 5.11 196.59 1040.61
uce_20_2 1 0.8298438934802571 0.8154665222883956 0.1701561065197429 0.18453347771160444 (naive) 0.9728260869565217 0.3132530120481928 339.0829 0:05:39 6876.68 111333.09 6531.89 6614.97 49.99 5.31 156.87 536.88
ghf10_100_2 1 0.8961914391641389 0.8980074299223235 0.1038085608358611 0.10199257007767648 (naive) 1.0302197802197801 0.7368421052631579 303.3827 0:05:03 8117.00 123532.91 8089.84 8096.32 1.99 5.79 193.96 623.83
hom_50_0 1 0.9401159047005795 0.9395109395109396 0.059884095299420514 0.06048906048906044 (naive) 0.9795918367346939 0.6666666666666666 209.8282 0:03:29 6442.87 123718.12 6097.94 6181.12 1.99 5.38 149.60 377.06
hormone_rec_50_1 1 0.751027866605756 0.7144719687092569 0.24897213339424396 0.2855280312907431 (naive) 0.9902597402597403 0.4875444839857651 299.3882 0:04:59 7280.09 123594.35 6935.53 7018.96 1.99 5.38 183.03 657.45
biotin_lipoyl_20_2 1 0.9151590767311292 0.9027692307692308 0.08484092326887083 0.09723076923076923 (naive) 0.9642857142857143 0.7411764705882353 268.4868 0:04:28 6516.64 123655.55 6171.57 6254.88 1.99 5.35 178.42 543.33
aldosered_50_3 1 0.9359827070169604 0.9267369114257491 0.0640172929830396 0.0732630885742509 (naive) 0.9792746113989638 0.7415384615384616 358.4515 0:05:58 8151.64 123525.11 7807.27 7917.33 1.99 5.36 195.62 800.26
sodcu_500_1 1 0.8797760210803689 0.8945077026121903 0.1202239789196311 0.10549229738780974 (naive) 1.0236686390532543 0.7469879518072289 184.9419 0:03:04 6989.55 123466.42 6645.30 6755.31 1.98 6.77 137.07 283.13
hr_50_1 1 1.0 1.0 0.0 0.0 (naive) 1.0 1.0 213.8872 0:03:33 6497.05 123527.82 6152.93 6266.92 1.99 5.34 156.06 409.63
hormone_rec_200_3 1 0.7802649611694837 0.7468299081766506 0.21973503883051626 0.2531700918233494 (naive) 0.9935064935064936 0.5088967971530249 246.0802 0:04:06 7337.44 111641.71 6994.02 7104.86 105.99 5.99 133.30 329.05
tRNA-synt_2b_100_2 1 0.4095004095004095 0.3853564547206166 0.5904995904995904 0.6146435452793835 (naive) 0.8565310492505354 0.08430232558139535 272.7532 0:04:32 7116.83 123594.29 6771.55 6854.91 1.99 5.38 170.33 554.03
mofe_1000_1 1 0.7920673076923077 0.8216957605985037 0.2079326923076923 0.1783042394014963 (naive) 1.077175697865353 0.6037735849056604 434.4056 0:07:14 9799.83 123592.92 9455.11 9596.45 1.97 10.09 170.74 801.08
tgfb_500_2 1 0.8839662447257384 0.8918688803746275 0.11603375527426163 0.10813111962537247 (naive) 1.0 0.49572649572649574 190.6988 0:03:10 6669.09 111044.36 6324.18 6407.54 177.99 6.22 94.49 182.83
kringle_100_0 1 0.8657193605683836 0.8709792709077913 0.1342806394316164 0.12902072909220874 (naive) 1.08 0.6629213483146067 184.7195 0:03:04 6526.67 123590.36 6183.28 6321.42 1.99 5.48 146.61 328.83
sodcu_500_0 1 0.8491436100131752 0.8587608261159227 0.15085638998682482 0.14123917388407725 (naive) 1.0118343195266273 0.6686746987951807 189.8770 0:03:09 6940.15 123535.70 6595.29 6708.82 1.98 6.96 113.74 291.92
zf-CCHH_200_2 1 0.9550481626828398 0.9496275274920184 0.04495183731716024 0.0503724725079816 (naive) 1.0769230769230769 0.7428571428571429 149.5662 0:02:29 6345.75 123596.96 6002.09 6166.00 1.99 5.37 141.17 287.21
egf_50_2 1 0.672327286761868 0.6720679012345679 0.32767271323813196 0.32793209876543206 (naive) 1.0422535211267605 0.1323529411764706 200.0266 0:03:20 6376.27 123532.99 6031.64 6115.38 1.99 5.66 130.04 334.85
DEATH_100_0 1 0.7086161879895562 0.7138348237769595 0.29138381201044383 0.2861651762230405 (naive) 1.0062893081761006 0.4435483870967742 207.4068 0:03:27 6547.56 123523.52 6203.03 6312.84 1.99 5.45 158.18 414.18
p450_100_1 1 0.5308245938720955 0.5344070884398807 0.46917540612790454 0.4655929115601193 (naive) 1.044921875 0.2785571142284569 366.9740 0:06:06 9243.10 123532.98 8897.39 9007.68 1.99 5.42 183.79 751.20
gluts_100_1 1 0.9308947368421052 0.9292319008090785 0.06910526315789478 0.07076809919092153 (naive) 1.0212765957446808 0.721030042918455 235.1534 0:03:55 6693.13 123526.28 6349.41 6463.05 1.99 5.53 171.90 468.37
gpdh_500_1 1 0.9625310441636973 0.961181798576666 0.03746895583630272 0.03881820142333403 (naive) 1.0027777777777778 0.8938547486033519 206.2975 0:03:26 6981.98 123663.66 6637.15 6725.51 1.98 6.84 149.62 336.00
blmb_200_2 1 0.6740547588005215 0.7026843357118586 0.32594524119947854 0.2973156642881414 (naive) 1.0436046511627908 0.34545454545454546 236.2028 0:03:56 7271.20 123533.07 6952.17 7103.38 1.99 5.96 157.16 430.37
tms_1000_0 1 0.9540405974722329 0.9606633243347474 0.04595940252776709 0.03933667566525256 (naive) 1.0084033613445378 0.8456140350877193 316.7003 0:05:16 8184.93 123528.88 7840.34 7953.72 1.98 9.88 147.97 529.39
gpdh_100_2 1 0.9585357952704892 0.9577084906678175 0.041464204729510845 0.04229150933218251 (naive) 1.0027777777777778 0.8743016759776536 259.9741 0:04:19 6964.11 123462.09 6619.04 6702.48 1.99 5.28 162.91 510.14
kringle_50_3 1 0.9616341030195382 0.9481611208406304 0.03836589698046178 0.05183887915936958 (naive) 1.02 0.8314606741573034 209.1636 0:03:29 6524.15 123661.04 6180.36 6294.28 1.99 5.30 159.45 419.67
cytb_20_2 1 0.8659450457951707 0.8602150537634409 0.13405495420482927 0.13978494623655913 (naive) 1.0 0.6195652173913043 314.0398 0:05:14 6595.03 123597.04 6250.41 6364.10 1.99 5.23 178.12 641.93
rub_200_2 1 0.9755102040816327 0.9755102040816327 0.024489795918367308 0.024489795918367308 (naive) 1.0 0.8888888888888888 162.9976 0:02:42 6395.42 123591.86 6051.75 6137.08 1.99 5.77 109.84 299.42
ghf10_200_2 1 0.8972025615099427 0.898110661268556 0.10279743849005729 0.10188933873144401 (naive) 1.0137362637362637 0.7461300309597523 263.6112 0:04:23 8256.02 123532.95 7910.76 7994.18 1.99 6.27 177.39 545.01
cryst_1000_2 1 0.8185928228313083 0.9454960835509139 0.1814071771686917 0.05450391644908614 (naive) 1.421875 0.3812154696132597 189.5148 0:03:09 6693.01 123594.41 6348.57 6433.03 1.98 7.38 126.09 271.59
hpr_100_1 1 1.0 1.0 0.0 0.0 (naive) 1.0 1.0 183.2455 0:03:03 6555.55 123589.96 6211.69 6296.15 1.99 5.23 150.40 370.17
mmp_20_0 1 0.9600672551492223 0.9665679221328819 0.03993274485077769 0.033432077867118104 (naive) 1.0166666666666666 0.9230769230769231 424.1645 0:07:04 6953.31 123596.85 6926.77 6935.66 1.99 5.26 201.22 928.75
ghf10_50_0 1 0.9029322548028311 0.8980891719745223 0.09706774519716888 0.10191082802547768 (naive) 0.9945054945054945 0.7708978328173375 357.4086 0:05:57 8060.59 123532.96 7716.46 7827.22 1.99 5.42 190.55 739.39
hla_50_2 1 1.0 1.0 0.0 0.0 (naive) 1.0 1.0 263.5528 0:04:23 7053.61 123589.93 6710.40 6874.50 1.99 5.32 168.10 543.49
int_1000_1 1 0.871380846325167 0.8787198203256598 0.128619153674833 0.12128017967434024 (naive) 1.0182648401826484 0.6683168316831684 234.5818 0:03:54 7204.47 123535.68 6858.91 6973.17 1.96 8.50 177.65 485.79
sodfe_50_1 1 0.8567933759879564 0.8486486486486486 0.14320662401204365 0.15135135135135136 (naive) 1.0182648401826484 0.5358851674641149 263.0305 0:04:23 6596.34 123590.10 6252.93 6416.32 1.99 5.36 201.80 593.28
KAS_200_2 1 0.7914483336826661 0.8481581311769991 0.2085516663173339 0.15184186882300088 (naive) 1.1287128712871286 0.58 275.1609 0:04:35 7487.11 111873.61 7142.41 7253.10 381.99 5.68 144.22 401.51
KAS_50_2 1 0.7893523370362607 0.7930090545377975 0.21064766296373927 0.20699094546220254 (naive) 1.0024752475247525 0.57 367.7870 0:06:07 7517.91 123591.66 7173.38 7286.90 1.99 5.17 184.51 783.13
rrm_100_2 1 0.7963702613692103 0.7740771012123688 0.2036297386307897 0.22592289878763117 (naive) 0.9235668789808917 0.17117117117117117 192.4039 0:03:12 6487.12 123526.04 6143.62 6253.62 1.99 5.45 138.22 346.17
serpin_200_1 1 0.9377104377104377 0.9341949486977111 0.062289562289562284 0.06580505130228886 (naive) 1.0119904076738608 0.7889447236180904 298.6287 0:04:58 8954.76 123660.88 8610.34 8720.14 1.99 6.66 175.87 623.50
hpr_500_3 1 0.993006993006993 0.993006993006993 0.006993006993006978 0.006993006993006978 (naive) 1.0 0.9772727272727273 163.4484 0:02:43 6554.75 123592.79 6211.00 6320.77 1.98 6.26 111.06 215.18
ace_500_2 1 0.834089090424113 0.8485753052917232 0.16591090957588694 0.1514246947082768 (naive) 1.0533333333333332 0.6245674740484429 573.5931 0:09:33 10777.29 123528.93 10744.64 10751.90 249.98 7.64 167.62 975.84
zf-CCHH_20_3 1 0.8772743489118802 0.8682909604519774 0.12272565108811984 0.1317090395480226 (naive) 1.0256410256410255 0.6571428571428571 216.8798 0:03:36 6358.27 123535.60 6012.94 6096.45 1.99 5.50 146.54 358.22
Acetyltransf_50_2 1 0.6085022244191794 0.5923965351299326 0.39149777558082055 0.4076034648700674 (naive) 0.925764192139738 0.17989417989417988 246.4506 0:04:06 6556.86 123523.64 6213.41 6296.43 1.99 5.18 166.46 509.00
asp_1000_0 1 0.8977217839317341 0.9026996397782006 0.10227821606826593 0.09730036022179944 (naive) 1.0263157894736843 0.7032085561497327 307.9565 0:05:07 8721.58 123535.68 8377.45 8489.95 1.96 10.04 156.67 515.72
p450_500_2 1 0.6933168825827678 0.7020363969516512 0.3066831174172322 0.2979636030483488 (naive) 1.1484375 0.31462925851703405 373.9581 0:06:13 9253.31 123594.45 8908.46 9018.59 1.98 8.34 169.92 672.40
annexin_20_1 1 0.9949227840067696 0.9978782092085721 0.005077215993230411 0.0021217907914279355 (naive) 1.0061919504643964 0.9874213836477987 396.2977 0:06:36 6537.98 123532.91 6207.63 6364.45 1.99 5.15 195.73 831.48
PDZ_20_1 1 0.6835637480798771 0.6846153846153846 0.3164362519201229 0.3153846153846154 (naive) 1.009090909090909 0.4444444444444444 271.9671 0:04:31 6564.44 123596.84 6219.55 6332.20 1.99 5.19 174.68 547.89
uce_200_2 1 0.9161616161616162 0.9062585157598329 0.08383838383838382 0.09374148424016715 (naive) 0.9945652173913043 0.5481927710843374 191.0424 0:03:11 6847.40 123592.70 6503.24 6613.05 1.99 5.50 143.65 341.52
hom_1000_2 1 0.9368963296844817 0.9350899742930592 0.06310367031551833 0.06491002570694082 (naive) 0.9591836734693877 0.6376811594202898 223.9458 0:03:43 6474.16 123591.78 6129.65 6212.98 201.98 6.56 72.78 181.10
kunitz_50_1 1 0.975049504950495 0.975049504950495 0.024950495049504973 0.024950495049504973 (naive) 1.0 0.8833333333333333 238.0590 0:03:58 6432.89 122469.74 6088.36 6251.93 465.99 5.22 125.04 330.43
aldosered_20_2 1 0.9205187894911873 0.9108259295820994 0.07948121050881274 0.0891740704179006 (naive) 0.9844559585492227 0.6861538461538461 437.4710 0:07:17 8022.39 123596.86 7677.29 7790.38 1.99 5.20 186.06 911.97
aldosered_20_0 1 0.8247422680412371 0.8116511209294714 0.17525773195876293 0.18834887907052855 (naive) 0.961139896373057 0.49230769230769234 446.2484 0:07:26 8149.71 123658.44 7804.38 7915.43 1.99 5.45 201.11 987.03
annexin_50_2 1 0.9727099640363868 0.9785060651202383 0.027290035963613235 0.0214939348797617 (naive) 1.0154798761609907 0.9308176100628931 255.7263 0:04:15 6513.79 123589.95 6168.69 6252.11 1.99 5.42 156.71 482.69
il8_20_3 1 0.8575868889516812 0.8461109562308335 0.14241311104831877 0.15388904376916646 (naive) 0.9629629629629629 0.4935064935064935 245.3149 0:04:05 6466.52 123655.60 6121.72 6231.78 1.99 5.07 163.70 498.80
hla_50_1 1 1.0 1.0 0.0 0.0 (naive) 1.0 1.0 266.5844 0:04:26 7059.61 123725.07 6714.98 6799.42 1.99 5.19 181.36 582.18
gluts_100_3 1 0.9317368421052632 0.9315897489870021 0.0682631578947368 0.06841025101299791 (naive) 1.0127659574468084 0.7339055793991416 230.3260 0:03:50 6665.23 123655.69 6320.09 6404.70 1.99 5.40 142.49 397.28
rvp_200_1 1 0.7165087956698241 0.7112155809267965 0.28349120433017594 0.2887844190732035 (naive) 1.0303030303030303 0.22522522522522523 176.2452 0:02:56 6580.11 123533.15 6236.73 6347.49 1.99 5.68 151.03 340.42
phc_100_1 1 0.8805843543826579 0.9022694350555287 0.11941564561734208 0.0977305649444713 (naive) 1.0391061452513966 0.6145251396648045 220.4571 0:03:40 6575.43 123526.04 6231.32 6341.27 1.99 5.49 154.28 407.20
rub_20_3 1 0.9918367346938776 0.9918367346938776 0.008163265306122436 0.008163265306122436 (naive) 1.0 0.9629629629629629 267.8016 0:04:27 6403.52 110884.23 6185.06 6279.77 13.99 5.22 139.60 378.87
biotin_lipoyl_20_1 1 0.8184653774173425 0.8184653774173425 0.1815346225826575 0.1815346225826575 (naive) 0.9553571428571429 0.6 271.8981 0:04:31 6509.76 123653.95 6165.75 6274.86 1.99 5.40 172.81 561.89
int_200_0 1 0.7483296213808464 0.7576099210822999 0.25167037861915365 0.24239007891770015 (naive) 1.0273972602739727 0.4801980198019802 239.0566 0:03:59 7151.61 111598.28 6807.53 6918.30 365.99 5.98 132.85 322.28
hla_200_1 1 1.0 1.0 0.0 0.0 (naive) 1.0 1.0 203.1753 0:03:23 7069.94 123661.06 6725.98 6889.67 1.99 5.82 153.40 408.75
rvp_200_2 1 0.7246278755074425 0.7236486486486486 0.27537212449255755 0.27635135135135136 (naive) 1.0454545454545454 0.2882882882882883 175.7795 0:02:55 6579.24 123468.86 6235.37 6399.49 1.99 5.32 169.07 351.27
phc_50_2 1 0.9314797360980207 0.9425846447305675 0.0685202639019793 0.05741535526943253 (naive) 1.0167597765363128 0.6927374301675978 247.5381 0:04:07 6584.29 123596.95 6239.62 6323.05 1.99 5.50 166.66 504.25
hr_50_3 1 1.0 1.0 0.0 0.0 (naive) 1.0 1.0 215.6356 0:03:35 6481.07 123526.11 6136.49 6244.95 1.99 5.40 169.81 410.62
mmp_50_3 1 0.9688944934846574 0.9672681493915233 0.031105506515342607 0.03273185060847672 (naive) 1.0 0.8757396449704142 357.6963 0:05:57 7025.49 111462.04 6680.43 6791.85 61.99 5.26 176.11 630.81
ghf1_1000_1 1 0.9127854702391656 0.9166591422121896 0.08721452976083444 0.08334085778781042 (naive) 1.0355871886120998 0.7037773359840954 600.9304 0:10:00 10595.77 123599.84 10273.48 10424.42 1.97 10.38 189.57 1192.80
ghf5_1000_3 1 0.6337993622761835 0.6353577575608557 0.3662006377238165 0.36464224243914434 (naive) 1.0425531914893618 0.3341902313624679 414.1020 0:06:54 8264.43 123466.36 7919.43 8062.91 1.96 10.29 259.39 1131.35
flav_50_2 1 0.7668001780151313 0.7806977797915723 0.23319982198486866 0.2193022202084277 (naive) 1.0437158469945356 0.4342857142857143 266.7953 0:04:26 6833.29 123532.91 6490.77 6655.64 1.99 5.41 179.34 553.92
rvp_50_1 1 0.7198917456021651 0.7160161507402423 0.28010825439783493 0.2839838492597577 (naive) 1.0151515151515151 0.27927927927927926 224.1284 0:03:44 6607.01 123660.84 6262.33 6372.49 1.99 5.20 154.56 403.32
myb_DNA-binding_500_0 1 0.9519038076152304 0.9405940594059405 0.04809619238476959 0.05940594059405946 (naive) 1.0 0.8035714285714286 159.0568 0:02:39 6429.68 123599.64 6084.91 6168.23 1.98 5.95 107.16 234.62
aldosered_200_3 1 0.902228134353176 0.9246762099522836 0.09777186564682405 0.07532379004771639 (naive) 1.0518134715025906 0.7015384615384616 263.3968 0:04:23 8112.09 123597.20 7806.21 7938.77 1.99 6.91 177.24 518.07
adh_50_2 1 0.9822818791946308 0.9833378124160173 0.017718120805369164 0.016662187583982746 (naive) 1.0053333333333334 0.9573333333333334 302.3324 0:05:02 6860.53 123533.13 6515.33 6625.80 1.99 5.07 183.74 646.71
mmp_200_2 1 0.9604875998318622 0.9657650042265427 0.03951240016813784 0.034234995773457344 (naive) 1.0222222222222221 0.8698224852071006 281.1504 0:04:41 7064.86 123590.12 6720.38 6883.92 281.99 5.70 129.36 383.14
mmp_500_3 1 0.9583858764186634 0.9644670050761421 0.04161412358133665 0.035532994923857864 (naive) 1.011111111111111 0.8579881656804734 217.3680 0:03:37 7126.26 123528.84 6781.03 6864.41 1.98 6.82 146.67 353.81
ace_1000_2 1 0.8524939983995732 0.864367816091954 0.14750600160042682 0.135632183908046 (naive) 1.045 0.6470588235294118 505.7717 0:08:25 11233.23 123530.38 11180.25 11187.64 1.96 9.87 200.55 1071.04
myb_DNA-binding_1000_0 1 0.9679358717434869 0.9564356435643564 0.03206412825651306 0.0435643564356436 (naive) 1.0 0.8392857142857143 166.2812 0:02:46 6443.54 123591.99 6101.00 6186.24 1.96 6.96 93.04 208.52
ghf13_500_1 1 0.5920213635620469 0.6075843167962414 0.40797863643795307 0.39241568320375864 (naive) 1.0591054313099042 0.23769100169779286 406.3140 0:06:46 8528.19 123598.00 8182.99 8346.66 29.98 8.29 151.43 635.63
subt_50_0 1 0.7407432992539376 0.7329961036297765 0.25925670074606244 0.2670038963702235 (naive) 1.036231884057971 0.28316326530612246 434.3253 0:07:14 8184.75 123526.02 7840.44 7951.60 1.99 5.19 185.07 902.79
OTCace_500_1 1 0.9601328903654485 0.9626915389740173 0.039867109634551534 0.03730846102598273 (naive) 1.0057142857142858 0.884272997032641 215.0135 0:03:35 7116.09 123599.65 6770.71 6880.93 1.98 7.05 138.73 375.11
rrm_200_3 1 0.7888725387148763 0.7781310478296931 0.21112746128512372 0.2218689521703069 (naive) 0.9681528662420382 0.15315315315315314 172.9454 0:02:52 6483.30 123655.87 6140.72 6252.97 1.99 5.88 150.81 334.91
ghf1_200_3 1 0.8969609782413235 0.9022338789906846 0.10303902175867652 0.09776612100931537 (naive) 1.0231316725978647 0.6958250497017893 353.0699 0:05:53 10077.59 123653.95 9738.87 9844.79 1.99 7.00 184.72 713.93
kringle_100_3 1 0.9502664298401421 0.9395855286266245 0.04973357015985791 0.06041447137337552 (naive) 1.03 0.7865168539325843 222.7774 0:03:42 6529.10 123587.73 6504.27 6510.69 21.99 5.45 109.15 256.03
serpin_20_2 1 0.8120419885125767 0.8036064288514309 0.1879580114874233 0.19639357114856915 (naive) 0.9928057553956835 0.542713567839196 491.1000 0:08:11 9026.33 123653.28 8680.87 8792.00 1.99 5.36 196.74 1048.67
aadh_20_3 1 0.46450762568254567 0.5824577971904144 0.5354923743174543 0.41754220280958565 (naive) 1.2896678966789668 0.036281179138321996 601.5630 0:10:01 7649.14 112148.32 7304.25 7416.47 209.99 5.21 201.36 1216.25
Ald_Xan_dh_2_1000_2 1 0.8383402177994743 0.8421350433798567 0.16165978220052568 0.15786495662014333 (naive) 1.023728813559322 0.6418269230769231 204.6458 0:03:24 6770.30 123597.32 6743.53 6750.09 1.97 7.88 139.41 353.04
cah_1000_3 1 0.8661485319516408 0.8833113166006165 0.13385146804835923 0.11668868339938354 (naive) 1.064516129032258 0.6420664206642066 306.3859 0:05:06 7709.50 123593.16 7364.02 7527.84 41.97 9.26 138.47 442.70
peroxidase_200_3 1 0.75 0.7521837593011971 0.25 0.24781624069880293 (naive) 1.0026109660574412 0.46418338108882523 256.2025 0:04:16 7828.45 123589.98 7483.02 7566.37 1.99 6.59 155.75 432.34
mmp_1000_1 1 0.9365279529213956 0.950917626973965 0.06347204707860443 0.04908237302603502 (naive) 1.038888888888889 0.8284023668639053 238.4733 0:03:58 7185.36 123466.49 7053.12 7061.32 1.97 7.78 180.84 483.41
sdr_500_3 1 0.8262957443285313 0.8089705485004053 0.17370425567146874 0.19102945149959472 (naive) 1.0470914127423823 0.38485804416403785 208.6566 0:03:28 7122.78 123466.38 6777.31 6860.84 1.98 6.80 149.09 393.98
