sample success SP-Score Modeler SPFN SPFP Compression Compression TC s h:m:s max_rss max_vms max_uss max_pss io_in io_out mean_load cpu_time
lyase_1_500_1 1 0.8066666666666666 0.8090638930163447 0.19333333333333336 0.19093610698365526 (naive) 1.0019569471624266 0.610337972166998 441.5122 0:07:21 7439.61 123600.36 7051.68 7176.86 1.99 5.32 201.66 941.52
ldh_20_1 1 0.8052000292547357 0.791281848564344 0.19479997074526434 0.20871815143565597 (naive) 0.9730458221024259 0.41621621621621624 491.4529 0:08:11 6154.17 123604.71 5766.10 5873.40 1.99 3.46 210.92 1063.26
myb_DNA-binding_500_3 1 0.9438877755511023 0.9326732673267327 0.05611222444889774 0.06732673267326728 (naive) 1.0 0.7857142857142857 135.5458 0:02:15 5952.71 123599.45 5564.25 5658.35 1.99 4.69 100.92 205.43
egf_500_2 1 0.798533384793516 0.7857956703380174 0.201466615206484 0.21420432966198255 (naive) 1.056338028169014 0.36764705882352944 126.2324 0:02:06 5859.33 123476.68 5833.15 5839.33 1.98 4.39 118.91 217.89
aat_50_3 1 0.8181177299964751 0.8095570282525287 0.18188227000352486 0.19044297174747127 (naive) 1.0084033613445378 0.49002217294900224 444.0739 0:07:24 6775.16 123602.03 6387.18 6512.58 1.99 3.83 215.32 998.00
rhv_200_1 1 0.31755405276693016 0.42721681189133776 0.6824459472330698 0.5727831881086622 (naive) 1.375 0.03670745272525028 234.1076 0:03:54 6512.59 123537.82 6123.86 6218.90 1.99 3.68 199.10 560.82
sodfe_100_2 1 0.9008280015054573 0.8896115963575544 0.09917199849454272 0.11038840364244562 (naive) 1.0091324200913243 0.631578947368421 197.5682 0:03:17 5637.89 123536.29 5611.71 5617.91 1.99 3.59 174.28 402.48
kringle_1000_2 1 0.9378330373001776 0.9292502639915523 0.06216696269982236 0.0707497360084477 (naive) 1.03 0.7415730337078652 144.1226 0:02:24 5640.23 123539.19 5615.48 5621.69 1.99 5.31 133.67 258.69
rvp_50_2 1 0.6887686062246279 0.6813922356091031 0.3112313937753721 0.3186077643908969 (naive) 0.9924242424242424 0.1981981981981982 195.8149 0:03:15 5427.10 123671.07 5400.80 5407.12 1.99 3.52 163.96 432.01
DMRL_synthase_100_1 1 0.9235494880546075 0.9001996007984032 0.07645051194539254 0.09980039920159678 (naive) 0.945054945054945 0.727810650887574 203.2810 0:03:23 5735.02 123600.31 5346.40 5440.79 1.99 4.18 174.54 440.96
LIM_50_3 1 0.9661290322580646 0.9724025974025974 0.03387096774193543 0.02759740259740262 (naive) 1.0116279069767442 0.8658536585365854 178.7044 0:02:58 5331.33 123537.81 4942.86 5037.63 1.99 4.07 153.73 376.62
int_200_3 1 0.893652561247216 0.9006734006734006 0.10634743875278396 0.09932659932659937 (naive) 1.0273972602739727 0.7425742574257426 210.9817 0:03:30 6427.59 123546.11 6038.44 6132.94 1.99 3.83 178.21 448.06
biotin_lipoyl_50_3 1 0.8995633187772926 0.9040752351097179 0.10043668122270744 0.09592476489028212 (naive) 1.0267857142857142 0.6 191.0393 0:03:11 5388.85 123536.37 5001.04 5186.21 1.99 3.56 149.37 370.99
tms_200_1 1 0.9705093833780161 0.9668065623807707 0.029490616621983934 0.03319343761922933 (naive) 0.9971988795518207 0.8771929824561403 306.6204 0:05:06 7399.97 123543.23 7374.67 7381.02 1.99 4.16 188.36 655.03
OTCace_500_2 1 0.9541528239202658 0.9589315525876461 0.04584717607973421 0.04106844741235394 (naive) 1.0114285714285713 0.8635014836795252 221.5910 0:03:41 7113.98 123537.80 6725.65 6911.92 1.99 4.66 159.91 397.02
tRNA-synt_2b_200_3 1 0.5638820638820639 0.5431952662721894 0.43611793611793614 0.4568047337278106 (naive) 0.9207708779443254 0.2616279069767442 248.3915 0:04:08 6690.14 123600.23 6664.18 6670.39 1.99 4.10 171.74 500.91
subt_20_1 1 0.5186515612047526 0.5343772241992882 0.48134843879524736 0.46562277580071176 (naive) 1.0942028985507246 0.030612244897959183 663.2020 0:11:03 6069.80 123536.45 5683.45 5801.68 1.99 4.09 221.63 1578.63
rub_50_0 1 0.9836734693877551 0.9836734693877551 0.01632653061224487 0.01632653061224487 (naive) 1.0 0.9259259259259259 163.8146 0:02:43 5296.37 123537.75 4908.01 5002.28 1.99 3.58 131.10 258.56
HMG_box_50_0 1 0.9135977337110481 0.9046283309957924 0.08640226628895187 0.09537166900420757 (naive) 1.0 0.691358024691358 183.0614 0:03:03 5382.79 123604.63 4994.39 5119.77 1.99 3.55 154.00 352.21
subt_100_2 1 0.7808786957723128 0.7796399751707014 0.21912130422768716 0.22036002482929862 (naive) 1.070048309178744 0.3086734693877551 417.3561 0:06:57 7070.79 123607.35 6701.53 6828.94 1.99 4.78 212.61 952.34
rrm_1000_1 1 0.8698059000770794 0.8620737551218834 0.13019409992292064 0.13792624487811656 (naive) 1.0254777070063694 0.21621621621621623 149.1742 0:02:29 6427.75 123603.16 6039.04 6134.17 1.97 6.28 131.01 253.91
aadh_100_0 1 0.8405196761438524 0.8403614457831325 0.15948032385614763 0.15963855421686746 (naive) 1.0092250922509225 0.4467120181405896 382.3732 0:06:22 6718.29 123543.38 6331.14 6461.93 1.99 3.71 191.69 830.38
hormone_rec_20_2 1 0.6496116948378254 0.6177237185056472 0.35038830516217456 0.3822762814943528 (naive) 0.9935064935064936 0.36298932384341637 428.3854 0:07:08 5751.02 123600.17 5720.05 5726.91 1.99 3.45 206.99 964.34
tgfb_1000_3 1 0.8590717299578059 0.8977072310405644 0.1409282700421941 0.10229276895943562 (naive) 1.0932203389830508 0.48717948717948717 154.6929 0:02:34 6529.88 123601.42 6141.91 6236.02 1.99 4.97 124.73 249.76
hr_20_2 1 0.9442857142857143 0.969208211143695 0.055714285714285716 0.030791788856304958 (naive) 1.048780487804878 0.8607594936708861 210.9819 0:03:30 5305.66 123601.73 4917.39 5044.41 1.99 3.44 180.12 465.03
phc_20_3 1 0.8513666352497644 0.8514468847205203 0.14863336475023559 0.14855311527947967 (naive) 1.005586592178771 0.6201117318435754 323.0485 0:05:23 5551.87 123536.15 5163.35 5288.82 1.99 3.45 198.73 716.67
flav_500_3 1 0.8696039163328882 0.8731009830205541 0.13039608366711175 0.12689901697944594 (naive) 1.0273224043715847 0.6857142857142857 172.3828 0:02:52 6624.19 123730.91 6236.46 6421.61 1.99 4.76 200.69 392.92
myb_DNA-binding_200_0 1 0.9318637274549099 0.9207920792079208 0.06813627254509014 0.07920792079207917 (naive) 1.0 0.75 130.7654 0:02:10 5466.23 123599.50 5440.39 5446.59 1.99 3.65 132.27 274.18
tRNA-synt_2b_500_0 1 0.5389025389025389 0.5077160493827161 0.4610974610974611 0.4922839506172839 (naive) 0.8972162740899358 0.24127906976744187 228.8610 0:03:48 7372.28 123537.88 6984.48 7079.66 1.99 5.18 155.35 399.33
cah_200_1 1 0.8860103626943006 0.8890814558058926 0.11398963730569944 0.1109185441941074 (naive) 1.017921146953405 0.6937269372693727 232.2231 0:03:52 6723.40 123607.20 6334.65 6429.52 1.99 5.12 189.51 479.06
ldh_200_3 1 0.8767644262414979 0.8675954405645016 0.12323557375850214 0.13240455943549845 (naive) 0.9973045822102425 0.5837837837837838 212.8272 0:03:32 6231.55 123607.37 6205.98 6212.22 1.99 3.84 175.78 482.48
zf-CCHH_500_0 1 0.9375668926150553 0.9319148936170213 0.062433107384944675 0.06808510638297871 (naive) 1.0512820512820513 0.7428571428571429 119.0803 0:01:59 5519.43 123539.05 5131.75 5241.36 1.98 4.64 138.92 234.67
kunitz_1000_2 1 0.9857425742574257 0.9857425742574257 0.01425742574257427 0.01425742574257427 (naive) 1.0 0.9333333333333333 133.5669 0:02:13 6010.59 123546.29 5615.76 5741.00 1.98 5.39 89.77 173.98
lyase_1_20_1 1 0.7888888888888889 0.7869458128078818 0.21111111111111114 0.21305418719211822 (naive) 0.9941291585127201 0.610337972166998 651.2559 0:10:51 6327.76 123540.50 5939.96 6060.43 1.99 3.58 223.07 1536.84
hr_100_1 1 0.9942857142857143 0.9942857142857143 0.005714285714285672 0.005714285714285672 (naive) 1.0 0.9873417721518988 153.3379 0:02:33 5403.69 123536.30 5015.61 5110.32 1.99 4.08 143.24 312.04
flav_200_1 1 0.7961726746773475 0.8187643020594966 0.20382732532265246 0.18123569794050343 (naive) 1.0655737704918034 0.48 183.3912 0:03:03 6058.97 123537.86 5670.75 5764.95 1.99 3.88 162.60 374.85
ghf13_1000_1 1 0.6948607553545152 0.6925207756232687 0.3051392446454848 0.30747922437673125 (naive) 1.0031948881789137 0.3378607809847199 520.1446 0:08:40 7929.38 123604.60 7540.66 7634.94 1.98 6.62 190.20 1062.63
ace_50_3 1 0.7676713790344092 0.7590663325860477 0.23232862096559082 0.24093366741395228 (naive) 0.9916666666666667 0.527681660899654 577.7709 0:09:37 7871.82 123543.21 7755.20 7762.03 1.99 3.59 208.22 1268.39
PDZ_100_1 1 0.8809523809523809 0.8816295157571099 0.11904761904761907 0.1183704842428901 (naive) 1.0 0.696969696969697 162.5190 0:02:42 5486.98 123607.26 5098.15 5198.00 1.99 4.15 133.63 314.79
egf_500_3 1 0.7796217676572752 0.7674772036474165 0.2203782323427248 0.23252279635258355 (naive) 1.028169014084507 0.36764705882352944 126.3466 0:02:06 5913.97 123545.85 5887.86 5894.67 1.98 4.30 121.34 212.53
HLH_100_1 1 0.925686591276252 0.9286871961102107 0.07431340872374803 0.07131280388978933 (naive) 1.0217391304347827 0.8571428571428571 152.6854 0:02:32 5400.52 123546.01 5011.94 5123.47 1.99 4.14 142.27 321.89
hla_500_2 1 1.0 1.0 0.0 0.0 (naive) 1.0 1.0 171.7347 0:02:51 6707.17 123537.79 6318.66 6417.92 1.99 4.48 169.20 334.65
kringle_1000_1 1 0.925044404973357 0.916256157635468 0.07495559502664295 0.08374384236453203 (naive) 1.02 0.7528089887640449 143.6440 0:02:23 5739.81 123671.55 5691.95 5817.73 1.99 4.87 151.78 254.39
cyclo_1000_2 1 0.8854515050167224 0.8906644238856182 0.11454849498327757 0.10933557611438183 (naive) 1.0098522167487685 0.7407407407407407 260.7132 0:04:20 6958.61 123668.95 6570.44 6755.68 1.99 6.97 211.08 606.29
p450_500_1 1 0.39847830557269176 0.6403833443489756 0.6015216944273083 0.3596166556510244 (naive) 1.677734375 0.03206412825651302 453.1440 0:07:33 7906.90 123543.49 7518.63 7703.72 1.98 6.18 194.75 914.66
GEL_50_0 1 0.6805970149253732 0.6508087535680305 0.31940298507462683 0.3491912464319695 (naive) 0.9533333333333334 0.3835616438356164 207.7186 0:03:27 5447.34 123543.13 5058.17 5152.58 1.99 4.16 175.52 432.24
zf-CCHH_20_2 1 0.8915447734570103 0.8833510074231177 0.10845522654298967 0.11664899257688233 (naive) 1.0512820512820513 0.5428571428571428 185.8388 0:03:05 5227.60 123664.29 4840.36 4976.49 1.99 3.61 150.77 334.27
annexin_200_1 1 0.983075946689232 0.9841168996188056 0.01692405331076796 0.015883100381194448 (naive) 1.0030959752321982 0.9465408805031447 161.2394 0:02:41 5896.97 123599.48 5509.68 5604.91 1.99 4.36 133.97 311.56
cytb_500_3 1 0.8692756036636137 0.8714524207011686 0.13072439633638633 0.12854757929883143 (naive) 1.02 0.6521739130434783 160.8333 0:02:40 6475.25 123538.03 6086.67 6180.94 1.98 4.43 162.38 309.67
uce_20_3 1 0.8627180899908172 0.8492271535749797 0.13728191000918277 0.1507728464250203 (naive) 0.9728260869565217 0.42168674698795183 299.3523 0:04:59 5481.05 123473.88 5093.00 5197.25 1.99 3.96 202.25 695.29
sodfe_20_0 1 0.8206624012043658 0.8194287861706125 0.17933759879563416 0.18057121382938746 (naive) 1.0273972602739727 0.49760765550239233 357.2053 0:05:57 5451.07 123601.74 5063.13 5190.89 1.99 3.99 203.87 801.18
blm_500_1 1 0.9141266527487821 0.9304434055815272 0.08587334725121787 0.06955659441847284 (naive) 1.051094890510949 0.7528089887640449 445.3437 0:07:25 7710.48 123604.59 7693.56 7697.96 1.98 5.76 240.39 1098.77
asp_20_3 1 0.8453952664627274 0.8393142583120204 0.15460473353727255 0.16068574168797956 (naive) 0.9973684210526316 0.5508021390374331 556.9006 0:09:16 6277.42 123479.18 5889.17 6012.22 1.99 3.48 212.10 1259.95
lyase_1_50_0 1 0.8558024691358025 0.8511787819253438 0.1441975308641975 0.1488212180746562 (naive) 0.9902152641878669 0.7077534791252486 453.7115 0:07:33 6451.15 123666.06 6063.69 6197.90 1.99 4.16 213.42 1031.80
phc_500_1 1 0.8938737040527804 0.898276188672097 0.10612629594721956 0.10172381132790298 (naive) 1.0279329608938548 0.7486033519553073 287.6370 0:04:47 6686.83 123543.09 6660.39 6666.61 1.99 4.10 1267.85 3744.83
ghf5_500_3 1 0.6727986264410105 0.6759487432232627 0.3272013735589895 0.3240512567767373 (naive) 1.048936170212766 0.37017994858611825 351.4144 0:05:51 7477.51 123476.54 7090.12 7275.36 1.98 5.80 252.35 927.36
DEATH_500_0 1 0.8825065274151436 0.8829676071055381 0.11749347258485643 0.11703239289446188 (naive) 1.0125786163522013 0.6693548387096774 151.2260 0:02:31 6684.59 123609.96 6658.56 6664.84 1.98 4.31 157.55 288.17
tms_200_2 1 0.9777862887782459 0.9722010662604722 0.022213711221754084 0.027798933739527798 (naive) 1.0 0.8982456140350877 248.3091 0:04:08 6961.35 123537.96 6573.56 6673.35 1.99 4.82 178.63 488.56
tgfb_1000_2 1 0.8282700421940928 0.8659020732245258 0.17172995780590716 0.13409792677547416 (naive) 1.076271186440678 0.3247863247863248 158.3058 0:02:38 6723.92 123543.52 6336.03 6521.25 1.99 4.89 119.52 228.88
ghf1_200_1 1 0.9197086854882215 0.9181402028543219 0.08029131451177851 0.08185979714567815 (naive) 1.0053380782918149 0.7216699801192843 496.4402 0:08:16 7577.97 123536.26 7189.48 7284.14 1.99 4.69 197.90 1045.50
aldosered_100_1 1 0.8935816428333888 0.9089986468200271 0.10641835716661119 0.09100135317997293 (naive) 1.0207253886010363 0.7261538461538461 344.1278 0:05:44 6776.62 123607.79 6389.25 6574.49 1.99 3.92 187.84 718.54
mofe_100_0 1 0.8384915865384616 0.8435610640870617 0.16150841346153844 0.15643893591293834 (naive) 1.0032840722495895 0.6226415094339622 430.7909 0:07:10 7442.23 123665.83 7054.43 7148.50 1.99 4.54 189.63 910.22
Ald_Xan_dh_2_1000_3 1 0.8364626361246714 0.8400113132836806 0.16353736387532858 0.15998868671631938 (naive) 1.0225988700564972 0.6274038461538461 232.2788 0:03:52 6737.74 123609.99 6350.06 6535.32 1.98 5.74 179.79 471.93
HLH_20_0 1 0.938610662358643 0.938610662358643 0.06138933764135701 0.06138933764135701 (naive) 1.0 0.8690476190476191 212.9001 0:03:32 5276.09 123600.41 4887.97 4985.83 1.99 4.03 167.93 449.07
flav_20_0 1 0.8028482421005786 0.802491103202847 0.1971517578994214 0.197508896797153 (naive) 1.0273224043715847 0.4685714285714286 322.3966 0:05:22 5477.66 123537.86 5089.17 5214.57 1.99 4.02 205.29 729.32
tms_200_3 1 0.9716583684412102 0.965372907153729 0.02834163155878977 0.03462709284627097 (naive) 0.9943977591036415 0.8912280701754386 298.6746 0:04:58 7436.00 123472.24 7409.75 7415.91 1.99 4.21 190.74 661.55
zf-CCHH_100_0 1 0.9375668926150553 0.9319148936170213 0.062433107384944675 0.06808510638297871 (naive) 1.0512820512820513 0.7428571428571429 134.9266 0:02:14 5256.00 123536.26 4868.18 4972.46 1.99 4.09 103.81 260.05
myb_DNA-binding_20_0 1 0.9679358717434869 0.9564356435643564 0.03206412825651306 0.0435643564356436 (naive) 1.0 0.8392857142857143 215.7282 0:03:35 5279.23 123471.39 4891.30 5016.63 1.99 3.95 162.28 422.07
ghf13_1000_0 1 0.6551855686958418 0.6451301314730347 0.34481443130415823 0.35486986852696534 (naive) 0.9792332268370607 0.26825127334465193 408.8215 0:06:48 7825.21 123802.23 7437.11 7531.52 1.98 6.15 183.94 779.91
kringle_1000_0 1 0.9385435168738899 0.9279943800491746 0.06145648312611007 0.07200561995082544 (naive) 1.03 0.7752808988764045 150.2361 0:02:30 6544.63 123539.18 6156.35 6250.47 1.99 5.23 126.15 221.78
oxidored_q6_100_1 1 0.9356589147286821 0.9374757281553399 0.06434108527131788 0.06252427184466014 (naive) 1.0 0.8458646616541353 251.7273 0:04:11 5855.80 123732.91 5468.26 5653.38 1.99 3.64 177.67 511.47
oxidored_q6_200_2 1 0.975968992248062 0.9801479174776178 0.024031007751938005 0.01985208252238224 (naive) 1.0105263157894737 0.9210526315789473 203.8014 0:03:23 6188.45 123604.64 5799.88 5985.36 1.99 3.84 171.32 436.97
ltn_100_3 1 0.9452901998097051 0.9452901998097051 0.05470980019029492 0.05470980019029492 (naive) 1.0 0.7786561264822134 262.5508 0:04:22 6230.33 123545.84 5839.32 5933.65 1.99 4.30 192.62 584.48
DEATH_50_1 1 0.8642297650130548 0.8624283480979676 0.13577023498694518 0.13757165190203235 (naive) 1.0062893081761006 0.532258064516129 220.5917 0:03:40 5442.57 123604.61 5054.46 5239.74 1.99 3.54 163.99 456.06
kunitz_50_3 1 0.95009900990099 0.95009900990099 0.049900990099009945 0.049900990099009945 (naive) 1.0 0.7666666666666667 171.7865 0:02:51 5296.24 123537.84 4907.53 5001.75 1.99 3.67 169.35 386.40
uce_100_1 1 0.9012855831037649 0.8921105253590257 0.09871441689623506 0.10788947464097431 (naive) 0.9945652173913043 0.5180722891566265 200.9541 0:03:20 5752.50 123607.10 5364.50 5461.89 1.99 3.70 195.65 469.13
ghf13_100_3 1 0.6054825876069541 0.5881730107469956 0.39451741239304594 0.4118269892530044 (naive) 0.9488817891373802 0.24108658743633277 408.1394 0:06:48 7229.40 123536.34 6840.83 6967.79 1.99 3.71 185.11 857.09
Sulfotransfer_50_2 1 0.6425887265135699 0.6510152284263959 0.3574112734864301 0.3489847715736041 (naive) 1.005249343832021 0.3141891891891892 383.1047 0:06:23 6108.53 123545.84 6074.33 6081.25 1.99 3.81 218.67 935.31
tRNA-synt_2b_1000_0 1 0.5241605241605242 0.5055292259083728 0.47583947583947583 0.4944707740916272 (naive) 0.9400428265524625 0.26453488372093026 256.4611 0:04:16 7472.54 123603.13 7084.25 7178.38 1.99 6.26 149.58 448.48
uce_50_2 1 0.9278236914600551 0.9128195862318186 0.07217630853994494 0.08718041376818142 (naive) 0.9728260869565217 0.6024096385542169 233.4415 0:03:53 5601.00 123537.86 5212.67 5325.84 1.99 4.23 181.81 517.19
ghf10_1000_3 1 0.9369733737782272 0.9410968178740691 0.0630266262217728 0.05890318212593093 (naive) 1.032967032967033 0.8142414860681114 511.5673 0:08:31 7329.57 123667.31 6942.58 7046.79 1.98 6.70 298.71 1591.62
kunitz_500_0 1 0.9928712871287129 0.9928712871287129 0.007128712871287135 0.007128712871287135 (naive) 1.0 0.9666666666666667 132.5705 0:02:12 5911.32 123546.00 5523.33 5620.30 1.98 4.79 119.15 190.00
sodcu_50_1 1 0.8820816864295126 0.883245382585752 0.11791831357048743 0.11675461741424797 (naive) 1.0 0.6867469879518072 229.0484 0:03:49 5628.46 123597.88 5240.51 5335.91 1.99 4.01 163.33 453.86
ltn_200_2 1 0.9359793394046486 0.9334417785007456 0.06402066059535139 0.06655822149925439 (naive) 1.00711743772242 0.7312252964426877 252.0262 0:04:12 6586.33 123536.18 6560.23 6566.47 1.99 4.08 134.04 389.46
aadh_200_2 1 0.8265863302579551 0.8408350890633978 0.17341366974204486 0.15916491093660223 (naive) 1.051660516605166 0.48072562358276644 303.9426 0:05:03 7216.54 123671.24 6829.02 7014.35 1.99 4.34 187.16 655.25
tms_50_2 1 0.9149751053236308 0.9107891727030119 0.0850248946763692 0.08921082729698815 (naive) 0.9971988795518207 0.7403508771929824 357.9012 0:05:57 6162.24 123601.76 5774.23 5959.54 1.99 3.66 206.49 816.08
biotin_lipoyl_50_2 1 0.8933250155957579 0.8888888888888888 0.10667498440424206 0.11111111111111116 (naive) 1.0 0.6235294117647059 184.8512 0:03:04 5365.11 123665.90 4977.39 5073.77 1.99 3.66 152.75 352.47
msb_500_1 1 0.8622773536895675 0.8653048196616662 0.13772264631043252 0.13469518033833383 (naive) 1.0 0.6068965517241379 153.7193 0:02:33 6469.30 123540.84 6081.19 6266.24 1.98 4.74 147.01 273.33
DMRL_synthase_100_3 1 0.9255972696245733 0.8998009289980093 0.07440273037542666 0.10019907100199066 (naive) 0.9615384615384616 0.7455621301775148 198.4567 0:03:18 5716.43 123600.56 5327.89 5453.33 1.99 3.50 151.97 414.65
cys_200_0 1 0.9373010041636052 0.9292782128331208 0.06269899583639482 0.07072178716687916 (naive) 1.0212014134275618 0.6828358208955224 237.0309 0:03:57 6595.02 123536.29 6207.46 6302.95 1.99 4.46 174.08 505.39
tms_50_0 1 0.8808885484488702 0.872865275142315 0.11911145155112979 0.12713472485768496 (naive) 0.9775910364145658 0.6842105263157895 349.3230 0:05:49 6235.93 123543.20 5847.33 5968.27 1.99 3.95 208.25 797.43
DEATH_100_2 1 0.8527415143603133 0.8518518518518519 0.1472584856396867 0.14814814814814814 (naive) 1.0062893081761006 0.5887096774193549 178.4640 0:02:58 5571.07 123600.11 5182.73 5279.36 1.99 3.57 167.73 356.89
ghf5_20_2 1 0.12484670100564141 0.12360369111219038 0.8751532989943586 0.8763963088878096 (naive) 0.9893617021276596 0.0 551.3114 0:09:11 6073.65 123540.62 6047.86 6054.11 1.99 3.41 229.65 1340.87
ghf1_20_0 1 0.8579392195648264 0.8670604270786006 0.14206078043517356 0.13293957292139935 (naive) 1.0498220640569396 0.5904572564612326 684.2952 0:11:24 6775.80 123537.82 6748.37 6753.77 1.99 3.59 228.84 1642.93
hormone_rec_100_3 1 0.719506624029237 0.7034390352836087 0.28049337597076296 0.29656096471639126 (naive) 0.987012987012987 0.4804270462633452 258.4821 0:04:18 6110.58 123601.79 5722.52 5822.32 1.99 3.68 187.26 543.38
Rhodanese_500_1 1 0.8161605206073753 0.7954545454545454 0.18383947939262468 0.20454545454545459 (naive) 1.0092592592592593 0.5625 164.1421 0:02:44 6581.25 123545.89 6192.97 6292.64 1.98 5.04 133.05 253.69
rhv_20_1 1 0.1590627678826555 0.1656253099276009 0.8409372321173445 0.8343746900723991 (naive) 1.0534188034188035 0.03781979977753059 879.7016 0:14:39 6027.32 123607.13 5873.90 5879.99 1.99 3.44 226.16 2021.40
gpdh_1000_3 1 0.9558363027750783 0.9542906425183268 0.04416369722492175 0.04570935748167315 (naive) 0.9972222222222222 0.8715083798882681 258.7783 0:04:18 6948.79 123536.56 6560.62 6686.17 1.99 5.80 147.72 404.59
tRNA-synt_2b_1000_3 1 0.5397215397215397 0.5134398130112973 0.4602784602784603 0.48656018698870274 (naive) 0.9122055674518201 0.26744186046511625 323.2503 0:05:23 7448.86 123609.94 7422.87 7429.08 1.99 6.27 600.71 1968.78
egf_200_1 1 0.769972983404091 0.7708655332302936 0.23002701659590896 0.2291344667697064 (naive) 1.0985915492957747 0.3235294117647059 133.2337 0:02:13 5432.84 123600.52 5406.78 5413.71 1.99 3.97 114.55 207.22
mofe_1000_0 1 0.8215144230769231 0.8315085158150851 0.17848557692307687 0.16849148418491489 (naive) 1.026272577996716 0.6320754716981132 594.5519 0:09:54 8455.91 123610.08 8066.50 8161.03 1.99 7.38 209.97 1293.78
gluts_200_0 1 0.9393157894736842 0.9423412006969745 0.060684210526315785 0.05765879930302553 (naive) 1.0170212765957447 0.7381974248927039 190.3114 0:03:10 6145.42 123536.18 5756.89 5942.20 1.99 3.86 162.69 376.81
myb_DNA-binding_200_3 1 0.9519038076152304 0.9405940594059405 0.04809619238476959 0.05940594059405946 (naive) 1.0 0.8035714285714286 133.5424 0:02:13 5509.77 123661.75 5122.41 5216.49 1.99 4.26 143.93 234.55
HLH_500_1 1 0.9434571890145396 0.9434571890145396 0.056542810985460434 0.056542810985460434 (naive) 1.0 0.8690476190476191 140.1660 0:02:20 5949.78 123479.46 5554.28 5682.39 1.99 4.65 106.10 242.26
oxidored_q6_100_3 1 0.937984496124031 0.9453125 0.06201550387596899 0.0546875 (naive) 1.0140350877192983 0.8721804511278195 245.8202 0:04:05 5880.42 123543.24 5854.79 5860.96 1.99 3.52 185.01 564.52
DMRL_synthase_1000_1 1 0.9324232081911262 0.9052352551358516 0.06757679180887377 0.09476474486414843 (naive) 0.945054945054945 0.7455621301775148 173.8161 0:02:53 7202.39 123607.24 6797.03 6898.87 1.99 5.91 144.06 296.46
cryst_20_3 1 0.8940378638033343 0.897334089619966 0.10596213619666572 0.10266591038003403 (naive) 1.0 0.6574585635359116 327.4170 0:05:27 5396.36 123600.17 5008.03 5193.30 1.99 3.48 201.14 753.97
sodcu_1000_2 1 0.930171277997365 0.9341713529606351 0.06982872200263501 0.06582864703936486 (naive) 1.0118343195266273 0.7951807228915663 190.6503 0:03:10 7564.75 123481.94 7175.93 7275.79 1.99 5.19 147.23 328.25
KAS_20_0 1 0.37371620205407674 0.4805929919137466 0.6262837979459233 0.5194070080862534 (naive) 1.363861386138614 0.0375 548.8890 0:09:08 5825.76 123602.00 5438.83 5564.07 1.99 3.40 219.61 1267.99
uce_50_3 1 0.895959595959596 0.8856312970863212 0.10404040404040404 0.11436870291367884 (naive) 0.9891304347826086 0.5301204819277109 227.2213 0:03:47 5617.12 123730.00 5228.54 5322.80 1.99 4.07 165.33 435.51
DMRL_synthase_500_3 1 0.9085324232081912 0.8849734042553191 0.09146757679180884 0.11502659574468088 (naive) 0.9615384615384616 0.6804733727810651 166.5696 0:02:46 6614.48 123607.31 6225.32 6350.98 1.99 5.00 128.56 255.53
msb_20_2 1 0.8387404580152672 0.8287240729101194 0.1612595419847328 0.1712759270898806 (naive) 1.0063291139240507 0.496551724137931 292.7538 0:04:52 5424.08 123479.20 5035.64 5153.84 1.99 4.08 203.80 647.74
rhv_1000_2 1 0.6533955614820459 0.6428035982008995 0.3466044385179541 0.3571964017991005 (naive) 0.9850427350427351 0.3481646273637375 272.9959 0:04:32 7274.92 123600.37 6886.37 6980.58 1.99 5.46 169.93 521.46
GEL_1000_3 1 0.7512437810945274 0.7308809293320426 0.24875621890547261 0.26911907066795737 (naive) 1.0133333333333334 0.4383561643835616 160.4843 0:02:40 6677.12 123536.58 6288.21 6390.26 1.98 5.57 113.10 244.67
ghf13_50_0 1 0.4833505913128781 0.496056826444432 0.5166494086871218 0.503943173555568 (naive) 1.1693290734824282 0.1035653650254669 498.2571 0:08:18 6503.72 123668.58 6116.86 6215.66 1.99 4.04 205.07 1107.15
cryst_50_0 1 0.8909296411415654 0.8959931798806479 0.10907035885843464 0.10400682011935214 (naive) 1.0208333333333333 0.6132596685082873 250.5674 0:04:10 5475.12 123604.66 5086.32 5211.14 1.99 3.71 171.86 491.55
ghf5_500_1 1 0.6799116997792495 0.6671480144404333 0.3200883002207505 0.33285198555956674 (naive) 0.9787234042553191 0.37275064267352187 326.5292 0:05:26 7328.27 123602.98 6940.46 7034.59 1.98 5.87 212.19 739.77
hla_500_3 1 1.0 1.0 0.0 0.0 (naive) 1.0 1.0 171.9861 0:02:51 6734.86 123602.03 6346.97 6534.45 1.99 4.52 161.32 332.43
int_20_0 1 0.6230512249443207 0.6343537414965986 0.37694877505567925 0.3656462585034014 (naive) 1.0456621004566211 0.3465346534653465 365.1675 0:06:05 5605.39 123671.23 5229.68 5402.90 1.99 3.43 195.28 821.52
DMRL_synthase_200_1 1 0.9112627986348123 0.8911882510013351 0.0887372013651877 0.10881174899866486 (naive) 0.9560439560439561 0.6923076923076923 174.2644 0:02:54 5999.27 123604.82 5611.97 5797.17 1.99 3.83 166.99 388.24
gpdh_100_0 1 0.9518410538818702 0.9619161938018332 0.048158946118129764 0.03808380619816676 (naive) 1.05 0.8463687150837989 265.7072 0:04:25 6040.27 123543.21 5653.53 5778.83 1.99 3.73 195.86 594.10
phc_100_0 1 0.5400565504241281 0.7642037876767138 0.45994344957587185 0.23579621232328618 (naive) 1.905027932960894 0.0 199.4132 0:03:19 5627.64 123601.96 5246.65 5426.88 1.99 3.56 158.67 376.11
hom_200_3 1 0.9497746297488732 0.9485530546623794 0.05022537025112683 0.05144694533762062 (naive) 0.9795918367346939 0.7101449275362319 135.2727 0:02:15 5489.31 123537.90 5101.20 5196.01 1.99 3.61 126.85 255.44
msb_100_1 1 0.8673664122137404 0.87264 0.13263358778625955 0.12736000000000003 (naive) 1.0 0.6068965517241379 187.7583 0:03:07 5626.94 123538.01 5238.86 5425.17 1.99 3.86 156.57 373.33
cah_500_2 1 0.8989637305699482 0.9048239895697523 0.10103626943005184 0.0951760104302477 (naive) 1.021505376344086 0.7232472324723247 289.6845 0:04:49 6780.98 123600.38 6392.85 6487.09 1.99 5.82 168.30 553.83
mofe_20_0 1 0.5274939903846154 0.5810028131722654 0.4725060096153846 0.41899718682773457 (naive) 1.2151067323481117 0.2622641509433962 706.2890 0:11:46 6820.85 123536.22 6433.27 6535.02 1.99 4.02 221.75 1666.36
Ald_Xan_dh_2_200_1 1 0.8370259106271123 0.8498713182728053 0.1629740893728877 0.15012868172719473 (naive) 1.0271186440677966 0.6298076923076923 206.6894 0:03:26 6263.72 123604.60 5877.34 6062.30 1.99 3.88 170.39 467.12
blmb_100_3 1 0.7470664928292047 0.7748478701825557 0.2529335071707953 0.22515212981744426 (naive) 0.9912790697674418 0.4254545454545455 262.9565 0:04:22 6058.28 123536.44 5670.33 5794.89 1.99 3.82 214.53 645.97
asp_1000_1 1 0.9099581387860248 0.908385904287379 0.09004186121397517 0.09161409571262102 (naive) 1.0052631578947369 0.7272727272727273 470.0017 0:07:50 7603.35 123603.31 7576.89 7583.09 1.98 6.79 241.07 1193.68
tms_20_2 1 0.8142474147836078 0.7977485928705441 0.18575258521639215 0.20225140712945588 (naive) 0.9635854341736695 0.5964912280701754 481.5174 0:08:01 5988.52 123671.16 5668.40 5819.80 1.99 3.46 212.59 1090.60
HLH_20_2 1 0.9402261712439418 0.9402261712439418 0.05977382875605819 0.05977382875605819 (naive) 1.0 0.8690476190476191 219.7901 0:03:39 5291.83 123536.14 4967.90 5119.91 1.99 3.58 152.85 415.99
p450_50_3 1 0.7001439440674481 0.6853186264643131 0.29985605593255193 0.3146813735356869 (naive) 1.017578125 0.37074148296593185 491.1712 0:08:11 7223.84 123538.02 6835.87 6930.00 1.99 4.24 208.95 1102.79
tRNA-synt_2b_50_0 1 0.4348894348894349 0.4195969972342947 0.5651105651105651 0.5804030027657052 (naive) 0.961456102783726 0.125 358.8822 0:05:58 5875.25 123473.97 5488.02 5673.22 1.99 3.65 207.38 840.12
blm_1000_3 1 0.6637439109255393 0.8940757405324334 0.3362560890744607 0.10592425946756656 (naive) 1.9854014598540146 0.0 493.8994 0:08:13 7835.60 123604.70 7447.35 7541.52 1.98 7.03 183.39 948.98
DEATH_20_2 1 0.6402088772845953 0.6358921161825726 0.3597911227154047 0.3641078838174274 (naive) 1.0062893081761006 0.28225806451612906 280.9842 0:04:40 5359.91 123537.84 4971.27 5065.50 2.00 4.05 182.75 574.85
peroxidase_20_0 1 0.6006451612903225 0.6071079230518422 0.3993548387096775 0.39289207694815775 (naive) 1.010443864229765 0.2922636103151863 531.5096 0:08:51 6102.76 123604.61 6076.66 6083.52 1.99 3.55 220.33 1227.78
zf-CCHH_1000_1 1 0.9457723867285052 0.9390719093163301 0.054227613271494834 0.06092809068366989 (naive) 1.0256410256410255 0.7714285714285715 122.3009 0:02:02 5756.41 123472.65 5373.75 5554.70 1.97 4.82 124.84 186.09
HLH_200_1 1 0.9434571890145396 0.9434571890145396 0.056542810985460434 0.056542810985460434 (naive) 1.0 0.8690476190476191 143.1691 0:02:23 5538.20 123601.92 5149.68 5243.97 1.99 3.97 148.37 278.07
gpdh_200_1 1 0.9508692365835223 0.955304838359731 0.04913076341647771 0.04469516164026899 (naive) 1.0194444444444444 0.8519553072625698 213.2369 0:03:33 6422.53 123607.11 6034.80 6134.61 1.99 4.27 175.90 461.72
GEL_200_3 1 0.7114427860696517 0.7037401574803149 0.2885572139303483 0.29625984251968507 (naive) 1.02 0.3904109589041096 152.0491 0:02:32 5776.90 123600.20 5388.72 5482.72 1.99 3.81 179.10 311.41
myb_DNA-binding_200_2 1 0.9519038076152304 0.9405940594059405 0.04809619238476959 0.05940594059405946 (naive) 1.0 0.8035714285714286 133.5231 0:02:13 5556.98 123535.75 5168.68 5262.92 1.99 4.26 130.11 251.31
cah_50_1 1 0.8436960276338514 0.8336177474402731 0.15630397236614857 0.16638225255972694 (naive) 0.978494623655914 0.6051660516605166 327.5629 0:05:27 6013.03 123472.40 5625.37 5721.80 1.99 4.24 198.73 741.80
serpin_500_3 1 0.954743513567043 0.9472391432501474 0.04525648643295699 0.05276085674985265 (naive) 1.0 0.8316582914572864 426.9405 0:07:06 7718.21 123539.09 7328.93 7423.34 1.98 5.88 181.62 811.69
ace_100_2 1 0.8088823686316351 0.820370620857568 0.1911176313683649 0.17962937914243204 (naive) 1.0466666666666666 0.5865051903114187 462.3729 0:07:42 8073.14 123543.11 7684.42 7803.62 1.99 4.62 201.02 1003.01
tim_1000_2 1 0.9865207164827212 0.9866992399565689 0.013479283517278784 0.013300760043431059 (naive) 1.0076923076923077 0.9382239382239382 376.0844 0:06:16 6913.20 123469.91 6525.23 6619.56 1.99 6.37 178.36 700.59
uce_500_1 1 0.9190082644628099 0.912139992708713 0.08099173553719008 0.08786000729128696 (naive) 0.9945652173913043 0.572289156626506 169.5633 0:02:49 6697.66 123479.38 6671.35 6677.51 1.99 4.62 128.75 264.92
proteasome_500_2 1 0.8378100354326209 0.824305581587135 0.1621899645673791 0.17569441841286504 (naive) 1.0323624595469256 0.33793103448275863 202.0447 0:03:22 7049.01 123543.18 6660.77 6787.35 1.99 5.01 182.65 425.45
annexin_200_0 1 0.998942246668077 1.0 0.0010577533319230392 0.0 (naive) 1.0030959752321982 0.9968553459119497 162.0227 0:02:42 5869.11 123543.09 5481.56 5575.88 1.99 3.80 149.23 310.84
rrm_20_2 1 0.7986125709480765 0.7746210833956365 0.20138742905192353 0.2253789166043635 (naive) 0.9299363057324841 0.24324324324324326 252.7629 0:04:12 5338.98 123603.02 4950.61 5076.12 1.99 3.42 173.16 481.21
ltn_500_1 1 0.9450863123555797 0.9422047564198116 0.054913687644420284 0.057795243580188393 (naive) 1.00355871886121 0.7430830039525692 277.7615 0:04:37 6666.21 123600.34 6320.39 6420.43 1.99 5.50 182.19 540.61
icd_500_1 1 0.9319826338639653 0.937955141275852 0.06801736613603471 0.062044858724148 (naive) 1.0184757505773672 0.8264462809917356 446.6553 0:07:26 7803.87 123600.23 7415.92 7515.78 1.99 5.04 194.75 916.48
adh_100_2 1 0.9761073825503356 0.9774193548387097 0.02389261744966442 0.022580645161290325 (naive) 1.0053333333333334 0.936 267.6516 0:04:27 5938.12 123665.80 5551.01 5736.38 1.99 4.13 190.57 565.50
aat_100_2 1 0.8369169310304312 0.8351017058444223 0.1630830689695688 0.16489829415557766 (naive) 1.0441176470588236 0.5543237250554324 362.0815 0:06:02 7128.87 123479.09 6741.93 6841.89 1.99 4.04 200.59 786.42
annexin_1000_2 1 1.0 1.0 0.0 0.0 (naive) 1.0 1.0 154.6466 0:02:34 6755.54 123603.12 6367.68 6503.28 1.98 4.45 146.35 272.26
ghf5_500_0 1 0.7032131469217562 0.6933494558645708 0.2967868530782438 0.30665054413542925 (naive) 1.048936170212766 0.37789203084832906 411.3206 0:06:51 7349.93 123545.96 6962.53 7089.17 1.98 5.67 237.05 1036.21
cyclo_200_3 1 0.9138795986622074 0.9177162048698573 0.08612040133779264 0.08228379513014272 (naive) 1.019704433497537 0.7619047619047619 197.2661 0:03:17 6262.12 123600.30 6235.62 6241.80 1.99 3.93 159.50 390.69
oxidored_q6_20_1 1 0.9054263565891473 0.9078896230081617 0.09457364341085273 0.09211037699183833 (naive) 1.0070175438596491 0.7669172932330827 420.3572 0:07:00 5566.90 123671.24 5178.46 5301.83 1.99 3.93 210.99 966.79
zf-CCHH_1000_0 1 0.9550481626828398 0.9496275274920184 0.04495183731716024 0.0503724725079816 (naive) 1.0769230769230769 0.7428571428571429 123.6531 0:02:03 5734.54 123609.99 5708.16 5714.50 1.96 4.83 91.07 188.24
DEATH_500_3 1 0.8872062663185378 0.8858185610010427 0.11279373368146217 0.11418143899895727 (naive) 1.0062893081761006 0.6693548387096774 152.7556 0:02:32 6510.20 123607.31 6121.23 6215.48 1.98 4.46 141.46 253.60
Rhodanese_1000_2 1 0.7678958785249458 0.7737704918032787 0.23210412147505421 0.22622950819672127 (naive) 1.0277777777777777 0.5364583333333334 163.9338 0:02:43 7100.01 123545.89 6711.26 6813.08 1.97 6.11 117.57 228.30
proteasome_50_2 1 0.81456928410866 0.7836381629586189 0.18543071589133997 0.21636183704138112 (naive) 0.9773462783171522 0.32068965517241377 296.2122 0:04:56 5819.43 123665.77 5792.81 5799.20 1.99 3.67 190.97 664.78
aadh_500_2 1 0.8381660704198832 0.8395096652522395 0.16183392958011678 0.16049033474776053 (naive) 1.0092250922509225 0.5102040816326531 372.0626 0:06:12 7328.30 123792.70 6939.75 7053.26 1.99 5.02 188.28 737.02
hormone_rec_500_0 1 0.7318410232983097 0.7318410232983097 0.2681589767016903 0.2681589767016903 (naive) 1.0454545454545454 0.5124555160142349 212.9862 0:03:32 7188.77 123476.62 6800.43 6894.67 1.99 4.69 166.56 379.40
subt_500_2 1 0.8008427742470295 0.8022282195003806 0.19915722575297046 0.1977717804996194 (naive) 1.103864734299517 0.3392857142857143 484.8908 0:08:04 8046.19 123545.95 7658.01 7752.15 1.98 5.37 191.09 1013.46
gluts_1000_3 1 0.9097894736842105 0.9089761792080769 0.09021052631578952 0.09102382079192306 (naive) 1.004255319148936 0.6866952789699571 181.8029 0:03:01 7676.36 123673.91 7287.84 7473.02 1.98 5.52 150.10 301.18
sodcu_100_2 1 0.9183135704874835 0.9152987524622456 0.08168642951251648 0.08470124753775443 (naive) 1.0 0.8012048192771084 197.9189 0:03:17 5737.83 123543.10 5348.96 5443.33 1.99 4.21 157.20 413.82
sodcu_1000_3 1 0.9265480895915679 0.9308405029781601 0.07345191040843213 0.06915949702183988 (naive) 1.017751479289941 0.7650602409638554 189.4254 0:03:09 7254.75 123602.12 6865.92 6961.03 1.99 5.69 123.60 303.83
tRNA-synt_2b_20_3 1 0.3488943488943489 0.3560384454659423 0.6511056511056511 0.6439615545340577 (naive) 0.9635974304068522 0.12790697674418605 481.6425 0:08:01 5710.62 123598.09 5684.29 5691.17 1.99 3.48 221.34 1143.50
kringle_50_1 1 0.9676731793960923 0.9537815126050421 0.03232682060390768 0.04621848739495793 (naive) 1.01 0.8314606741573034 177.5625 0:02:57 5391.65 123600.16 5003.23 5097.41 1.99 4.17 164.20 399.27
cah_200_2 1 0.8933506044905009 0.9011324041811847 0.10664939550949915 0.09886759581881532 (naive) 1.025089605734767 0.7195571955719557 225.5621 0:03:45 6571.29 123607.34 6183.07 6277.93 1.99 4.96 163.55 441.55
flav_100_2 1 0.7912772585669782 0.8001800180018002 0.20872274143302183 0.19981998199819984 (naive) 1.0273224043715847 0.5028571428571429 214.5187 0:03:34 5728.39 123600.41 5340.44 5434.44 1.99 4.07 167.72 460.79
adh_1000_1 1 0.9696644295302014 0.9741100323624595 0.030335570469798623 0.02588996763754048 (naive) 1.0133333333333334 0.92 252.0616 0:04:12 6942.49 123673.91 6554.34 6648.86 1.98 6.20 157.34 438.65
hormone_rec_20_0 1 0.5833714024668799 0.5655447298494243 0.4166285975331201 0.4344552701505757 (naive) 1.0324675324675325 0.298932384341637 415.3190 0:06:55 5742.90 123600.36 5354.39 5539.78 1.99 3.61 211.50 977.59
ghf13_500_0 1 0.6433593111341217 0.6335193731887947 0.3566406888658783 0.3664806268112053 (naive) 0.9808306709265175 0.29711375212224106 457.1579 0:07:37 7825.43 123605.66 7437.42 7531.49 1.99 5.45 190.04 942.84
adh_500_2 1 0.9506040268456376 0.9572857529061909 0.049395973154362394 0.04271424709380911 (naive) 1.0186666666666666 0.8826666666666667 202.6260 0:03:22 6761.96 123604.77 6375.08 6560.40 1.98 5.38 156.16 348.27
sodcu_20_2 1 0.7882081686429513 0.7856204858831254 0.2117918313570487 0.21437951411687461 (naive) 0.9940828402366864 0.5180722891566265 287.8530 0:04:47 5502.10 123543.26 5113.65 5249.99 1.99 3.45 186.52 610.56
cys_20_0 1 0.8224344844477101 0.8145048814504882 0.17756551555228994 0.18549511854951184 (naive) 0.9858657243816255 0.5298507462686567 414.0080 0:06:54 5758.52 123664.53 5379.55 5507.59 1.99 4.05 208.97 970.57
aadh_50_2 1 0.7652042929768406 0.7760168035134619 0.23479570702315944 0.22398319648653808 (naive) 1.0276752767527675 0.41950113378684806 490.6253 0:08:10 6263.52 123607.37 5875.67 5991.74 1.99 3.59 212.29 1096.06
blm_100_3 1 0.8327070285316632 0.9197540353574174 0.16729297146833677 0.0802459646425826 (naive) 1.2481751824817517 0.5880149812734082 720.8982 0:12:00 6937.45 108012.55 6549.85 6644.76 21.99 4.32 102.37 739.50
msb_100_0 1 0.8594147582697201 0.8638107416879796 0.14058524173027986 0.13618925831202044 (naive) 1.0063291139240507 0.6068965517241379 186.9729 0:03:06 5633.96 123537.80 5245.45 5343.53 1.99 3.82 160.60 391.15
phc_200_0 1 0.6917059377945335 0.9059375385754845 0.3082940622054665 0.09406246142451546 (naive) 1.5083798882681565 0.3016759776536313 176.3988 0:02:56 5886.63 123536.29 5499.11 5623.88 1.99 4.32 183.56 404.37
PDZ_50_3 1 0.8402457757296466 0.8357524828113063 0.15975422427035335 0.16424751718869368 (naive) 1.0 0.6363636363636364 194.8569 0:03:14 5429.90 123601.98 5041.55 5226.78 1.99 3.70 167.44 413.10
ace_500_3 1 0.8459589223793011 0.8600677966101695 0.15404107762069885 0.13993220338983048 (naive) 1.04 0.6487889273356401 442.0185 0:07:22 8146.20 123673.94 7757.54 7851.79 1.98 6.94 224.23 1020.25
flav_1000_0 1 0.8776145972407655 0.8882882882882883 0.12238540275923449 0.11171171171171168 (naive) 1.0382513661202186 0.6628571428571428 192.2121 0:03:12 7607.23 123603.11 7218.44 7313.28 1.98 5.25 132.50 329.14
annexin_500_1 1 1.0 1.0 0.0 0.0 (naive) 1.0 1.0 152.2746 0:02:32 6418.93 123536.19 6031.30 6126.77 1.99 4.78 125.61 245.84
Ald_Xan_dh_2_200_0 1 0.8426586556515209 0.850322091701402 0.15734134434847913 0.14967790829859795 (naive) 1.0282485875706215 0.6418269230769231 211.1399 0:03:31 6351.82 123536.43 6326.63 6332.87 1.99 3.92 177.90 466.30
cys_1000_0 1 0.9221160911094783 0.9251750829340214 0.07788390889052166 0.0748249170659786 (naive) 1.0600706713780919 0.6492537313432836 276.8860 0:04:36 7581.14 123610.43 7207.98 7302.43 1.98 6.93 148.24 453.42
hr_100_3 1 1.0 1.0 0.0 0.0 (naive) 1.0 1.0 158.0293 0:02:38 5446.61 123668.50 5058.41 5152.99 1.99 3.62 144.78 294.85
int_500_1 1 0.8780623608017817 0.8839686098654709 0.12193763919821832 0.11603139013452912 (naive) 1.0319634703196348 0.7128712871287128 191.5930 0:03:11 7035.44 123609.87 6646.59 6746.58 1.98 4.73 143.18 322.65
DEATH_50_2 1 0.7201044386422977 0.7145077720207254 0.2798955613577023 0.28549222797927465 (naive) 1.0125786163522013 0.43548387096774194 234.5550 0:03:54 5414.66 123481.83 5026.13 5120.36 1.99 3.48 174.68 492.20
cah_20_3 1 0.7305699481865285 0.7169491525423729 0.26943005181347146 0.2830508474576271 (naive) 0.974910394265233 0.3837638376383764 425.5120 0:07:05 5874.16 123600.45 5485.59 5600.02 1.99 4.05 206.31 946.18
Acetyltransf_200_3 1 0.7488877904102818 0.7325918762088974 0.25111220958971825 0.26740812379110257 (naive) 0.9912663755458515 0.37037037037037035 174.0863 0:02:54 5973.04 123664.20 5584.94 5679.24 1.99 4.00 167.45 353.60
blm_500_2 1 0.9354210160055672 0.9479548660084626 0.06457898399443285 0.05204513399153743 (naive) 1.0437956204379562 0.7715355805243446 439.1587 0:07:19 7535.96 123609.87 7147.57 7325.18 1.98 5.45 183.31 846.47
peroxidase_200_1 1 0.7725806451612903 0.8047715053763441 0.22741935483870968 0.19522849462365588 (naive) 1.0678851174934725 0.4899713467048711 272.3760 0:04:32 6978.24 123607.18 6589.86 6715.19 1.99 4.86 177.15 575.22
phc_100_2 1 0.863430725730443 0.8802728932449313 0.136569274269557 0.1197271067550687 (naive) 1.0335195530726258 0.6312849162011173 206.3853 0:03:26 5631.95 123543.07 5243.55 5344.90 1.99 4.06 181.42 438.40
cys_20_3 1 0.7582047514082783 0.7491228070175439 0.24179524859172175 0.25087719298245614 (naive) 1.0 0.34701492537313433 418.3113 0:06:58 5776.17 123601.88 5387.78 5550.82 1.99 3.50 210.78 950.53
kringle_500_2 1 0.8934280639431617 0.8840070298769771 0.10657193605683835 0.1159929701230229 (naive) 1.01 0.7078651685393258 477.3164 0:07:57 6139.90 107707.24 5751.23 5845.55 33.99 4.16 38.66 186.14
hpr_200_1 1 1.0 1.0 0.0 0.0 (naive) 1.0 1.0 143.1639 0:02:23 5613.53 123600.53 5225.06 5319.24 1.99 4.27 150.66 317.84
rrm_500_0 1 0.8569126199985986 0.8510682719743893 0.14308738000140142 0.14893172802561072 (naive) 1.0254777070063694 0.22522522522522523 145.6901 0:02:25 6256.18 123603.02 5867.99 5962.12 1.98 4.74 151.10 254.87
oxidored_q6_50_1 1 0.9356589147286821 0.9367481567714396 0.06434108527131788 0.06325184322856037 (naive) 1.0035087719298246 0.8646616541353384 316.9679 0:05:16 5663.30 123601.79 5275.78 5400.29 1.99 3.59 194.30 691.63
ltn_50_2 1 0.916474106293326 0.9120730470071018 0.08352589370667396 0.08792695299289821 (naive) 0.9893238434163701 0.6996047430830039 319.8770 0:05:19 5965.84 123536.45 5637.43 5788.61 1.99 3.72 194.32 693.08
ghf13_50_2 1 0.5367049975475503 0.5645170535970192 0.4632950024524497 0.4354829464029808 (naive) 1.2012779552715656 0.2071307300509338 500.1996 0:08:20 6472.72 123473.76 6084.51 6205.61 1.99 3.58 211.20 1091.17
hla_20_0 1 1.0 1.0 0.0 0.0 (naive) 1.0 1.0 317.0112 0:05:17 5580.14 123479.10 5191.43 5310.07 1.99 3.45 183.10 666.24
cryst_1000_3 1 0.9217293020627296 0.9219898247597512 0.07827069793727037 0.07801017524024878 (naive) 1.0104166666666667 0.7292817679558011 167.0333 0:02:47 6963.16 123664.58 6575.19 6669.31 1.99 5.14 115.59 249.23
hr_20_0 1 0.9542857142857143 0.9751824817518249 0.04571428571428571 0.02481751824817513 (naive) 1.048780487804878 0.8860759493670886 212.5394 0:03:32 5314.40 123607.06 4925.41 5022.02 1.99 3.98 170.83 447.98
cys_1000_2 1 0.9364437913299045 0.9344412537422863 0.06355620867009548 0.06555874625771374 (naive) 0.9929328621908127 0.6604477611940298 258.4406 0:04:18 7475.79 123674.14 7087.10 7195.73 1.98 7.08 136.80 422.68
GEL_100_0 1 0.6646766169154229 0.6587771203155819 0.3353233830845771 0.3412228796844181 (naive) 1.0066666666666666 0.3561643835616438 173.3802 0:02:53 5521.25 123543.18 5132.67 5227.65 1.99 3.78 159.60 390.12
KAS_1000_3 1 0.5782854747432404 0.7985528219971056 0.42171452525675956 0.20144717800289436 (naive) 1.5123762376237624 0.345 286.3722 0:04:46 7632.34 123607.20 7243.75 7338.11 1.99 5.67 153.61 486.31
aadh_1000_0 1 0.847486349086801 0.8800469254081533 0.15251365091319902 0.11995307459184668 (naive) 1.121771217712177 0.5079365079365079 506.1524 0:08:26 7417.23 123600.56 7028.81 7123.94 1.99 6.37 201.30 1061.82
ldh_20_2 1 0.734549842755796 0.7267366136034732 0.26545015724420395 0.2732633863965268 (naive) 1.0080862533692723 0.1972972972972973 499.7276 0:08:19 6174.23 123479.22 6148.05 6154.24 1.99 3.47 220.18 1213.24
sdr_100_1 1 0.8047138047138047 0.7913477718069805 0.19528619528619529 0.20865222819301954 (naive) 1.0498614958448753 0.35646687697160884 267.7034 0:04:27 6001.71 123536.63 5612.95 5707.25 1.99 4.43 188.81 602.58
ghf1_1000_3 1 0.9202481568063298 0.9203309054941102 0.07975184319367024 0.07966909450588977 (naive) 1.0124555160142348 0.7176938369781312 725.8339 0:12:05 8249.35 123543.61 7860.50 7954.72 1.99 8.24 200.81 1490.31
ltn_500_2 1 0.9364550767976078 0.9393278342081941 0.06354492320239225 0.0606721657918059 (naive) 1.0320284697508897 0.7075098814229249 262.3501 0:04:22 6556.36 123538.05 6167.29 6261.59 1.99 5.53 181.36 560.52
phc_50_3 1 0.3577756833176249 0.5411261582323592 0.6422243166823751 0.4588738417676408 (naive) 1.899441340782123 0.01675977653631285 239.8660 0:03:59 5509.75 123537.88 5121.31 5237.35 1.99 3.94 184.26 535.34
annexin_500_0 1 0.998942246668077 1.0 0.0010577533319230392 0.0 (naive) 1.0030959752321982 0.9968553459119497 149.1808 0:02:29 6460.80 123536.48 6081.51 6178.42 1.99 4.46 150.28 278.02
p450_1000_3 1 0.7476454863253136 0.7429096853289743 0.2523545136746864 0.2570903146710257 (naive) 1.037109375 0.3667334669338677 609.8722 0:10:09 8139.39 123539.04 7751.04 7845.29 1.97 8.14 189.81 1207.61
serpin_500_2 1 0.9594969300851653 0.9524230807038239 0.040503069914834655 0.047576919296176134 (naive) 0.9976019184652278 0.8467336683417085 427.3540 0:07:07 7585.99 123609.99 7197.43 7292.45 1.98 5.85 186.06 837.46
kunitz_50_2 1 0.9394059405940594 0.9394059405940594 0.06059405940594065 0.06059405940594065 (naive) 1.0 0.7166666666666667 165.0864 0:02:45 5305.79 123671.21 4917.41 5011.50 1.99 3.47 134.92 290.29
LIM_500_1 1 0.9661290322580646 0.9755700325732899 0.03387096774193543 0.02442996742671011 (naive) 1.0116279069767442 0.8780487804878049 133.1836 0:02:13 5988.62 123536.36 5600.16 5694.54 1.98 4.60 116.89 202.35
cah_100_3 1 0.8635578583765112 0.8695652173913043 0.13644214162348878 0.13043478260869568 (naive) 1.0465949820788532 0.6236162361623616 264.5164 0:04:24 6159.69 123536.39 5771.97 5866.19 1.99 4.29 185.66 589.36
uce_1000_0 1 0.8937557392102846 0.8880474452554744 0.10624426078971538 0.11195255474452559 (naive) 1.0108695652173914 0.5481927710843374 189.4670 0:03:09 7743.73 123479.36 7355.13 7540.46 1.99 5.34 125.94 300.64
tim_50_3 1 0.9373077618961462 0.9358684852316864 0.06269223810385383 0.06413151476831358 (naive) 1.0 0.8416988416988417 301.6339 0:05:01 5960.42 123607.06 5571.52 5665.93 1.99 4.04 197.45 707.06
hormone_rec_1000_3 1 0.730470534490635 0.7268181818181818 0.26952946550936496 0.2731818181818182 (naive) 1.0487012987012987 0.48398576512455516 251.7495 0:04:11 7255.43 123671.54 6867.45 6968.57 1.98 6.33 145.37 434.05
DEATH_500_1 1 0.8913838120104438 0.8927824267782427 0.10861618798955619 0.10721757322175729 (naive) 1.0062893081761006 0.6612903225806451 150.9590 0:02:30 6563.38 123671.26 6165.19 6265.21 1.99 4.99 156.16 279.58
flav_1000_1 1 0.842456608811749 0.8488789237668162 0.157543391188251 0.15112107623318383 (naive) 1.0327868852459017 0.5885714285714285 190.8646 0:03:10 7426.08 123546.02 7036.47 7131.03 1.98 5.46 140.89 331.07
hormone_rec_1000_2 1 0.7578803106441298 0.7466246624662466 0.24211968935587025 0.2533753375337534 (naive) 1.0389610389610389 0.5266903914590747 284.4853 0:04:44 7576.43 123539.12 7187.66 7281.84 1.98 5.96 162.53 501.40
DEATH_50_0 1 0.8642297650130548 0.8633281168492436 0.13577023498694518 0.1366718831507564 (naive) 1.0062893081761006 0.532258064516129 215.3448 0:03:35 5424.04 123604.78 5035.83 5129.97 1.99 3.69 163.60 437.19
serpin_50_3 1 0.9550406020994257 0.9464180569185476 0.04495939790057435 0.053581943081452366 (naive) 0.988009592326139 0.8266331658291457 462.0209 0:07:42 6589.11 123537.85 6562.89 6569.12 1.99 3.73 206.45 1029.87
msb_20_0 1 0.9243002544529262 0.9101158784841842 0.07569974554707382 0.08988412151581582 (naive) 1.0063291139240507 0.6827586206896552 287.7361 0:04:47 5419.27 123537.80 5030.85 5125.02 1.99 3.91 178.24 576.04
OTCace_1000_0 1 0.9588039867109635 0.9597605586963751 0.04119601328903655 0.04023944130362489 (naive) 1.0 0.8783382789317508 290.0455 0:04:50 7424.79 123600.39 7036.05 7130.22 1.99 5.50 155.53 506.40
rvp_1000_1 1 0.7361299052774019 0.7282463186077643 0.26387009472259815 0.27175368139223566 (naive) 0.9924242424242424 0.35135135135135137 147.5626 0:02:27 6844.81 123600.21 6818.95 6825.13 1.99 4.34 152.80 333.65
aat_1000_2 1 0.8308659381976266 0.8390484100616991 0.16913406180237345 0.16095158993830094 (naive) 1.0672268907563025 0.532150776053215 534.3764 0:08:54 7909.92 123540.71 7521.46 7615.59 1.98 8.30 200.36 1125.60
oxidored_q6_1000_3 1 0.9333333333333333 0.9517786561264822 0.06666666666666665 0.04822134387351784 (naive) 1.0526315789473684 0.8458646616541353 246.5630 0:04:06 6844.08 123671.25 6456.19 6641.12 1.99 5.39 154.49 447.73
aadh_50_3 1 0.7845038599133873 0.7996353516936954 0.21549614008661266 0.20036464830630463 (naive) 1.0276752767527675 0.3741496598639456 472.9534 0:07:52 6253.66 123543.09 5867.32 5977.03 1.99 4.27 222.32 1149.79
aat_100_1 1 0.8559511220773117 0.8541446828467582 0.14404887792268828 0.14585531715324185 (naive) 1.0294117647058822 0.5742793791574279 354.0335 0:05:54 7221.20 123543.24 6833.71 6958.67 1.99 4.68 201.73 807.50
aadh_500_1 1 0.8486160798343062 0.8532752745172283 0.1513839201656938 0.1467247254827717 (naive) 1.0239852398523985 0.5306122448979592 395.3462 0:06:35 7413.37 123536.26 7386.47 7392.68 1.99 4.89 287.34 1268.23
DEATH_20_1 1 0.6845953002610966 0.69957310565635 0.3154046997389034 0.30042689434365 (naive) 1.0314465408805031 0.3951612903225806 293.6173 0:04:53 5375.00 123543.23 4991.16 5173.67 1.99 3.55 193.32 671.80
il8_100_0 1 0.9166431195252897 0.9104687061465058 0.08335688047471035 0.08953129385349423 (naive) 0.9753086419753086 0.6233766233766234 143.7737 0:02:23 5396.24 123536.29 5008.93 5103.58 1.99 4.14 158.80 314.21
gpdh_500_3 1 0.9508692365835223 0.9517942066580198 0.04913076341647771 0.04820579334198016 (naive) 1.0083333333333333 0.8547486033519553 201.3168 0:03:21 6906.70 123479.41 6881.64 6887.81 1.99 4.76 209.24 473.88
DMRL_synthase_20_1 1 0.8866894197952219 0.8654230512991339 0.11331058020477813 0.13457694870086612 (naive) 0.978021978021978 0.6627218934911243 317.2781 0:05:17 5479.96 123601.27 5092.60 5277.65 1.99 3.51 185.85 668.23
ghf10_20_0 1 0.8533872598584429 0.8465396188565697 0.14661274014155712 0.1534603811434303 (naive) 0.9807692307692307 0.6904024767801857 504.4119 0:08:24 6145.95 123607.30 5758.22 5882.32 1.99 3.64 222.61 1176.82
gluts_50_0 1 0.9230526315789473 0.9368589743589744 0.07694736842105265 0.06314102564102564 (naive) 1.0553191489361702 0.7124463519313304 281.0852 0:04:41 5574.94 123536.31 5186.79 5281.52 1.99 4.07 180.91 602.14
icd_100_0 1 0.8960926193921852 0.9010477299185099 0.10390738060781479 0.0989522700814901 (naive) 1.0 0.7493112947658402 365.3665 0:06:05 7167.21 123601.98 6779.23 6964.66 1.99 3.96 193.27 832.23
uce_500_0 1 0.8901744719926538 0.8794339109135444 0.10982552800734624 0.12056608908645561 (naive) 1.0 0.4759036144578313 173.3395 0:02:53 6867.23 123600.27 6478.67 6603.29 1.99 4.39 167.07 356.37
int_100_3 1 0.8769487750556793 0.8803801006148686 0.12305122494432075 0.1196198993851314 (naive) 1.0182648401826484 0.693069306930693 241.2657 0:04:01 6039.86 123609.96 6013.46 6019.73 1.99 3.78 193.08 547.57
DEATH_200_3 1 0.9362924281984334 0.930944963655244 0.06370757180156661 0.06905503634475596 (naive) 1.0062893081761006 0.7580645161290323 165.8387 0:02:45 5866.91 123600.32 5479.05 5573.12 1.99 4.28 131.14 311.13
mofe_200_0 1 0.8727463942307693 0.8808188021228203 0.12725360576923073 0.11918119787717973 (naive) 1.0016420361247949 0.7056603773584905 357.2775 0:05:57 8228.52 123543.11 7840.25 7934.64 1.99 4.55 211.86 846.96
mmp_100_2 1 0.9693148381672971 0.9742289818335446 0.030685161832702867 0.02577101816645544 (naive) 1.0166666666666666 0.9171597633136095 284.5194 0:04:44 6112.48 123601.86 5724.92 5835.95 1.99 4.28 193.26 593.43
cyclo_100_2 1 0.8737458193979933 0.8763102725366876 0.12625418060200666 0.12368972746331242 (naive) 1.0098522167487685 0.6984126984126984 242.2674 0:04:02 5963.53 123664.18 5930.25 5937.09 1.99 4.09 175.58 495.00
ghf1_1000_2 1 0.9180902715338968 0.9193301521562979 0.08190972846610323 0.08066984784370212 (naive) 1.019572953736655 0.709741550695825 833.9590 0:13:53 8141.96 123475.73 7753.80 7853.43 1.98 7.85 198.58 1688.69
hr_1000_2 1 0.9857142857142858 0.9857142857142858 0.014285714285714235 0.014285714285714235 (naive) 1.0 0.9240506329113924 143.2792 0:02:23 5667.82 123538.36 5280.94 5380.65 1.99 4.91 136.01 255.86
Sulfotransfer_200_3 1 0.7586638830897704 0.7862397230636088 0.2413361169102296 0.2137602769363912 (naive) 1.041994750656168 0.4594594594594595 263.6702 0:04:23 6977.77 123600.43 6590.48 6684.54 1.99 5.03 205.23 585.07
myb_DNA-binding_1000_3 1 0.9438877755511023 0.9326732673267327 0.05611222444889774 0.06732673267326728 (naive) 1.0 0.7857142857142857 143.6315 0:02:23 5645.85 123538.98 5452.47 5550.15 1.98 5.04 137.18 239.50
ghf5_1000_0 1 0.6578366445916115 0.6552650867334473 0.3421633554083885 0.3447349132665527 (naive) 1.0340425531914894 0.3676092544987147 565.7316 0:09:25 7519.68 123536.52 7493.33 7499.56 1.98 6.63 557.96 3197.92
LIM_500_2 1 0.9338709677419355 0.9554455445544554 0.06612903225806455 0.044554455445544594 (naive) 1.0348837209302326 0.8292682926829268 131.1957 0:02:11 5989.45 123543.12 5668.39 5819.80 1.98 4.01 110.05 231.32
KAS_500_1 1 0.595682246908405 0.7801262695580565 0.404317753091595 0.21987373044194347 (naive) 1.4356435643564356 0.33 253.6228 0:04:13 7503.00 123600.60 7476.94 7483.19 1.99 4.58 217.61 648.67
blm_1000_1 1 0.4778009742519137 0.8554697233989534 0.5221990257480863 0.14453027660104656 (naive) 2.051094890510949 0.0 621.6971 0:10:21 7883.99 123607.54 7495.57 7590.29 1.98 7.76 183.78 1174.49
gpdh_1000_0 1 0.9615592268653493 0.9607293127629734 0.03844077313465066 0.03927068723702665 (naive) 1.0 0.888268156424581 242.5265 0:04:02 6876.23 123536.44 6850.15 6856.46 1.99 5.30 161.41 446.82
cryst_200_1 1 0.9157954224357163 0.9139875916525663 0.08420457756428368 0.08601240834743373 (naive) 1.0104166666666667 0.6795580110497238 171.3939 0:02:51 5930.70 123601.89 5543.15 5642.78 1.99 3.83 175.35 400.68
asp_200_0 1 0.9097568829496055 0.9108567744015476 0.09024311705039445 0.08914322559845245 (naive) 1.0078947368421052 0.7272727272727273 307.7362 0:05:07 7621.45 123664.24 7233.29 7327.53 1.99 5.13 170.15 582.27
DMRL_synthase_500_0 1 0.9228668941979522 0.9025367156208278 0.0771331058020478 0.09746328437917218 (naive) 0.9945054945054945 0.7159763313609467 159.8903 0:02:39 6619.51 123538.06 6220.06 6345.40 1.99 4.65 150.01 318.30
aldosered_50_0 1 0.8666444961755903 0.8659245721880711 0.13335550382440975 0.13407542781192894 (naive) 0.9948186528497409 0.6030769230769231 359.1076 0:05:59 6239.89 123665.90 6213.86 6220.17 1.99 3.71 211.92 824.94
kunitz_20_2 1 0.902970297029703 0.9127301841473179 0.097029702970297 0.08726981585268212 (naive) 1.0 0.5666666666666667 212.4897 0:03:32 5274.30 123607.12 4885.86 5022.36 1.99 3.47 158.92 412.36
kunitz_100_2 1 0.9893069306930693 0.9893069306930693 0.010693069306930703 0.010693069306930703 (naive) 1.0 0.95 143.4500 0:02:23 5372.11 123671.25 4983.14 5077.40 1.99 4.11 154.97 287.45
blmb_500_2 1 0.7229465449804433 0.7531409168081494 0.2770534550195567 0.24685908319185057 (naive) 1.0465116279069768 0.41818181818181815 241.1143 0:04:01 7668.00 123603.07 7281.17 7468.58 1.98 5.21 167.68 462.07
OTCace_50_1 1 0.9458471760797342 0.9467908214166944 0.05415282392026577 0.05320917858330565 (naive) 1.002857142857143 0.8249258160237388 367.7398 0:06:07 5815.42 123604.80 5428.09 5615.85 1.99 3.70 204.87 812.97
sodfe_50_3 1 0.8571697403086187 0.8472842261904762 0.1428302596913813 0.15271577380952384 (naive) 0.9954337899543378 0.5885167464114832 246.9833 0:04:06 5514.79 123536.31 5126.48 5220.59 1.99 3.48 186.02 529.79
rrm_200_1 1 0.8615373835050102 0.8581698890207301 0.1384626164949898 0.1418301109792699 (naive) 1.0445859872611465 0.2702702702702703 146.9262 0:02:26 5669.39 123543.12 5278.26 5403.02 1.99 3.84 148.55 336.34
subt_200_3 1 0.7797043382149765 0.7831668054399112 0.22029566178502347 0.21683319456008876 (naive) 1.0531400966183575 0.32142857142857145 360.3658 0:06:00 7853.98 123536.26 7828.38 7834.52 1.99 4.77 370.15 1530.34
Sulfotransfer_50_0 1 0.6233820459290188 0.6286315789473684 0.3766179540709812 0.37136842105263157 (naive) 0.9606299212598425 0.34121621621621623 373.9164 0:06:13 6163.95 123469.73 5776.36 5961.67 1.99 3.74 204.05 829.75
p450_500_3 1 0.3661114538350812 0.6246579187425444 0.6338885461649189 0.3753420812574556 (naive) 1.6640625 0.03006012024048096 345.9469 0:05:45 7789.57 123539.03 7400.57 7494.79 1.98 6.73 162.61 618.55
ltn_50_0 1 0.940193013456572 0.9378347230696223 0.059806986543427976 0.062165276930377655 (naive) 1.0 0.7628458498023716 318.8227 0:05:18 5941.64 123601.82 5553.62 5647.86 1.99 4.07 188.82 713.50
ldh_200_1 1 0.8893805309734514 0.8809083994349669 0.11061946902654862 0.1190916005650331 (naive) 1.005390835579515 0.581081081081081 212.7380 0:03:32 6330.21 123601.89 6229.86 6236.68 1.99 3.80 167.47 436.02
PDZ_20_2 1 0.6973886328725039 0.6852830188679245 0.30261136712749614 0.31471698113207547 (naive) 0.9454545454545454 0.30303030303030304 249.6364 0:04:09 5335.11 123536.50 4946.28 5072.75 1.99 3.98 168.87 514.04
Rhodanese_50_1 1 0.6198481561822126 0.6083022884513039 0.38015184381778744 0.39169771154869615 (naive) 1.0046296296296295 0.2708333333333333 241.1317 0:04:01 5513.29 123536.35 5486.40 5493.33 1.99 3.60 184.88 501.85
KAS_20_3 1 0.48501362397820164 0.6142819219538094 0.5149863760217983 0.3857180780461906 (naive) 1.3217821782178218 0.125 537.3514 0:08:57 5839.45 123601.88 5452.15 5574.84 1.99 3.42 225.38 1303.26
hpr_100_3 1 0.9568764568764568 0.960233918128655 0.04312354312354316 0.039766081871345005 (naive) 1.0112359550561798 0.8977272727272727 161.9905 0:02:41 5452.89 123536.35 5064.52 5158.73 1.99 4.22 139.83 301.71
cah_100_0 1 0.885146804835924 0.8889852558542931 0.114853195164076 0.11101474414570689 (naive) 1.021505376344086 0.6900369003690037 612.0792 0:10:12 6236.31 123543.27 5848.36 5943.48 45.99 4.06 75.30 497.74
ace_1000_1 1 0.884635902907442 0.8995117982099268 0.11536409709255802 0.10048820179007323 (naive) 1.0666666666666667 0.6885813148788927 753.0753 0:12:33 8644.41 123668.68 8255.89 8350.10 1.98 7.85 188.52 1472.49
egf_20_2 1 0.7244307217290621 0.7077677224736049 0.2755692782709379 0.29223227752639513 (naive) 1.056338028169014 0.22058823529411764 216.0152 0:03:36 5259.24 123607.07 4871.10 5056.18 1.99 3.46 158.76 429.45
il8_1000_1 1 0.8841480644249788 0.8836486868116351 0.11585193557502116 0.11635131318836489 (naive) 0.9876543209876543 0.6103896103896104 141.8780 0:02:21 5594.82 123607.53 5208.23 5302.38 1.98 5.45 150.09 253.57
lyase_1_1000_0 1 0.8706172839506173 0.8695437731196054 0.12938271604938267 0.1304562268803946 (naive) 0.9980430528375733 0.7196819085487077 598.0151 0:09:58 7798.28 123473.91 7737.11 7744.01 1.99 6.22 193.96 1215.71
rub_200_3 1 0.9755102040816327 0.9755102040816327 0.024489795918367308 0.024489795918367308 (naive) 1.0 0.8888888888888888 125.4993 0:02:05 5448.03 123664.33 5060.79 5187.38 1.99 3.50 128.65 202.93
tRNA-synt_2b_500_1 1 0.5167895167895168 0.4960691823899371 0.4832104832104832 0.503930817610063 (naive) 0.8993576017130621 0.25290697674418605 236.6996 0:03:56 7361.09 123604.82 6973.43 7103.38 1.99 4.85 173.24 462.80
KAS_100_2 1 0.6195766086774261 0.8575572961995939 0.38042339132257386 0.14244270380040613 (naive) 1.504950495049505 0.4625 323.9380 0:05:23 6375.75 123607.20 6319.76 6326.61 1.99 3.70 198.59 726.97
tRNA-synt_2b_100_0 1 0.527027027027027 0.4854771784232365 0.472972972972973 0.5145228215767634 (naive) 0.867237687366167 0.25 288.6092 0:04:48 6145.48 123543.32 5757.91 5943.29 1.99 3.71 182.43 623.76
GEL_100_3 1 0.709452736318408 0.6997055937193327 0.290547263681592 0.3002944062806673 (naive) 1.02 0.3767123287671233 173.8465 0:02:53 5548.41 123537.90 5522.70 5528.85 1.99 3.71 196.07 426.35
ltn_1000_1 1 0.9387658012776947 0.9408759621279205 0.06123419872230529 0.05912403787207954 (naive) 1.0427046263345197 0.7193675889328063 296.9663 0:04:56 6789.17 123540.79 6422.62 6586.67 1.98 6.64 170.82 577.80
oxidored_q6_50_0 1 0.9511627906976744 0.950794265788454 0.0488372093023256 0.04920573421154595 (naive) 1.0 0.8872180451127819 312.0289 0:05:12 5605.23 123671.15 5216.96 5344.48 1.99 3.61 186.44 676.28
hormone_rec_1000_0 1 0.7345820009136592 0.7451343836886005 0.2654179990863408 0.2548656163113995 (naive) 1.0584415584415585 0.5160142348754448 280.3887 0:04:40 7658.37 123603.05 7269.67 7395.33 1.98 5.81 160.05 518.71
aat_20_2 1 0.48666431676653743 0.5148539465506525 0.5133356832334626 0.48514605344934747 (naive) 1.1323529411764706 0.017738359201773836 616.1403 0:10:16 6419.84 123602.08 6031.66 6155.96 1.99 3.54 215.23 1426.97
il8_100_3 1 0.8920599039276632 0.8850574712643678 0.10794009607233679 0.11494252873563215 (naive) 0.9753086419753086 0.5844155844155844 150.4615 0:02:30 5380.20 123536.32 4991.48 5087.05 1.99 3.62 139.28 257.73
HLH_100_2 1 0.8869143780290791 0.8955954323001631 0.11308562197092087 0.10440456769983686 (naive) 1.0108695652173914 0.7976190476190477 161.1765 0:02:41 5425.95 123601.78 5038.66 5223.62 1.99 3.77 156.76 302.58
gpdh_500_2 1 0.9560522621747112 0.9555363695229873 0.043947737825288824 0.04446363047701274 (naive) 1.0 0.8687150837988827 200.1475 0:03:20 6945.02 123666.20 6557.65 6653.34 1.99 4.84 122.54 325.09
GEL_50_3 1 0.6786069651741293 0.6526315789473685 0.32139303482587067 0.34736842105263155 (naive) 0.96 0.3904109589041096 207.9299 0:03:27 5437.09 123602.13 5048.51 5143.27 1.99 4.06 185.26 446.72
oxidored_q6_100_2 1 0.9228682170542636 0.9329937304075235 0.07713178294573642 0.06700626959247646 (naive) 1.0210526315789474 0.849624060150376 244.7884 0:04:04 5926.74 123479.10 5538.24 5632.57 1.99 3.63 187.34 544.81
blmb_1000_2 1 0.7131681877444589 0.7470126322977125 0.2868318122555411 0.25298736770228747 (naive) 1.0145348837209303 0.43272727272727274 300.9588 0:05:00 7830.59 123540.73 7459.83 7636.62 1.97 6.34 173.09 604.05
Sulfotransfer_20_0 1 0.5536534446764092 0.5864661654135338 0.4463465553235908 0.4135338345864662 (naive) 1.0813648293963254 0.17229729729729729 497.7420 0:08:17 5930.46 123663.27 5542.27 5667.83 1.99 3.97 207.22 1138.10
DMRL_synthase_100_2 1 0.9378839590443686 0.9087301587301587 0.06211604095563139 0.09126984126984128 (naive) 0.945054945054945 0.7633136094674556 201.4461 0:03:21 5731.53 123607.28 5343.64 5528.86 1.99 3.65 187.64 445.15
rhv_500_1 1 0.6197733117439757 0.6257332435811136 0.38022668825602435 0.3742667564188864 (naive) 1.0331196581196582 0.3448275862068966 223.8468 0:03:43 7239.52 123543.45 6850.55 7036.10 1.99 4.19 156.04 430.64
Ald_Xan_dh_2_20_0 1 0.5886218550506948 0.6053292141340028 0.41137814494930525 0.39467078586599724 (naive) 1.0677966101694916 0.3329326923076923 792.8458 0:13:12 5922.86 123601.97 5534.46 5658.16 1.99 3.61 226.85 1856.54
p450_50_2 1 0.3001028171910343 0.448742389766927 0.6998971828089657 0.5512576102330731 (naive) 1.669921875 0.002004008016032064 482.3117 0:08:02 6865.09 123600.37 6476.63 6576.56 1.99 4.22 217.45 1084.88
OTCace_20_2 1 0.29401993355481726 0.4353172651254304 0.7059800664451827 0.5646827348745695 (naive) 1.5114285714285713 0.06231454005934718 494.8379 0:08:14 5625.48 123600.17 5237.24 5373.92 1.99 3.88 209.30 1085.24
hom_50_1 1 0.8100450740502254 0.7982233502538071 0.1899549259497746 0.20177664974619292 (naive) 0.8877551020408163 0.2463768115942029 176.1729 0:02:56 5344.93 123543.09 4956.12 5050.46 1.99 4.01 166.20 372.14
tgfb_100_2 1 0.8282700421940928 0.8643769264641127 0.17172995780590716 0.13562307353588732 (naive) 1.1016949152542372 0.3333333333333333 167.1064 0:02:47 5579.52 123610.02 5219.29 5341.92 1.99 4.23 132.18 285.06
aldosered_100_2 1 0.9308280678417027 0.9308280678417027 0.06917193215829731 0.06917193215829731 (naive) 0.9818652849740933 0.7476923076923077 305.9366 0:05:05 6619.77 123543.41 6232.14 6326.38 1.99 4.01 187.01 632.47
myb_DNA-binding_20_1 1 0.9398797595190381 0.9287128712871288 0.06012024048096187 0.07128712871287124 (naive) 1.0 0.7678571428571429 206.8946 0:03:26 5258.01 123473.96 4870.24 4995.42 1.99 4.01 169.13 430.73
sdr_20_0 1 0.5914334602859193 0.5792518110065953 0.40856653971408075 0.4207481889934047 (naive) 1.0443213296398892 0.29652996845425866 461.5963 0:07:41 5879.40 123538.47 5838.39 5845.26 1.99 3.64 210.30 1052.27
rrm_50_3 1 0.766449442926214 0.7396537733297268 0.23355055707378602 0.2603462266702732 (naive) 0.9235668789808917 0.1891891891891892 190.9108 0:03:10 5380.30 123600.25 4992.48 5117.68 1.99 3.60 172.11 419.56
biotin_lipoyl_200_2 1 0.9457267623206488 0.932923076923077 0.054273237679351216 0.06707692307692303 (naive) 0.9642857142857143 0.7764705882352941 143.9840 0:02:23 5586.00 123601.86 5194.90 5320.85 1.99 3.77 153.78 316.93
PDZ_100_0 1 0.8195084485407066 0.8182515337423313 0.1804915514592934 0.18174846625766872 (naive) 1.0 0.6262626262626263 161.9096 0:02:41 5518.17 123601.88 5491.82 5498.02 1.99 3.59 143.12 285.35
ace_500_0 1 0.827554014403841 0.847098976109215 0.17244598559615898 0.15290102389078497 (naive) 1.07 0.6072664359861591 526.3203 0:08:46 8215.94 123540.62 7826.54 7920.83 1.98 6.21 187.87 1017.62
PDZ_200_3 1 0.9124423963133641 0.9166666666666666 0.0875576036866359 0.08333333333333337 (naive) 1.009090909090909 0.7878787878787878 149.1431 0:02:29 5739.40 123665.88 5351.13 5445.29 1.99 3.45 167.36 308.30
icd_20_1 1 0.8370477568740955 0.8358381502890173 0.1629522431259045 0.1641618497109827 (naive) 1.0046189376443417 0.6556473829201102 609.3863 0:10:09 6480.52 123607.17 6092.81 6219.73 1.99 3.45 219.69 1431.11
rhv_50_2 1 0.497856938756072 0.6155929808032033 0.5021430612439279 0.38440701919679665 (naive) 1.2777777777777777 0.22246941045606228 446.2195 0:07:26 6112.39 123473.77 5723.53 5817.90 1.99 3.63 218.21 1044.37
phc_500_3 1 0.7344015080113101 0.8678993094230341 0.2655984919886899 0.13210069057696594 (naive) 1.5027932960893855 0.2905027932960894 158.8701 0:02:38 6602.18 123607.49 6213.69 6307.85 1.99 4.07 146.09 320.72
PDZ_500_3 1 0.8901689708141322 0.90546875 0.10983102918586785 0.09453124999999996 (naive) 1.0363636363636364 0.7676767676767676 147.2680 0:02:27 5983.22 123545.92 5956.79 5963.02 1.98 4.62 138.07 277.80
ace_1000_3 1 0.8240864230461457 0.8437798716373072 0.17591357695385434 0.15622012836269283 (naive) 1.0533333333333332 0.6141868512110726 550.6535 0:09:10 8229.75 123475.01 7840.93 7967.33 1.98 8.18 188.48 1087.17
tgfb_500_0 1 0.8561181434599157 0.8954104148278905 0.14388185654008434 0.10458958517210948 (naive) 1.0932203389830508 0.4700854700854701 143.8935 0:02:23 5760.04 123601.77 5370.39 5464.59 1.99 4.27 165.87 291.65
adh_20_3 1 0.9557046979865772 0.9575040344271114 0.0442953020134228 0.042495965572888594 (naive) 1.0053333333333334 0.92 542.5624 0:09:02 5639.45 123472.43 5252.21 5347.39 1.99 3.54 216.17 1277.69
rub_1000_0 1 0.9836734693877551 0.9836734693877551 0.01632653061224487 0.01632653061224487 (naive) 1.0 0.9259259259259259 127.2983 0:02:07 6051.71 123607.40 5663.27 5759.76 1.99 5.08 119.13 188.59
oxidored_q6_200_3 1 0.9755813953488373 0.979758660957571 0.024418604651162745 0.020241339042428974 (naive) 1.0105263157894737 0.9210526315789473 212.4714 0:03:32 6315.88 123537.79 5927.81 6114.01 1.99 3.88 167.17 414.27
sdr_50_0 1 0.8065904951150853 0.7880176876617774 0.1934095048849147 0.21198231233822262 (naive) 1.0470914127423823 0.3470031545741325 339.7992 0:05:39 5792.25 123479.18 5404.17 5521.56 1.99 3.57 193.52 744.37
icd_100_1 1 0.91027496382055 0.9100115740740741 0.08972503617945005 0.08998842592592593 (naive) 0.9976905311778291 0.7713498622589532 353.6912 0:05:53 7003.20 123600.18 6878.41 6885.24 1.99 3.80 204.50 768.84
rvp_50_0 1 0.6880920162381596 0.6807228915662651 0.31190798376184037 0.3192771084337349 (naive) 0.9924242424242424 0.18018018018018017 205.2464 0:03:25 5421.58 123600.41 5395.52 5401.75 1.99 3.35 176.77 405.57
hom_1000_0 1 0.9362524146812621 0.9308578745198464 0.06374758531873792 0.06914212548015364 (naive) 0.9591836734693877 0.6521739130434783 135.6523 0:02:15 5954.70 123600.27 5583.62 5760.39 1.99 4.59 104.50 189.68
sodcu_50_3 1 0.827733860342556 0.8215102974828375 0.17226613965744397 0.17848970251716245 (naive) 0.9881656804733728 0.5783132530120482 221.7834 0:03:41 5609.18 123536.39 5220.61 5342.05 1.99 4.04 164.33 451.71
myb_DNA-binding_100_2 1 0.9559118236472945 0.9445544554455445 0.044088176352705455 0.055445544554455495 (naive) 1.0 0.8035714285714286 150.1417 0:02:30 5411.57 123605.79 5022.69 5117.89 1.99 4.07 149.45 335.99
mmp_200_3 1 0.9541824295922656 0.9561920808761584 0.045817570407734376 0.04380791912384163 (naive) 1.011111111111111 0.8520710059171598 235.2802 0:03:55 6452.35 123536.33 6063.35 6158.49 1.99 4.63 187.16 489.33
hom_50_3 1 0.8164842240824212 0.8035487959442332 0.18351577591757884 0.19645120405576677 (naive) 0.8877551020408163 0.2463768115942029 170.6577 0:02:50 5325.11 123671.09 5299.30 5305.49 1.99 3.51 138.45 341.87
Acetyltransf_200_1 1 0.6633712308452793 0.6750503018108652 0.33662876915472073 0.3249496981891348 (naive) 1.0698689956331877 0.32275132275132273 178.8433 0:02:58 5931.66 123536.35 5544.48 5642.02 1.99 4.70 144.74 300.97
Rhodanese_100_2 1 0.8167028199566161 0.8014901543374136 0.1832971800433839 0.19850984566258645 (naive) 1.0138888888888888 0.5520833333333334 204.1782 0:03:24 5623.19 123537.79 5235.06 5420.32 1.99 3.85 173.63 437.17
GEL_20_3 1 0.6368159203980099 0.5998125585754451 0.36318407960199006 0.40018744142455487 (naive) 0.9466666666666667 0.363013698630137 273.8560 0:04:33 5361.03 123665.89 4972.62 5086.00 1.99 3.48 183.91 569.75
aldosered_20_3 1 0.9135350848021284 0.9054054054054054 0.08646491519787158 0.09459459459459463 (naive) 0.9792746113989638 0.68 508.0656 0:08:28 6112.27 123536.19 5724.46 5837.54 1.99 3.46 225.70 1218.79
myb_DNA-binding_20_3 1 0.7895791583166333 0.7991886409736308 0.21042084168336672 0.20081135902636915 (naive) 1.0327868852459017 0.5714285714285714 196.8646 0:03:16 5253.27 123601.77 5227.02 5233.30 1.99 3.49 150.60 375.10
egf_1000_3 1 0.8031648012350444 0.7915557246101179 0.1968351987649556 0.20844427538988208 (naive) 1.0140845070422535 0.36764705882352944 129.6844 0:02:09 6038.75 123539.35 5650.88 5836.18 1.98 4.91 93.95 200.23
hormone_rec_500_2 1 0.7464595705801736 0.7516099356025759 0.25354042941982635 0.24839006439742406 (naive) 1.0876623376623376 0.5124555160142349 212.0631 0:03:32 7349.10 123600.45 6960.45 7060.29 1.99 5.14 155.57 402.76
oxidored_q6_500_0 1 0.9531007751937984 0.9594225516972298 0.04689922480620157 0.040577448302770214 (naive) 1.0210526315789474 0.8872180451127819 198.6098 0:03:18 6610.31 123543.20 6222.53 6316.59 1.99 5.09 137.34 311.09
ghf5_200_0 1 0.6806475349521707 0.6702898550724637 0.3193524650478293 0.32971014492753625 (naive) 1.0212765957446808 0.3496143958868895 282.8049 0:04:42 7170.48 123597.82 7073.41 7080.23 1.99 4.51 165.43 527.95
gpdh_50_1 1 0.9210668394341863 0.9484100511452079 0.07893316056581368 0.05158994885479207 (naive) 1.075 0.8044692737430168 355.7779 0:05:55 5857.32 123607.20 5469.51 5597.14 1.99 4.14 214.10 833.76
ace_200_2 1 0.8143504934649239 0.8425555402235407 0.18564950653507606 0.15744445977645927 (naive) 1.0783333333333334 0.5882352941176471 437.8748 0:07:17 7872.76 123607.28 7484.00 7610.84 1.99 5.49 183.37 843.69
hom_500_2 1 0.9298132646490663 0.9274245343609505 0.07018673535093367 0.07257546563904949 (naive) 0.9591836734693877 0.6521739130434783 132.7991 0:02:12 5924.95 123671.29 5537.10 5636.69 1.99 4.16 131.23 205.97
il8_200_3 1 0.939248375247245 0.9282323373359397 0.060751624752754974 0.07176766266406032 (naive) 0.9629629629629629 0.7272727272727273 135.1658 0:02:15 5500.93 123538.05 5113.04 5298.24 1.99 3.80 112.17 238.26
flav_500_1 1 0.8366711170449488 0.842671447781264 0.1633288829550512 0.15732855221873598 (naive) 1.0273224043715847 0.5828571428571429 173.4156 0:02:53 6835.79 123543.37 6446.45 6541.48 1.99 4.61 168.77 376.28
il8_100_1 1 0.929641141565414 0.9226023555804823 0.070358858434586 0.07739764441951769 (naive) 0.9876543209876543 0.6623376623376623 148.8014 0:02:28 5424.04 123607.37 5035.90 5221.16 1.99 3.64 169.80 323.00
LIM_200_0 1 0.9790322580645161 0.9790322580645161 0.020967741935483897 0.020967741935483897 (naive) 1.0 0.8902439024390244 133.3847 0:02:13 5510.62 123536.32 5122.86 5258.57 1.99 3.85 119.64 234.80
aldosered_200_2 1 0.9112071832391088 0.9234917425008426 0.08879281676089124 0.07650825749915735 (naive) 1.0207253886010363 0.7169230769230769 262.3923 0:04:22 6999.66 123469.66 6612.32 6707.68 1.99 5.14 191.88 573.49
mmp_1000_3 1 0.9604875998318622 0.9686307757524375 0.03951240016813784 0.0313692242475625 (naive) 1.0333333333333334 0.8757396449704142 251.6516 0:04:11 7535.16 123671.47 7214.57 7365.86 1.98 5.97 153.45 444.53
DMRL_synthase_500_1 1 0.931740614334471 0.9075797872340425 0.06825938566552903 0.09242021276595747 (naive) 0.9615384615384616 0.7396449704142012 169.0289 0:02:49 6659.01 123600.45 6270.68 6370.45 1.99 5.07 114.70 265.75
cyclo_200_0 1 0.8779264214046822 0.8857022353437368 0.12207357859531776 0.11429776465626318 (naive) 1.0344827586206897 0.6984126984126984 212.8490 0:03:32 6449.58 123536.28 6061.32 6185.85 1.99 3.91 170.45 438.25
cytb_100_3 1 0.8834304746044963 0.8856427378964942 0.11656952539550369 0.11435726210350583 (naive) 1.0 0.7065217391304348 185.7861 0:03:05 5579.41 123664.31 5191.39 5285.46 1.99 4.09 173.60 403.24
cytb_20_3 1 0.7560366361365529 0.7734241908006815 0.24396336386344708 0.22657580919931852 (naive) 1.05 0.43478260869565216 266.4991 0:04:26 5375.21 123607.14 4986.25 5081.56 1.99 3.50 191.21 614.48
cytb_200_0 1 0.8642797668609492 0.865 0.1357202331390508 0.135 (naive) 1.0 0.6195652173913043 158.5375 0:02:38 5836.87 123600.52 5449.68 5545.01 1.99 4.43 134.70 303.82
Acetyltransf_100_0 1 0.6668314384577361 0.6442215854823304 0.33316856154226393 0.35577841451766956 (naive) 0.9606986899563319 0.25396825396825395 195.7174 0:03:15 5639.07 123665.98 5251.02 5436.27 1.99 3.66 144.89 385.31
hr_1000_3 1 1.0 1.0 0.0 0.0 (naive) 1.0 1.0 142.6746 0:02:22 5610.28 123607.26 5223.04 5317.26 1.99 4.87 150.57 237.72
GEL_200_1 1 0.7064676616915423 0.7043650793650794 0.2935323383084577 0.2956349206349206 (naive) 1.0266666666666666 0.3561643835616438 153.6978 0:02:33 5722.49 123472.31 5334.14 5429.00 1.99 4.27 137.73 286.78
rvp_1000_0 1 0.7185385656292287 0.7161159811193527 0.2814614343707713 0.2838840188806473 (naive) 1.0454545454545454 0.34234234234234234 150.0250 0:02:30 6587.68 123666.02 6199.62 6293.74 1.99 4.71 150.63 304.59
flav_50_1 1 0.7819314641744548 0.7864816472694718 0.2180685358255452 0.21351835273052822 (naive) 1.0218579234972678 0.44 239.6539 0:03:59 5611.29 123536.16 5222.38 5316.60 1.99 3.61 186.93 529.99
subt_20_3 1 0.4349267753523073 0.4522663601752748 0.5650732246476927 0.5477336398247252 (naive) 1.1328502415458936 0.0 637.4344 0:10:37 6024.67 123671.15 5636.94 5822.42 1.99 3.55 231.25 1544.33
KAS_1000_0 1 0.5753510794382729 0.8656575212866604 0.4246489205617271 0.1343424787133396 (naive) 1.566831683168317 0.2925 255.1565 0:04:15 7712.38 123543.32 7686.77 7692.92 1.99 5.35 165.30 465.15
Acetyltransf_1000_0 1 0.7483934750370737 0.7299903567984571 0.25160652496292635 0.27000964320154286 (naive) 0.9956331877729258 0.37566137566137564 177.2407 0:02:57 7191.73 123609.97 6802.77 6988.30 1.96 5.66 147.79 318.86
LIM_50_2 1 0.9241935483870968 0.9332247557003257 0.07580645161290323 0.0667752442996743 (naive) 1.0116279069767442 0.8048780487804879 175.5733 0:02:55 5333.84 123601.96 4945.30 5039.60 1.99 3.62 169.10 404.40
Ald_Xan_dh_2_100_2 1 0.8360871197897108 0.8442506398710778 0.16391288021028916 0.15574936012892215 (naive) 1.031638418079096 0.6165865384615384 286.3198 0:04:46 6003.30 123600.43 5615.69 5709.95 1.99 3.63 177.23 570.17
cytb_1000_3 1 0.86511240632806 0.8872758326216909 0.13488759367194003 0.11272416737830915 (naive) 1.05 0.6304347826086957 172.0695 0:02:52 7180.68 123604.56 6792.27 6891.86 1.98 5.49 252.84 471.64
phc_50_0 1 0.6331762488218662 0.8107651460294473 0.3668237511781338 0.18923485397055273 (naive) 1.905027932960894 0.0 243.1202 0:04:03 5497.77 123536.14 5109.39 5203.58 1.99 3.51 189.13 508.86
DEATH_1000_2 1 0.8621409921671018 0.8717001055966209 0.13785900783289817 0.12829989440337908 (naive) 1.0188679245283019 0.6451612903225806 167.7883 0:02:47 6754.87 123539.00 6366.26 6465.94 1.98 5.08 125.88 254.88
tRNA-synt_2b_50_2 1 0.5827190827190827 0.5431297709923664 0.4172809172809173 0.45687022900763363 (naive) 0.8629550321199143 0.30523255813953487 346.7602 0:05:46 5830.78 123536.33 5450.35 5632.98 1.99 3.43 192.35 761.03
Rhodanese_1000_0 1 0.7391540130151844 0.721927966101695 0.26084598698481565 0.27807203389830504 (naive) 0.9907407407407407 0.46875 167.1813 0:02:47 7042.56 123607.40 6654.33 6839.61 1.98 5.31 120.86 242.18
ltn_1000_3 1 0.9380861764306103 0.9409639375553889 0.06191382356938968 0.059036062444611126 (naive) 1.0391459074733096 0.7075098814229249 277.8279 0:04:37 6841.04 123604.75 6452.94 6552.63 1.98 6.91 162.73 513.08
rub_100_2 1 0.9918367346938776 0.9918367346938776 0.008163265306122436 0.008163265306122436 (naive) 1.0 0.9629629629629629 142.2703 0:02:22 5310.85 123601.76 5279.59 5286.16 1.99 3.64 163.29 316.90
serpin_200_0 1 0.9560308972073678 0.9488893257322587 0.04396910279263222 0.051110674267741296 (naive) 0.9976019184652278 0.8341708542713567 296.3610 0:04:56 7572.32 123607.23 7546.79 7553.16 1.99 4.45 180.62 622.23
icd_50_1 1 0.9056439942112879 0.9095930232558139 0.09435600578871206 0.09040697674418607 (naive) 1.0069284064665127 0.7796143250688705 431.3096 0:07:11 6638.73 123665.88 6293.68 6444.83 1.99 3.57 204.27 964.33
hom_50_2 1 0.9581455247907277 0.9507987220447285 0.041854475209272324 0.049201277955271516 (naive) 0.9591836734693877 0.6956521739130435 167.3129 0:02:47 5336.02 123665.82 4947.65 5041.84 1.99 3.93 155.64 334.66
sodfe_100_3 1 0.8993225442228077 0.8899441340782123 0.10067745577719234 0.11005586592178773 (naive) 0.9908675799086758 0.6411483253588517 200.7765 0:03:20 5612.79 123664.35 5233.80 5326.30 1.99 3.62 144.23 372.27
hpr_50_0 1 0.972027972027972 0.9765807962529274 0.027972027972028024 0.023419203747072626 (naive) 1.0112359550561798 0.9204545454545454 183.3659 0:03:03 5379.94 123600.35 4991.36 5085.72 1.99 4.16 161.19 369.67
Rhodanese_500_3 1 0.806941431670282 0.794447410571276 0.19305856832971802 0.205552589428724 (naive) 1.0185185185185186 0.5677083333333334 169.3567 0:02:49 6575.19 123540.67 6186.96 6312.34 1.98 5.29 116.41 271.08
KAS_1000_2 1 0.7897715363655418 0.8028979330918389 0.21022846363445824 0.19710206690816112 (naive) 1.0198019801980198 0.5625 279.1208 0:04:39 7523.74 123602.35 7135.20 7229.36 1.99 5.93 159.12 496.86
Acetyltransf_20_3 1 0.5872466633712309 0.5638348362600855 0.4127533366287691 0.43616516373991454 (naive) 0.9213973799126638 0.1693121693121693 332.9056 0:05:32 5409.17 123473.82 5029.95 5162.07 1.99 3.52 196.60 755.50
ghf5_1000_1 1 0.6843267108167771 0.6866847157272951 0.3156732891832229 0.31331528427270494 (naive) 1.0382978723404255 0.37275064267352187 409.3074 0:06:49 7663.34 123481.90 7274.62 7371.33 1.98 7.36 174.72 765.39
KAS_500_0 1 0.5787046740725215 0.7899856938483548 0.42129532592747854 0.21001430615164518 (naive) 1.4257425742574257 0.3325 240.9290 0:04:00 7388.88 123543.46 7001.18 7096.31 1.99 4.62 165.12 483.98
KAS_20_2 1 0.5650806958708866 0.7111580058032182 0.4349193041291134 0.2888419941967818 (naive) 1.3242574257425743 0.265 567.4130 0:09:27 5822.04 123607.27 5435.27 5562.69 1.99 4.01 224.06 1382.58
hr_1000_1 1 1.0 1.0 0.0 0.0 (naive) 1.0 1.0 142.2372 0:02:22 5714.79 123601.49 5327.88 5453.00 1.99 5.38 145.83 275.13
blm_20_0 1 0.8548364648573417 0.8659241505709855 0.14516353514265834 0.13407584942901452 (naive) 1.051094890510949 0.6779026217228464 543.7111 0:09:03 5975.08 123665.76 5587.27 5687.22 1.99 4.02 217.99 1256.49
rub_100_1 1 0.9755102040816327 0.9755102040816327 0.024489795918367308 0.024489795918367308 (naive) 1.0 0.8888888888888888 141.3825 0:02:21 5323.70 123536.30 4935.48 5030.73 1.99 3.90 149.18 263.25
rhv_20_2 1 0.2856462520240023 0.3535305905929506 0.7143537479759977 0.6464694094070493 (naive) 1.2585470085470085 0.01557285873192436 887.8031 0:14:47 6015.32 123538.02 5974.32 5981.15 1.99 3.52 224.89 2089.46
ghf13_20_1 1 0.30159681726524606 0.3769241247786405 0.6984031827347539 0.6230758752213594 (naive) 1.340255591054313 0.01697792869269949 705.9145 0:11:45 6559.20 123600.16 6171.05 6296.44 1.99 3.89 219.99 1634.06
ltn_500_0 1 0.9422318879978252 0.9391045180518864 0.0577681120021748 0.06089548194811356 (naive) 1.00711743772242 0.7351778656126482 248.7233 0:04:08 6671.57 123602.77 6282.98 6377.23 1.99 4.88 172.29 476.95
OTCace_1000_2 1 0.9644518272425249 0.9657351962741184 0.03554817275747513 0.03426480372588159 (naive) 1.002857142857143 0.8931750741839762 294.2819 0:04:54 7623.68 123602.07 7235.57 7329.80 1.99 5.82 167.75 527.62
sdr_20_1 1 0.6954241872274659 0.6862574214281824 0.3045758127725341 0.31374257857181764 (naive) 1.03601108033241 0.3312302839116719 439.7281 0:07:19 5831.75 123537.94 5443.27 5568.74 1.99 3.43 203.89 989.80
blmb_500_3 1 0.7395697522816167 0.7707201086956522 0.2604302477183833 0.22927989130434778 (naive) 1.0232558139534884 0.4254545454545455 220.1789 0:03:40 7365.09 123540.62 6976.15 7071.14 1.98 5.18 152.61 387.30
ldh_50_0 1 0.8422804066408249 0.839884772462077 0.15771959335917507 0.16011522753792296 (naive) 1.0215633423180592 0.4810810810810811 357.1941 0:05:57 5850.39 123607.31 5462.71 5588.17 1.99 4.15 213.02 835.99
sodcu_200_3 1 0.9044795783926218 0.9062706270627062 0.09552042160737817 0.09372937293729378 (naive) 1.0 0.7530120481927711 178.5091 0:02:58 6053.30 123600.17 5664.94 5790.44 1.99 4.25 168.56 398.43
cytb_1000_0 1 0.8900915903413822 0.8930659983291562 0.10990840965861781 0.10693400167084377 (naive) 1.03 0.6847826086956522 161.6024 0:02:41 7135.30 123609.89 7108.50 7114.81 1.98 5.49 129.62 241.67
OTCace_50_2 1 0.9338870431893688 0.9376250833889259 0.06611295681063123 0.06237491661107408 (naive) 1.0085714285714287 0.8160237388724035 356.6234 0:05:56 5879.89 123607.29 5492.23 5608.44 1.99 4.07 206.51 839.73
gpdh_200_0 1 0.9454702515927006 0.9498806682577565 0.054529748407299405 0.05011933174224348 (naive) 1.0194444444444444 0.835195530726257 213.3284 0:03:33 6364.73 123665.77 5977.32 6162.51 1.99 3.81 175.75 450.69
egf_500_0 1 0.7912003087610961 0.7797641688855078 0.20879969123890385 0.2202358311144922 (naive) 1.028169014084507 0.36764705882352944 122.8005 0:02:02 5856.54 123603.09 5468.44 5563.36 1.98 4.02 139.85 234.82
hpr_200_0 1 1.0 1.0 0.0 0.0 (naive) 1.0 1.0 142.0794 0:02:22 5597.08 123607.17 5208.67 5303.02 1.99 3.94 155.30 324.00
LIM_200_3 1 0.9370967741935484 0.9462540716612378 0.06290322580645158 0.05374592833876224 (naive) 1.0116279069767442 0.8170731707317073 138.8256 0:02:18 5529.62 123600.19 5141.68 5326.94 1.99 4.02 103.77 235.33
Rhodanese_100_3 1 0.7716919739696312 0.751716851558373 0.22830802603036882 0.24828314844162702 (naive) 1.0277777777777777 0.5260416666666666 206.8832 0:03:26 5631.10 123543.10 5242.81 5368.43 1.99 3.70 188.16 470.76
oxidored_q6_500_1 1 0.9608527131782946 0.9660950896336711 0.03914728682170543 0.03390491036632892 (naive) 1.0070175438596491 0.8947368421052632 187.9703 0:03:07 6890.70 123671.29 6502.02 6601.77 1.99 4.82 163.07 380.31
tgfb_200_2 1 0.8227848101265823 0.8567662565905096 0.17721518987341767 0.14323374340949035 (naive) 1.0932203389830508 0.29914529914529914 152.0191 0:02:32 5751.76 123537.89 5360.68 5454.52 1.99 4.14 156.94 307.46
adh_100_3 1 0.9210738255033557 0.9283008658008658 0.0789261744966443 0.0716991341991342 (naive) 1.0186666666666666 0.8373333333333334 255.8684 0:04:15 5875.56 123543.23 5487.44 5581.84 1.99 4.20 173.70 516.06
myb_DNA-binding_50_1 1 0.9158316633266533 0.9195171026156942 0.08416833667334667 0.08048289738430581 (naive) 1.0327868852459017 0.75 166.5145 0:02:46 5303.52 123600.17 4915.70 5040.25 1.99 3.52 130.48 303.97
peroxidase_100_3 1 0.7461290322580645 0.7676734152007966 0.2538709677419355 0.23232658479920343 (naive) 1.0574412532637076 0.4383954154727794 312.3366 0:05:12 6498.14 123536.20 6110.31 6209.56 1.99 4.24 193.19 692.62
rvp_1000_3 1 0.6907983761840325 0.6866173503698723 0.3092016238159675 0.31338264963012774 (naive) 1.0 0.35135135135135137 146.7135 0:02:26 6275.32 123603.04 6134.45 6228.76 1.99 4.62 162.46 337.75
LIM_1000_1 1 0.9725806451612903 0.9725806451612903 0.02741935483870972 0.02741935483870972 (naive) 1.0 0.8658536585365854 140.2466 0:02:20 5571.29 123602.96 5185.09 5279.17 1.98 4.96 153.35 246.57
asp_500_1 1 0.9013041378199967 0.9018849685838569 0.09869586218000326 0.09811503141614308 (naive) 1.0342105263157895 0.6684491978609626 391.5913 0:06:31 7476.93 123540.67 7089.43 7214.49 1.98 5.20 195.50 786.77
blm_100_1 1 0.8921363952679193 0.8977591036414566 0.10786360473208068 0.10224089635854339 (naive) 1.0218978102189782 0.7602996254681648 360.3652 0:06:00 6997.12 123538.12 6610.51 6737.31 1.99 3.80 202.10 828.26
ghf10_200_0 1 0.9039433771486349 0.9027263547627061 0.09605662285136507 0.09727364523729387 (naive) 1.0137362637362637 0.7585139318885449 278.6548 0:04:38 7058.44 123543.24 6670.59 6765.88 1.99 4.83 172.39 512.13
mmp_500_2 1 0.9449348465741908 0.9664660361134996 0.0550651534258092 0.03353396388650043 (naive) 1.05 0.8698224852071006 206.6000 0:03:26 7047.21 123600.33 6658.96 6753.11 1.99 5.36 154.65 399.54
ghf10_100_0 1 0.8877654196157735 0.8871673964297744 0.11223458038422651 0.11283260357022562 (naive) 1.0082417582417582 0.7430340557275542 321.4434 0:05:21 6544.19 123479.25 6155.75 6255.72 1.99 4.35 190.96 702.47
rvp_20_1 1 0.4884979702300406 0.4839142091152815 0.5115020297699594 0.5160857908847185 (naive) 0.9696969696969697 0.16216216216216217 252.7643 0:04:12 5381.41 123536.45 4992.72 5087.65 1.99 3.93 175.10 513.17
aadh_200_3 1 0.8617021276595744 0.862351611079706 0.13829787234042556 0.13764838892029396 (naive) 1.0092250922509225 0.5532879818594104 306.1021 0:05:06 7158.97 123543.27 6771.50 6871.03 1.99 4.71 186.91 662.69
hormone_rec_20_1 1 0.7670169026952947 0.7265253137170056 0.23298309730470534 0.27347468628299443 (naive) 0.987012987012987 0.5373665480427047 424.5779 0:07:04 5737.50 123536.18 5711.79 5717.96 1.99 3.52 210.88 965.03
rvp_100_3 1 0.6589986468200271 0.654130288784419 0.34100135317997293 0.34586971121558097 (naive) 1.0303030303030303 0.2072072072072072 171.9090 0:02:51 5545.21 123607.09 5156.99 5283.03 1.99 3.60 163.52 371.31
hla_100_2 1 1.0 1.0 0.0 0.0 (naive) 1.0 1.0 210.2386 0:03:30 5783.89 123536.45 5395.86 5581.04 1.99 3.55 179.51 463.36
proteasome_20_0 1 0.8177696498647464 0.7803672059625523 0.18223035013525357 0.21963279403744773 (naive) 0.9514563106796117 0.35517241379310344 408.1801 0:06:48 5749.96 123479.08 5361.55 5546.76 1.99 3.53 206.02 922.42
p450_1000_2 1 0.44622660908903966 0.7222259202556081 0.5537733909109603 0.27777407974439194 (naive) 1.615234375 0.05811623246492986 464.7480 0:07:44 8094.36 123603.13 7705.80 7800.66 1.97 7.52 177.01 854.62
Sulfotransfer_100_1 1 0.7319415448851775 0.7409129332206256 0.2680584551148225 0.25908706677937443 (naive) 0.973753280839895 0.42905405405405406 316.5527 0:05:16 6522.39 123537.97 6134.91 6320.18 1.99 3.78 185.52 687.38
lyase_1_500_2 1 0.8281481481481482 0.8281481481481482 0.1718518518518518 0.1718518518518518 (naive) 0.9980430528375733 0.6461232604373758 450.4645 0:07:30 7390.88 123602.92 7294.40 7301.37 1.99 5.00 187.89 924.25
blm_50_0 1 0.9116214335421016 0.9195563666994244 0.08837856645789843 0.08044363330057558 (naive) 1.0291970802919708 0.7191011235955056 397.4656 0:06:37 6307.13 123479.24 5919.27 6044.49 1.99 4.11 203.74 886.11
LIM_20_0 1 0.9741935483870968 0.9741935483870968 0.02580645161290318 0.02580645161290318 (naive) 1.0 0.8658536585365854 220.4761 0:03:40 5295.59 123602.03 4907.23 5032.75 1.99 4.01 161.81 458.83
sodcu_1000_1 1 0.9153491436100132 0.9183740912095175 0.08465085638998682 0.08162590879048248 (naive) 1.0118343195266273 0.7891566265060241 198.1536 0:03:18 7451.37 123601.95 7063.23 7158.68 1.99 5.51 130.66 290.42
int_1000_2 1 0.893652561247216 0.898153329602686 0.10634743875278396 0.10184667039731399 (naive) 1.0091324200913243 0.7178217821782178 228.9285 0:03:48 7175.38 123545.90 6786.34 6880.73 1.98 6.96 129.31 353.60
gluts_50_1 1 0.9162631578947369 0.9340093352647674 0.08373684210526311 0.06599066473523263 (naive) 1.0638297872340425 0.7339055793991416 271.0069 0:04:31 5592.32 123604.57 5204.69 5340.92 1.99 3.65 185.46 578.71
HMG_box_200_0 1 0.9730878186968839 0.9621848739495799 0.026912181303116123 0.037815126050420145 (naive) 1.0 0.8518518518518519 140.0591 0:02:20 5555.71 123602.00 5167.28 5261.42 1.99 3.93 122.87 224.00
Acetyltransf_100_2 1 0.680177953534355 0.6660212971926428 0.31982204646564505 0.3339787028073572 (naive) 0.9606986899563319 0.24338624338624337 207.5435 0:03:27 5643.95 123597.70 5255.74 5380.51 1.99 3.92 166.00 454.94
rvp_200_3 1 0.6671177266576455 0.6657663740715732 0.33288227334235454 0.33423362592842676 (naive) 1.0303030303030303 0.3153153153153153 148.8370 0:02:28 5772.65 123600.22 5385.18 5484.88 1.99 3.65 149.46 288.47
aldosered_1000_0 1 0.8829398071167276 0.8990856755841518 0.11706019288327241 0.10091432441584824 (naive) 1.0362694300518134 0.7076923076923077 354.4965 0:05:54 7486.63 123604.86 7098.59 7200.40 1.98 7.68 196.61 768.09
myb_DNA-binding_50_3 1 0.9398797595190381 0.9287128712871288 0.06012024048096187 0.07128712871287124 (naive) 1.0 0.7678571428571429 160.9321 0:02:40 5292.22 123604.68 4904.13 5022.15 1.99 4.07 127.95 324.71
int_1000_0 1 0.8769487750556793 0.8938706015891033 0.12305122494432075 0.10612939841089675 (naive) 1.0410958904109588 0.693069306930693 257.4028 0:04:17 7307.75 123545.91 6918.55 7013.07 1.98 6.16 152.50 448.06
peroxidase_100_2 1 0.7812903225806451 0.7780276260841632 0.21870967741935488 0.2219723739158368 (naive) 0.9843342036553525 0.5243553008595988 310.0396 0:05:10 6632.68 123537.96 6244.30 6338.67 1.99 4.46 190.65 673.80
tim_20_3 1 0.9645377239008504 0.9626218851570965 0.03546227609914965 0.03737811484290354 (naive) 1.0 0.8957528957528957 401.2528 0:06:41 5849.96 123543.25 5460.93 5564.08 1.99 3.47 203.05 895.67
HLH_50_2 1 0.9289176090468497 0.9289176090468497 0.07108239095315028 0.07108239095315028 (naive) 1.0 0.8571428571428571 168.7206 0:02:48 5332.61 123671.08 4944.43 5071.18 1.99 4.20 134.61 288.76
il8_50_1 1 0.8383724215880192 0.8374259102455546 0.16162757841198083 0.16257408975444543 (naive) 1.0 0.5324675324675324 163.4457 0:02:43 5341.39 123601.82 4952.88 5047.16 1.99 3.42 130.41 323.88
sodfe_200_2 1 0.8981934512608205 0.8878348214285714 0.10180654873917949 0.1121651785714286 (naive) 0.9954337899543378 0.6555023923444976 166.7791 0:02:46 5951.39 123665.79 5558.66 5652.82 1.99 4.25 135.89 308.99
proteasome_20_1 1 0.7835943155408237 0.7445876475273333 0.2164056844591763 0.2554123524726667 (naive) 0.9805825242718447 0.2655172413793103 394.4119 0:06:34 5772.14 123666.13 5383.52 5496.13 1.99 3.43 210.55 886.67
subt_200_0 1 0.7804642166344294 0.7869332033154559 0.21953578336557056 0.2130667966845441 (naive) 1.0531400966183575 0.34438775510204084 277.5682 0:04:37 7597.87 123671.29 7209.76 7394.88 1.99 4.81 174.92 518.07
KAS_200_3 1 0.5223223642842172 0.6994106090373281 0.4776776357157828 0.3005893909626719 (naive) 1.4579207920792079 0.29 256.9289 0:04:16 6872.62 123600.22 6485.23 6610.83 1.99 4.53 172.03 537.06
gluts_500_0 1 0.923578947368421 0.9219776178216781 0.07642105263157895 0.07802238217832191 (naive) 1.0 0.7167381974248928 183.1613 0:03:03 6619.29 123607.44 6231.29 6326.06 1.98 4.71 140.43 336.39
aadh_1000_2 1 0.8349651666352853 0.8678931402289852 0.1650348333647147 0.13210685977101477 (naive) 1.1254612546125462 0.46485260770975056 498.7055 0:08:18 7513.95 123604.69 7125.79 7220.20 1.99 6.53 185.18 982.35
ghf1_500_3 1 0.9347239705089013 0.9332136445242369 0.06527602949109867 0.06678635547576306 (naive) 1.01067615658363 0.7415506958250497 675.5878 0:11:15 7955.35 123607.35 7567.04 7743.55 1.99 5.74 204.37 1411.16
Acetyltransf_200_2 1 0.6702916460701928 0.6553890768487192 0.32970835392980724 0.34461092315128083 (naive) 0.982532751091703 0.3333333333333333 175.9830 0:02:55 5932.54 123472.34 5544.88 5674.40 1.99 4.58 169.50 381.84
sodfe_50_0 1 0.85265336846067 0.842663195090199 0.14734663153933003 0.15733680490980095 (naive) 0.9908675799086758 0.583732057416268 253.4319 0:04:13 5487.61 123609.91 5367.68 5373.20 1.99 3.43 177.63 512.38
phc_20_0 1 0.853440150801131 0.8574810606060606 0.146559849198869 0.14251893939393945 (naive) 1.0279329608938548 0.6201117318435754 312.6943 0:05:12 5521.30 123607.30 5132.28 5226.64 1.99 3.84 185.32 685.37
cah_1000_1 1 0.885146804835924 0.8920800696257616 0.114853195164076 0.10791993037423842 (naive) 1.028673835125448 0.6937269372693727 375.9989 0:06:15 6818.72 123546.05 6429.51 6526.98 1.98 6.82 178.67 702.29
kringle_1000_3 1 0.9477797513321492 0.9364689364689365 0.0522202486678508 0.06353106353106353 (naive) 1.01 0.8089887640449438 148.5374 0:02:28 6530.38 123546.16 6141.29 6235.67 1.99 5.82 131.22 258.91
ltn_500_3 1 0.9428435503602012 0.9451560158059681 0.05715644963979882 0.054843984194031914 (naive) 1.0320284697508897 0.7193675889328063 284.2816 0:04:44 6667.42 123540.69 6278.88 6379.66 1.99 5.05 176.17 524.26
cys_100_3 1 0.9226059270144502 0.91715868281697 0.07739407298554979 0.08284131718303 (naive) 1.017667844522968 0.6044776119402985 273.8944 0:04:33 6199.07 123600.39 5812.52 5997.43 1.99 3.71 188.89 635.75
rrm_500_1 1 0.8795459323102796 0.873243356059552 0.12045406768972045 0.12675664394044805 (naive) 1.019108280254777 0.24324324324324326 138.5197 0:02:18 6019.86 123482.11 5993.62 5999.88 1.98 4.43 100.56 204.45
blmb_200_0 1 0.7262059973924381 0.7604095563139932 0.2737940026075619 0.2395904436860068 (naive) 0.9912790697674418 0.4290909090909091 253.1156 0:04:13 6805.82 123537.76 6418.02 6517.82 1.99 4.42 178.05 508.70
Acetyltransf_50_1 1 0.6915472071181413 0.6706615532118888 0.3084527928818587 0.3293384467881112 (naive) 0.9781659388646288 0.30687830687830686 234.5864 0:03:54 5473.48 123601.85 5085.32 5179.46 1.99 4.19 197.61 532.31
subt_100_3 1 0.7931058303398729 0.793270227319837 0.20689416966012708 0.20672977268016302 (naive) 1.0603864734299517 0.35714285714285715 395.1279 0:06:35 6934.09 123540.75 6546.31 6653.19 1.99 4.19 197.80 866.83
biotin_lipoyl_1000_1 1 0.9207735495945103 0.9184816428126945 0.0792264504054897 0.08151835718730549 (naive) 1.0089285714285714 0.6705882352941176 141.7380 0:02:21 6167.25 123600.70 5778.84 5964.19 1.98 4.47 150.24 270.80
ldh_500_2 1 0.8931470781832809 0.8897956209697986 0.10685292181671913 0.11020437903020142 (naive) 1.0323450134770888 0.5837837837837838 194.0694 0:03:14 6824.02 123601.79 6436.09 6621.34 1.99 4.49 135.46 333.74
hr_500_3 1 1.0 1.0 0.0 0.0 (naive) 1.0 1.0 134.0365 0:02:14 5925.16 123479.35 5536.70 5630.96 1.99 4.05 107.86 223.50
sodfe_1000_1 1 0.9094843808806925 0.904717334331711 0.0905156191193075 0.09528266566828902 (naive) 1.0228310502283104 0.6746411483253588 164.3316 0:02:44 6905.32 123540.88 6516.11 6641.83 1.99 4.96 127.92 265.87
HMG_box_50_1 1 0.9617563739376771 0.9509803921568627 0.0382436260623229 0.0490196078431373 (naive) 1.0 0.8271604938271605 172.7649 0:02:52 5349.39 123537.96 4961.18 5057.64 1.99 3.51 172.48 365.97
hr_100_0 1 1.0 1.0 0.0 0.0 (naive) 1.0 1.0 151.9876 0:02:31 5396.43 123602.11 5007.90 5102.10 1.99 3.59 150.47 332.66
blm_500_3 1 0.9194154488517745 0.9248215035699286 0.08058455114822549 0.07517849643007135 (naive) 1.0218978102189782 0.7303370786516854 398.0767 0:06:38 7826.52 123603.16 7438.68 7533.48 1.98 5.95 186.32 814.70
ghf13_20_2 1 0.18720366232492233 0.21692453425955163 0.8127963376750776 0.7830754657404484 (naive) 1.3242811501597445 0.023769100169779286 711.5820 0:11:51 6662.54 123665.78 6635.23 6642.17 1.99 3.52 219.62 1645.10
hpr_20_2 1 1.0 1.0 0.0 0.0 (naive) 1.0 1.0 230.8147 0:03:50 5325.84 123536.29 4936.42 5030.50 1.99 3.88 143.64 434.98
gluts_100_2 1 0.9068947368421053 0.9099598648077736 0.09310526315789469 0.09004013519222642 (naive) 1.0212765957446808 0.6652360515021459 227.1768 0:03:47 5731.35 123671.18 5704.84 5711.19 1.99 3.70 163.93 454.34
hom_100_0 1 0.9620090148100451 0.9607717041800643 0.03799098518995492 0.0392282958199357 (naive) 0.9795918367346939 0.7246376811594203 152.0587 0:02:32 5387.44 123600.48 4998.89 5093.92 1.99 4.03 136.89 319.92
msb_500_2 1 0.8664122137404581 0.8736369467607441 0.13358778625954193 0.1263630532392559 (naive) 1.0126582278481013 0.6344827586206897 152.5691 0:02:32 6421.35 123539.02 6032.86 6218.13 1.98 4.71 139.82 283.62
ghf5_100_0 1 0.6698552857493255 0.6590250965250966 0.3301447142506745 0.34097490347490345 (naive) 1.0148936170212766 0.36503856041131105 323.4974 0:05:23 6702.34 123537.95 6314.94 6439.19 1.99 4.57 220.66 785.63
ghf1_100_0 1 0.9109872325121381 0.9111510791366907 0.08901276748786191 0.08884892086330931 (naive) 1.008896797153025 0.6998011928429424 424.9769 0:07:04 7643.87 123599.54 7264.70 7372.18 1.99 4.20 203.36 950.33
icd_100_2 1 0.912301013024602 0.9165455074149462 0.08769898697539802 0.08345449258505377 (naive) 1.0161662817551964 0.7713498622589532 353.2629 0:05:53 7068.55 123536.38 6681.33 6775.53 1.99 4.55 212.10 803.00
hormone_rec_20_3 1 0.6066697121973504 0.5758889852558543 0.39333028780264956 0.4241110147441457 (naive) 0.987012987012987 0.30604982206405695 433.1677 0:07:13 5754.25 123665.85 5366.66 5491.90 1.99 3.61 206.54 976.77
HLH_1000_1 1 0.9402261712439418 0.9432739059967585 0.05977382875605819 0.05672609400324147 (naive) 1.0217391304347827 0.8571428571428571 153.2725 0:02:33 6325.32 123540.62 6288.68 6294.94 1.99 4.71 277.57 521.88
int_100_2 1 0.9136971046770601 0.9121734296831573 0.08630289532293989 0.08782657031684271 (naive) 1.004566210045662 0.7970297029702971 225.6321 0:03:45 5878.64 123538.00 5490.95 5661.41 1.99 3.85 165.85 456.76
cytb_100_2 1 0.8884263114071607 0.8869492934330839 0.11157368859283934 0.11305070656691607 (naive) 1.0 0.6304347826086957 195.5823 0:03:15 5611.91 123671.21 5223.46 5321.78 1.99 4.21 159.42 404.38
sodcu_500_3 1 0.88866930171278 0.8951559389515594 0.11133069828721998 0.10484406104844057 (naive) 1.017751479289941 0.7168674698795181 169.8795 0:02:49 6807.50 123537.80 6780.98 6787.23 1.99 4.51 127.93 265.30
subt_20_2 1 0.5234871511467256 0.5415564925319802 0.4765128488532744 0.45844350746801976 (naive) 1.4009661835748792 0.002551020408163265 543.9362 0:09:03 6013.80 123607.25 5625.27 5719.55 1.99 4.04 211.14 1219.87
ghf5_200_2 1 0.695364238410596 0.6897810218978102 0.304635761589404 0.3102189781021898 (naive) 1.0170212765957447 0.38046272493573263 283.2157 0:04:43 7163.88 123474.92 6775.54 6960.97 1.99 4.62 167.79 520.70
DMRL_synthase_20_0 1 0.9276450511945392 0.9017916390179164 0.07235494880546078 0.09820836098208363 (naive) 0.9615384615384616 0.7455621301775148 302.3533 0:05:02 5490.53 123597.88 5102.00 5262.37 1.99 3.45 197.81 676.56
GEL_50_2 1 0.6517412935323383 0.6377799415774099 0.34825870646766166 0.3622200584225901 (naive) 0.9866666666666667 0.3424657534246575 201.5474 0:03:21 5431.12 123536.15 5082.95 5236.26 1.99 3.57 185.24 438.40
mmp_500_0 1 0.9445145018915511 0.9610778443113772 0.05548549810844894 0.038922155688622784 (naive) 1.0444444444444445 0.8461538461538461 244.9531 0:04:04 7188.32 123543.30 7161.29 7167.50 1.99 4.58 347.44 889.70
egf_100_1 1 0.744500192975685 0.7393637408968954 0.25549980702431496 0.2606362591031046 (naive) 1.0704225352112675 0.22058823529411764 139.6572 0:02:19 5324.30 123602.12 4936.47 5031.81 1.99 4.17 107.95 233.40
tgfb_50_1 1 0.820675105485232 0.8497160332022717 0.17932489451476796 0.15028396679772826 (naive) 1.0677966101694916 0.3076923076923077 197.5069 0:03:17 5447.95 123472.17 5059.92 5159.63 1.99 3.57 151.02 342.08
oxidored_q6_1000_0 1 0.9713178294573643 0.9754768392370572 0.028682170542635665 0.02452316076294281 (naive) 1.0105263157894737 0.9172932330827067 241.9797 0:04:01 6860.48 123599.46 6471.74 6566.02 1.99 5.58 168.03 485.79
il8_200_1 1 0.902232269002543 0.9047888920374043 0.09776773099745695 0.09521110796259569 (naive) 1.0123456790123457 0.6363636363636364 138.6484 0:02:18 5546.75 123603.20 5158.31 5258.15 1.99 4.46 99.59 213.37
asp_1000_2 1 0.9091128642730639 0.9097720132119552 0.09088713572693607 0.09022798678804478 (naive) 1.0078947368421052 0.7272727272727273 459.6659 0:07:39 7688.73 123546.10 7662.79 7669.17 1.98 6.97 179.16 873.98
ldh_20_3 1 0.7178380750383968 0.7150402506101337 0.2821619249616032 0.28495974938986635 (naive) 1.0619946091644206 0.23513513513513515 510.7744 0:08:30 6126.14 123667.30 5742.54 5921.95 1.99 3.33 212.41 1181.30
Sulfotransfer_100_3 1 0.7361169102296451 0.7385839966485128 0.2638830897703549 0.2614160033514872 (naive) 0.979002624671916 0.40878378378378377 303.8863 0:05:03 6412.74 123537.80 6025.72 6127.67 1.99 3.79 192.12 668.92
PDZ_50_2 1 0.858678955453149 0.8534351145038168 0.14132104454685102 0.14656488549618318 (naive) 0.990909090909091 0.6565656565656566 190.9175 0:03:10 5382.80 123601.98 4994.41 5088.67 1.99 3.95 151.77 359.57
kunitz_1000_3 1 0.975049504950495 0.975049504950495 0.024950495049504973 0.024950495049504973 (naive) 1.0 0.8833333333333333 136.8805 0:02:16 5596.52 123603.11 5209.54 5394.78 1.98 5.11 89.70 186.58
cytb_20_0 1 0.787676935886761 0.7996618765849535 0.21232306411323898 0.20033812341504653 (naive) 1.0 0.43478260869565216 249.3594 0:04:09 5344.91 123601.94 4957.20 5074.19 1.99 3.98 178.48 520.26
tim_100_2 1 0.9795549122489596 0.9784926802819447 0.02044508775104037 0.021507319718055307 (naive) 1.0038461538461538 0.9227799227799228 252.4602 0:04:12 6139.48 123601.89 5751.29 5869.39 1.99 4.20 177.76 519.81
rub_100_3 1 0.9673469387755103 0.9673469387755103 0.03265306122448974 0.03265306122448974 (naive) 1.0 0.8518518518518519 148.8413 0:02:28 5372.36 123600.22 4984.96 5109.99 1.99 3.69 151.38 322.97
GEL_1000_2 1 0.727363184079602 0.7083333333333334 0.272636815920398 0.29166666666666663 (naive) 0.9933333333333333 0.4520547945205479 160.5484 0:02:40 6731.21 123610.09 6341.93 6436.35 1.98 5.58 127.30 237.10
aat_500_0 1 0.8592997297614852 0.862441037735849 0.14070027023851484 0.13755896226415099 (naive) 1.0672268907563025 0.5942350332594235 371.7666 0:06:11 7716.18 123604.69 7338.40 7519.31 1.98 6.19 173.99 691.40
hpr_20_1 1 1.0 1.0 0.0 0.0 (naive) 1.0 1.0 237.8485 0:03:57 5324.34 123543.14 4936.06 5058.38 1.99 4.06 184.46 521.71
peroxidase_20_3 1 0.5996774193548388 0.6085106382978723 0.40032258064516124 0.39148936170212767 (naive) 1.0156657963446476 0.2148997134670487 537.4938 0:08:57 6121.77 123671.40 5733.45 5857.57 1.99 4.00 219.84 1250.49
rub_50_3 1 0.9755102040816327 0.9755102040816327 0.024489795918367308 0.024489795918367308 (naive) 1.0 0.8888888888888888 161.8696 0:02:41 5292.14 123543.20 4904.00 5033.27 1.99 4.09 140.37 317.87
aadh_200_1 1 0.8210318207493881 0.8491723466407011 0.17896817925061193 0.15082765335929893 (naive) 1.099630996309963 0.46258503401360546 307.7135 0:05:07 7356.52 123600.40 6969.55 7154.74 1.99 4.34 186.91 651.85
HLH_200_2 1 0.9305331179321487 0.9320388349514563 0.06946688206785134 0.06796116504854366 (naive) 1.0108695652173914 0.8571428571428571 140.3772 0:02:20 5561.91 123600.18 5179.73 5362.88 1.99 3.91 107.55 261.79
peroxidase_200_2 1 0.8 0.7994842037395229 0.19999999999999996 0.2005157962604771 (naive) 0.9869451697127938 0.5472779369627507 263.0385 0:04:23 6900.64 123665.91 6521.67 6621.83 1.99 5.20 227.03 675.65
biotin_lipoyl_200_3 1 0.9469744229569557 0.94875 0.053025577043044336 0.05125000000000002 (naive) 1.0089285714285714 0.8 145.1761 0:02:25 5580.69 123664.49 5190.30 5287.27 1.99 3.79 145.29 302.46
lyase_1_50_1 1 0.8518518518518519 0.8707723372034326 0.14814814814814814 0.1292276627965674 (naive) 1.060665362035225 0.6858846918489065 466.2989 0:07:46 6465.02 123604.80 6077.66 6172.06 1.99 4.03 204.38 1057.78
Sulfotransfer_1000_3 1 0.7390396659707724 0.7593307593307593 0.2609603340292276 0.24066924066924067 (naive) 1.036745406824147 0.4391891891891892 341.7125 0:05:41 7046.77 123539.08 7020.85 7027.68 1.98 7.05 166.16 615.45
cys_100_2 1 0.9007469997550821 0.8992603459869185 0.0992530002449179 0.10073965401308149 (naive) 1.03886925795053 0.6380597014925373 256.9758 0:04:16 6155.56 123601.94 5768.69 5956.17 1.99 3.88 175.11 495.01
blmb_1000_0 1 0.7092568448500652 0.7526807333102733 0.29074315514993476 0.2473192666897267 (naive) 1.063953488372093 0.44727272727272727 265.4039 0:04:25 7558.00 123604.57 7169.86 7265.06 1.98 6.97 246.09 698.40
flav_200_2 1 0.7810413885180241 0.7908968003605228 0.21895861148197593 0.2091031996394772 (naive) 1.0437158469945356 0.42857142857142855 194.8590 0:03:14 6186.39 123536.19 5798.43 5893.73 1.99 4.03 138.65 364.97
ghf13_200_3 1 0.6822715134339746 0.6682502402049749 0.31772848656602537 0.3317497597950251 (naive) 0.9776357827476039 0.28862478777589134 332.8600 0:05:32 7697.53 123536.18 7456.94 7528.71 1.99 4.38 189.14 702.87
hpr_200_3 1 0.986013986013986 0.986013986013986 0.013986013986013957 0.013986013986013957 (naive) 1.0 0.9659090909090909 143.3057 0:02:23 5664.98 123543.12 5276.70 5462.14 1.99 3.87 154.31 274.67
adh_200_0 1 0.9540939597315437 0.9613199891804165 0.04590604026845635 0.0386800108195835 (naive) 1.0213333333333334 0.8986666666666666 209.7806 0:03:29 6453.41 123536.20 6065.91 6160.05 1.99 4.57 182.70 436.62
hr_50_2 1 0.9971428571428571 1.0 0.0028571428571428914 0.0 (naive) 1.0121951219512195 0.9873417721518988 176.9258 0:02:56 5333.70 123603.05 4945.25 5040.19 1.99 4.09 163.38 348.33
hpr_20_3 1 1.0 1.0 0.0 0.0 (naive) 1.0 1.0 234.3510 0:03:54 5315.76 123543.16 4928.59 5113.36 1.99 3.44 184.41 475.42
egf_20_3 1 0.7259745272095716 0.7042306252339947 0.27402547279042844 0.2957693747660053 (naive) 1.0140845070422535 0.23529411764705882 200.4137 0:03:20 5253.15 123537.12 5226.56 5232.79 1.99 3.61 142.63 367.10
aat_20_0 1 0.5091646105040536 0.5405725690762802 0.4908353894959464 0.45942743092371985 (naive) 1.1554621848739495 0.008869179600886918 594.8518 0:09:54 6530.47 123607.21 6147.77 6271.51 1.99 4.16 218.24 1371.82
LIM_500_0 1 0.9467741935483871 0.9686468646864687 0.0532258064516129 0.031353135313531344 (naive) 1.0348837209302326 0.8414634146341463 130.8706 0:02:10 6066.61 123536.19 5678.42 5773.19 1.98 4.32 125.72 221.48
phc_200_1 1 0.7560791705937795 0.8882737238401063 0.2439208294062205 0.11172627615989372 (naive) 1.4692737430167597 0.2905027932960894 173.1899 0:02:53 5929.72 123729.92 5541.83 5638.28 1.99 3.87 187.34 439.35
ldh_100_3 1 0.8734367000658232 0.8607517388013982 0.1265632999341768 0.13924826119860179 (naive) 0.9811320754716981 0.5324324324324324 265.8763 0:04:25 5901.59 123600.36 5514.42 5636.47 1.99 3.60 206.24 600.37
mofe_500_0 1 0.8359375 0.8485587921305475 0.1640625 0.15144120786945248 (naive) 1.0410509031198687 0.6679245283018868 524.4984 0:08:44 8513.62 123671.12 8124.72 8224.67 1.99 5.20 184.00 1000.20
proteasome_1000_1 1 0.839295919533661 0.8201720093823299 0.160704080466339 0.17982799061767007 (naive) 1.0129449838187703 0.3586206896551724 256.3326 0:04:16 7153.63 123610.05 6764.61 6858.87 1.99 5.58 150.80 438.07
proteasome_50_3 1 0.8237131862689069 0.7953207769276045 0.17628681373109312 0.2046792230723955 (naive) 0.9935275080906149 0.30689655172413793 290.9455 0:04:50 5820.16 123537.96 5431.88 5526.05 1.99 4.09 182.38 621.27
asp_500_3 1 0.9113669296409596 0.9104507619928425 0.08863307035904044 0.08954923800715753 (naive) 1.0 0.7593582887700535 411.0064 0:06:51 7671.17 123604.62 7282.98 7380.18 1.98 5.61 174.29 777.52
cytb_200_1 1 0.8717735220649458 0.8688796680497926 0.12822647793505415 0.13112033195020745 (naive) 1.0 0.6521739130434783 165.2030 0:02:45 5932.48 123474.09 5544.59 5638.85 1.99 3.75 136.11 303.27
hom_1000_1 1 0.9684481648422408 0.9610223642172524 0.03155183515775917 0.0389776357827476 (naive) 0.9591836734693877 0.7681159420289855 136.9159 0:02:16 5971.47 123601.79 5575.94 5670.84 1.98 5.25 85.61 197.74
rrm_100_0 1 0.8485740312521898 0.8349996552437426 0.15142596874781022 0.16500034475625736 (naive) 0.9808917197452229 0.26126126126126126 160.9397 0:02:40 5474.54 123607.15 5085.68 5185.51 1.99 4.07 143.63 335.00
cyclo_20_1 1 0.7320234113712375 0.7403805496828753 0.2679765886287625 0.25961945031712474 (naive) 1.019704433497537 0.4126984126984127 325.8954 0:05:25 5570.53 123533.66 5181.15 5363.90 1.99 3.61 205.94 770.10
hpr_1000_2 1 0.993006993006993 0.993006993006993 0.006993006993006978 0.006993006993006978 (naive) 1.0 0.9772727272727273 146.6963 0:02:26 6557.28 123536.42 6168.59 6293.77 1.99 5.51 143.16 263.40
cytb_100_0 1 0.8542880932556203 0.8592964824120602 0.14571190674437973 0.14070351758793975 (naive) 1.0 0.6195652173913043 177.9343 0:02:57 5518.44 123601.76 5130.12 5315.41 1.99 3.79 164.74 386.16
hpr_500_0 1 0.993006993006993 0.993006993006993 0.006993006993006978 0.006993006993006978 (naive) 1.0 0.9772727272727273 143.5061 0:02:23 6079.58 123607.18 5682.59 5782.66 1.99 4.84 145.76 277.16
p450_200_1 1 0.7610528480361917 0.7694386694386695 0.23894715196380834 0.23056133056133055 (naive) 1.091796875 0.3967935871743487 303.9323 0:05:03 7826.77 123471.39 7438.50 7533.48 1.99 5.07 179.11 596.54
cah_200_3 1 0.8946459412780656 0.8973581637072325 0.10535405872193437 0.10264183629276746 (naive) 1.014336917562724 0.7195571955719557 225.0108 0:03:45 6722.92 123665.89 6334.59 6454.54 1.99 4.06 172.06 461.77
sodfe_20_2 1 0.8663906661648476 0.8649257937253428 0.1336093338351524 0.13507420627465716 (naive) 1.0365296803652968 0.6172248803827751 353.5328 0:05:53 5457.64 123604.70 5069.56 5173.99 1.99 4.09 209.59 808.69
PDZ_1000_2 1 0.8940092165898618 0.9009287925696594 0.10599078341013823 0.09907120743034059 (naive) 1.0363636363636364 0.7676767676767676 162.0508 0:02:42 6728.45 123539.27 6339.98 6434.17 1.97 5.51 121.22 231.66
OTCace_50_3 1 0.8973421926910299 0.9259513198491601 0.10265780730897012 0.07404868015083987 (naive) 1.0685714285714285 0.7181008902077152 353.4149 0:05:53 5763.75 123600.26 5376.13 5501.21 1.99 3.79 206.11 806.64
int_500_3 1 0.8953229398663697 0.8963210702341137 0.10467706013363032 0.10367892976588633 (naive) 1.0091324200913243 0.7227722772277227 202.8345 0:03:22 6963.49 123610.05 6574.70 6700.23 1.98 5.43 196.00 431.63
PDZ_50_1 1 0.858678955453149 0.854087089381207 0.14132104454685102 0.14591291061879297 (naive) 0.990909090909091 0.6464646464646465 189.1165 0:03:09 5404.29 123664.50 5016.46 5111.26 1.99 3.58 151.69 360.51
tgfb_200_1 1 0.8447257383966245 0.8788410886742757 0.15527426160337554 0.12115891132572432 (naive) 1.0847457627118644 0.37606837606837606 147.9663 0:02:27 5745.84 123602.09 5358.39 5458.20 1.99 3.59 159.55 315.23
cryst_1000_0 1 0.9273806159932184 0.9284299858557284 0.07261938400678158 0.07157001414427155 (naive) 1.015625 0.7237569060773481 164.8628 0:02:44 6716.17 123608.18 6344.60 6463.50 1.99 4.84 144.76 271.04
KAS_100_1 1 0.4619576608677426 0.6405114792211566 0.5380423391322574 0.3594885207788434 (naive) 1.4504950495049505 0.1325 308.2290 0:05:08 6477.38 123601.75 6090.14 6184.50 1.99 4.15 193.43 688.46
rrm_20_0 1 0.77850185691262 0.7581030365063118 0.22149814308738003 0.24189696349368817 (naive) 0.9235668789808917 0.17117117117117117 235.8627 0:03:55 5344.44 123539.02 4955.82 5050.00 1.99 3.51 199.25 540.23
icd_50_3 1 0.8946454413892909 0.8925786889979787 0.10535455861070908 0.10742131100202135 (naive) 1.0 0.7272727272727273 429.4571 0:07:09 6658.85 123600.30 6632.70 6638.93 1.99 3.64 205.71 981.21
tgfb_500_3 1 0.8725738396624473 0.9074155331285652 0.12742616033755272 0.09258446687143485 (naive) 1.0677966101694916 0.5042735042735043 141.5106 0:02:21 6098.01 123537.78 5702.69 5803.74 1.99 4.95 154.05 270.26
Sulfotransfer_500_1 1 0.7574112734864301 0.7634680134680135 0.24258872651356989 0.23653198653198648 (naive) 0.994750656167979 0.46959459459459457 331.0229 0:05:31 6883.23 123546.00 6495.54 6621.16 1.98 6.03 181.15 644.66
Sulfotransfer_500_3 1 0.746972860125261 0.7590156979210861 0.253027139874739 0.24098430207891386 (naive) 1.0131233595800524 0.42567567567567566 326.1187 0:05:26 7134.42 123604.61 7109.19 7116.04 1.98 5.54 213.81 738.29
aat_1000_1 1 0.8701092703560098 0.8684766037293303 0.12989072964399018 0.13152339627066967 (naive) 1.0609243697478992 0.5764966740576497 459.4695 0:07:39 8009.64 123538.99 7622.01 7748.62 1.98 7.49 173.81 862.28
asp_500_0 1 0.905570761552085 0.9048423423423423 0.09442923844791495 0.09515765765765771 (naive) 1.0 0.7272727272727273 444.8114 0:07:24 7946.83 123539.09 7559.18 7744.19 1.98 5.44 213.95 994.80
gpdh_500_0 1 0.956268221574344 0.9573019133066696 0.04373177842565601 0.04269808669333042 (naive) 1.0055555555555555 0.8715083798882681 199.2095 0:03:19 6810.92 123544.21 6422.86 6517.23 1.99 4.50 140.58 343.38
ghf5_1000_2 1 0.6740250183958794 0.6712261846604788 0.32597498160412064 0.3287738153395212 (naive) 1.0319148936170213 0.37017994858611825 422.4894 0:07:02 7701.36 123545.88 7312.61 7407.04 1.98 6.51 195.21 865.93
proteasome_1000_2 1 0.8417342934430602 0.8242734022310936 0.15826570655693983 0.17572659776890642 (naive) 1.022653721682848 0.38275862068965516 261.4604 0:04:21 7120.43 123545.98 7019.33 7026.23 1.99 6.18 183.22 532.77
hormone_rec_100_0 1 0.7610781178620375 0.7555555555555555 0.2389218821379625 0.24444444444444446 (naive) 1.0487012987012987 0.5124555160142349 262.4229 0:04:22 6071.00 123607.88 5683.23 5868.41 1.99 3.75 192.51 583.56
adh_200_3 1 0.9753020134228187 0.9774011299435028 0.024697986577181252 0.02259887005649719 (naive) 1.008 0.936 212.5452 0:03:32 6403.38 123601.91 6016.25 6110.34 1.99 3.98 168.99 456.22
hom_20_0 1 0.8061815840309079 0.7929069031032299 0.1938184159690921 0.20709309689677013 (naive) 0.9081632653061225 0.2753623188405797 222.8103 0:03:42 5278.34 123607.19 4889.74 4984.49 1.99 3.91 154.56 407.61
HLH_20_3 1 0.9337641357027464 0.9352750809061489 0.06623586429725359 0.06472491909385114 (naive) 1.0108695652173914 0.8571428571428571 227.3260 0:03:47 5302.96 123671.12 4914.55 5099.83 1.99 3.44 156.32 429.94
kringle_500_1 1 0.9030195381882771 0.8944405348346235 0.09698046181172293 0.10555946516537651 (naive) 1.03 0.7191011235955056 136.2650 0:02:16 5987.03 123600.38 5598.71 5695.29 1.99 4.96 108.22 194.13
ghf1_50_3 1 0.9177306239884913 0.9144418562981544 0.08226937601150874 0.08555814370184556 (naive) 1.001779359430605 0.7236580516898609 487.9426 0:08:07 7169.20 123537.99 6780.19 6881.63 1.99 3.70 213.42 1116.25
aadh_20_1 1 0.7154961400866127 0.7612942001402384 0.28450385991338734 0.2387057998597616 (naive) 1.1236162361623616 0.3786848072562358 699.2489 0:11:39 6109.04 123601.88 5723.41 5849.81 1.99 3.59 228.33 1686.27
aat_50_0 1 0.8462577840441782 0.8413152669080715 0.15374221595582183 0.15868473309192854 (naive) 1.0273109243697478 0.541019955654102 442.4768 0:07:22 6673.02 123537.95 6285.64 6470.99 1.99 3.75 212.72 1031.75
sodfe_1000_2 1 0.9132480240873165 0.9037243947858473 0.08675197591268347 0.09627560521415268 (naive) 0.9954337899543378 0.6555023923444976 165.7823 0:02:45 7002.55 123602.14 6598.84 6724.29 1.99 5.18 122.08 261.04
rhv_50_1 1 0.45718639870463856 0.511781639833671 0.5428136012953615 0.488218360166329 (naive) 1.3098290598290598 0.19577308120133483 450.9447 0:07:30 6110.26 123607.09 5720.94 5817.00 1.99 3.53 213.52 1051.17
ghf13_1000_3 1 0.6473922284593165 0.6464761904761904 0.35260777154068346 0.3535238095238096 (naive) 1.011182108626198 0.27843803056027167 578.6590 0:09:38 7820.45 123546.04 7432.52 7527.44 1.98 6.77 209.70 1255.49
Sulfotransfer_50_1 1 0.6789144050104384 0.6840555321834245 0.3210855949895616 0.3159444678165755 (naive) 0.9921259842519685 0.3952702702702703 388.4468 0:06:28 6233.27 123607.57 5844.75 5939.94 1.99 3.82 210.83 904.61
tgfb_50_0 1 0.7780590717299578 0.8055919615552644 0.2219409282700422 0.19440803844473564 (naive) 1.076271186440678 0.3162393162393162 198.4890 0:03:18 5453.04 123543.30 5064.46 5249.71 1.99 3.39 146.25 387.71
KAS_1000_1 1 0.8671138126178998 0.8667504714016342 0.13288618738210023 0.1332495285983658 (naive) 0.9975247524752475 0.6925 249.1916 0:04:09 7689.03 123536.54 7301.20 7396.19 1.99 6.29 146.99 420.94
ghf1_200_0 1 0.9196187736018702 0.9195360963768767 0.08038122639812983 0.08046390362312328 (naive) 1.0160142348754448 0.7137176938369781 498.5850 0:08:18 7983.20 123543.57 7594.93 7780.20 1.99 4.66 195.18 1064.28
HMG_box_100_2 1 0.9645892351274787 0.9537815126050421 0.03541076487252126 0.04621848739495793 (naive) 1.0 0.8148148148148148 150.8337 0:02:30 5422.96 123607.92 5034.04 5158.91 1.99 3.66 154.96 297.17
Ald_Xan_dh_2_20_2 1 0.6803417198648141 0.7450395805489873 0.31965828013518593 0.25496041945101267 (naive) 1.1581920903954803 0.453125 796.6500 0:13:16 5910.84 123664.30 5573.97 5726.57 1.99 3.45 221.92 1852.02
peroxidase_50_0 1 0.8264516129032258 0.8222079589216945 0.17354838709677423 0.17779204107830548 (naive) 0.9817232375979112 0.5071633237822349 393.1607 0:06:33 6270.86 123543.18 6245.05 6251.85 1.99 3.71 202.44 875.60
GEL_500_3 1 0.7313432835820896 0.7115198451113263 0.26865671641791045 0.28848015488867373 (naive) 0.9933333333333333 0.3972602739726027 146.6570 0:02:26 6289.14 123600.31 5900.79 6000.48 1.99 4.77 152.74 311.00
ghf5_20_3 1 0.31714495952906546 0.3022440392706872 0.6828550404709346 0.6977559607293128 (naive) 0.9638297872340426 0.08226221079691516 561.0630 0:09:21 6105.18 123472.50 5717.51 5846.24 1.99 3.47 211.18 1262.25
aadh_20_2 1 0.5135567689700621 0.6064480266814897 0.4864432310299379 0.39355197331851033 (naive) 1.2140221402214022 0.04081632653061224 659.9855 0:10:59 5986.39 123536.51 5604.20 5726.47 1.99 3.97 226.56 1577.25
egf_1000_1 1 0.7811655731377847 0.7689969604863222 0.21883442686221533 0.23100303951367784 (naive) 1.0 0.36764705882352944 137.1719 0:02:17 5515.85 123539.20 5128.44 5255.32 1.98 5.52 94.40 150.30
rub_20_1 1 0.9755102040816327 0.9755102040816327 0.024489795918367308 0.024489795918367308 (naive) 1.0 0.8888888888888888 195.1931 0:03:15 5250.32 123607.07 5223.86 5230.11 1.99 3.55 164.68 375.56
hpr_100_0 1 1.0 1.0 0.0 0.0 (naive) 1.0 1.0 154.6851 0:02:34 5458.55 123664.33 5109.71 5260.96 1.99 3.74 139.67 294.30
tgfb_100_0 1 0.8088607594936709 0.8378496503496503 0.19113924050632913 0.1621503496503497 (naive) 1.076271186440678 0.358974358974359 164.4134 0:02:44 5531.54 123601.91 5143.79 5328.86 1.99 3.70 143.84 326.51
ldh_200_0 1 0.8890148467783222 0.8801636436045038 0.11098515322167779 0.11983635639549617 (naive) 1.0 0.5621621621621622 216.0333 0:03:36 6403.03 123536.40 6015.46 6115.19 1.99 4.33 184.28 446.71
aadh_100_1 1 0.8361890416117492 0.8664520534581992 0.16381095838825077 0.1335479465418008 (naive) 1.121771217712177 0.4331065759637188 381.2972 0:06:21 6725.67 123607.33 6337.59 6431.88 1.99 3.70 188.96 805.88
blmb_20_0 1 0.40091264667535853 0.4024869109947644 0.5990873533246415 0.5975130890052356 (naive) 0.9418604651162791 0.09090909090909091 408.3376 0:06:48 5732.73 123607.08 5345.15 5470.54 1.99 3.43 200.64 897.49
tim_50_2 1 0.9585670345576262 0.9573545355981207 0.04143296544237385 0.04264546440187933 (naive) 1.0076923076923077 0.8648648648648649 316.4536 0:05:16 5985.24 123607.17 5597.20 5698.14 1.99 4.16 179.09 678.37
sodcu_20_0 1 0.466403162055336 0.45066836409929983 0.5335968379446641 0.5493316359007001 (naive) 0.9408284023668639 0.1746987951807229 294.1302 0:04:54 5489.34 123537.88 5100.66 5223.41 1.99 3.51 201.28 679.27
Sulfotransfer_500_0 1 0.7741127348643007 0.7829391891891891 0.22588726513569934 0.21706081081081086 (naive) 0.9868766404199475 0.4831081081081081 303.0689 0:05:03 7013.74 123539.18 6626.47 6720.58 1.98 5.97 176.03 586.92
tgfb_50_2 1 0.7738396624472574 0.8019239177962396 0.22616033755274256 0.19807608220376038 (naive) 1.0932203389830508 0.27350427350427353 191.6754 0:03:11 5436.63 123600.34 5047.86 5142.00 1.99 4.04 153.46 413.06
cys_1000_3 1 0.9281165809453833 0.9265847545693502 0.0718834190546167 0.07341524543064981 (naive) 1.0212014134275618 0.6268656716417911 241.8661 0:04:01 7533.61 123546.00 7144.79 7244.83 1.98 6.68 155.50 405.73
ghf10_200_3 1 0.9140546006066734 0.9128239649949512 0.08594539939332657 0.08717603500504878 (naive) 1.010989010989011 0.7832817337461301 250.7226 0:04:10 6872.22 123601.92 6484.74 6612.57 1.99 4.91 170.63 475.72
cys_500_0 1 0.9192383051677688 0.9205346741063216 0.08076169483223117 0.07946532589367838 (naive) 1.0459363957597174 0.667910447761194 234.4191 0:03:54 7638.09 123674.00 7250.41 7435.66 1.99 5.20 197.04 522.47
asp_50_3 1 0.9038802125261632 0.901195922626214 0.09611978747383676 0.09880407737378605 (naive) 1.0026315789473683 0.6711229946524064 428.7498 0:07:08 6552.88 123536.39 6164.50 6349.97 1.99 3.69 199.06 928.97
serpin_100_2 1 0.9544464250346604 0.9518072289156626 0.04555357496533963 0.048192771084337394 (naive) 1.0191846522781776 0.8165829145728644 367.1497 0:06:07 7124.07 123601.94 7023.68 7030.49 1.99 3.96 188.25 765.72
hpr_50_1 1 1.0 1.0 0.0 0.0 (naive) 1.0 1.0 176.8071 0:02:56 5377.77 123473.82 5351.34 5357.54 1.99 3.33 175.37 389.78
msb_50_1 1 0.912531806615776 0.8971232020012507 0.08746819338422396 0.10287679799874927 (naive) 1.0 0.6275862068965518 222.2274 0:03:42 5519.56 123607.32 5453.46 5460.41 1.99 3.68 159.62 456.89
cryst_500_0 1 0.9256852218140718 0.9238578680203046 0.07431477818592824 0.07614213197969544 (naive) 1.0104166666666667 0.7348066298342542 152.8152 0:02:32 6727.14 123601.89 6339.24 6433.29 1.99 4.41 145.26 268.91
DMRL_synthase_200_0 1 0.9310580204778157 0.9057104913678619 0.06894197952218428 0.09428950863213814 (naive) 0.967032967032967 0.757396449704142 175.7642 0:02:55 6134.70 123663.34 5746.66 5841.55 1.99 4.41 171.56 376.31
cytb_1000_2 1 0.8825978351373855 0.8885163453478625 0.11740216486261446 0.1114836546521375 (naive) 1.03 0.6630434782608695 165.2387 0:02:45 7038.22 123543.59 6649.24 6774.73 1.98 5.56 117.34 239.28
hla_200_3 1 1.0 1.0 0.0 0.0 (naive) 1.0 1.0 182.2149 0:03:02 6230.70 123607.26 6204.46 6210.65 1.99 3.79 173.33 387.18
blmb_1000_1 1 0.7014341590612777 0.7407917383820998 0.2985658409387223 0.2592082616179002 (naive) 1.0988372093023255 0.4254545454545455 289.4942 0:04:49 7752.29 123539.04 7470.30 7583.75 1.97 6.42 158.88 487.51
uce_200_0 1 0.9021120293847567 0.8929285584439193 0.09788797061524335 0.10707144155608073 (naive) 0.9945652173913043 0.4578313253012048 175.8395 0:02:55 6036.32 123537.76 5649.05 5743.17 1.99 4.39 163.28 399.71
PDZ_20_3 1 0.7649769585253456 0.7579908675799086 0.23502304147465436 0.24200913242009137 (naive) 0.990909090909091 0.5555555555555556 254.1085 0:04:14 5341.14 123607.30 4952.77 5047.05 1.99 3.96 171.88 502.83
serpin_500_0 1 0.9614775203010497 0.9560807483998031 0.038522479698950285 0.04391925160019694 (naive) 1.0095923261390887 0.8492462311557789 389.3671 0:06:29 8023.59 123663.29 7635.23 7730.15 1.98 5.19 191.08 789.36
biotin_lipoyl_100_0 1 0.8733624454148472 0.8766437069505323 0.1266375545851528 0.12335629304946771 (naive) 1.0178571428571428 0.6235294117647059 161.8704 0:02:41 5513.96 123604.61 5123.75 5223.67 1.99 4.30 131.97 306.34
phc_500_2 1 0.7832233741753063 0.9122845537380613 0.2167766258246937 0.08771544626193872 (naive) 1.4636871508379887 0.29608938547486036 163.3238 0:02:43 6754.96 123601.89 6366.90 6552.01 1.99 4.29 127.82 292.10
kringle_100_1 1 0.9449378330373002 0.936290038718761 0.05506216696269983 0.06370996128123896 (naive) 1.03 0.8089887640449438 159.2923 0:02:39 5444.53 123539.03 5056.13 5155.79 1.99 3.61 151.10 331.71
Sulfotransfer_1000_2 1 0.732776617954071 0.7496796240922683 0.267223382045929 0.2503203759077317 (naive) 1.0078740157480315 0.4155405405405405 348.7246 0:05:48 7206.27 123673.93 6818.48 6912.74 1.98 6.64 168.03 605.08
egf_100_3 1 0.7788498649170205 0.7546746447270007 0.22115013508297954 0.24532535527299926 (naive) 0.9859154929577465 0.25 145.3673 0:02:25 5346.43 123664.23 4958.49 5088.49 1.99 4.26 145.60 274.37
aadh_20_0 1 0.7635096968555828 0.7979142070051161 0.2364903031444172 0.20208579299488394 (naive) 1.0940959409594095 0.36961451247165533 691.3901 0:11:31 6085.93 123664.22 5699.24 5826.13 1.99 4.12 221.56 1594.10
aadh_500_0 1 0.838260214648842 0.8739693757361602 0.16173978535115796 0.12603062426383982 (naive) 1.1236162361623616 0.4943310657596372 377.5048 0:06:17 7185.67 123473.80 6797.05 6897.10 1.99 5.71 173.92 721.62
aldosered_500_0 1 0.8980711672763552 0.9230900700734918 0.10192883272364484 0.07690992992650825 (naive) 1.0569948186528497 0.7076923076923077 390.3593 0:06:30 7297.77 123610.05 6909.82 7004.99 1.98 5.32 199.50 812.35
annexin_100_3 1 0.9820181933573091 0.9841000635997456 0.01798180664269089 0.015899936400254444 (naive) 1.0061919504643964 0.9433962264150944 190.6491 0:03:10 5588.44 123607.38 5201.27 5386.66 1.99 3.77 160.60 402.28
kringle_20_3 1 0.9545293072824156 0.9447960618846695 0.045470692717584416 0.05520393811533053 (naive) 1.02 0.8089887640449438 240.5396 0:04:00 5330.27 123600.15 5286.45 5293.27 1.99 3.50 174.70 485.50
kunitz_1000_1 1 0.9857425742574257 0.9857425742574257 0.01425742574257427 0.01425742574257427 (naive) 1.0 0.9333333333333333 140.4835 0:02:20 5305.78 123545.90 4919.05 5013.94 1.98 5.88 130.64 237.41
tim_100_1 1 0.9542247150352814 0.9515561569688769 0.04577528496471861 0.048443843031123146 (naive) 1.0 0.8725868725868726 267.9793 0:04:27 6194.86 123793.89 5807.29 5901.52 1.99 3.64 198.11 600.33
aldosered_1000_2 1 0.8678084469571001 0.8953508320466632 0.13219155304289987 0.10464916795333679 (naive) 1.067357512953368 0.683076923076923 649.7672 0:10:49 7355.90 123600.27 7329.73 7336.09 9.98 6.89 129.66 865.33
cyclo_100_1 1 0.9289297658862876 0.9316561844863732 0.07107023411371238 0.06834381551362678 (naive) 1.0147783251231528 0.7724867724867724 231.6863 0:03:51 5826.91 123663.32 5800.24 5805.61 1.99 3.74 193.31 529.22
Rhodanese_20_1 1 0.2814533622559653 0.2545365375183914 0.7185466377440347 0.7454634624816086 (naive) 0.8611111111111112 0.11458333333333333 314.5350 0:05:14 5449.23 123671.27 5422.70 5428.93 1.99 3.48 184.24 663.02
PDZ_1000_3 1 0.8924731182795699 0.8904214559386974 0.10752688172043012 0.10957854406130263 (naive) 0.990909090909091 0.7676767676767676 158.0807 0:02:38 6758.38 123603.21 6369.14 6465.03 1.97 6.12 110.64 251.07
ace_50_0 1 0.7848759669245132 0.7778218345228655 0.21512403307548678 0.22217816547713454 (naive) 0.9883333333333333 0.5657439446366782 595.7583 0:09:55 7738.46 123664.36 7712.41 7719.23 1.99 4.03 209.84 1285.29
mmp_50_1 1 0.9588062211013031 0.9652983495556496 0.04119377889869691 0.03470165044435036 (naive) 1.038888888888889 0.8994082840236687 348.6745 0:05:48 5831.49 123536.39 5444.14 5539.65 1.99 4.09 188.53 758.02
hla_20_2 1 1.0 1.0 0.0 0.0 (naive) 1.0 1.0 328.8341 0:05:28 5598.59 123538.78 5210.02 5306.96 1.99 3.89 198.29 729.81
annexin_1000_1 1 1.0 1.0 0.0 0.0 (naive) 1.0 1.0 158.5300 0:02:38 6726.18 123540.70 6337.43 6437.42 1.98 4.98 121.34 261.90
ghf1_20_1 1 0.789606185937781 0.7925992779783394 0.21039381406221902 0.2074007220216606 (naive) 1.0284697508896796 0.47514910536779326 700.8452 0:11:40 6861.46 123607.14 6479.75 6659.02 1.99 3.54 226.64 1671.63
asp_100_0 1 0.9106424086298502 0.9090324654451944 0.08935759137014976 0.09096753455480555 (naive) 1.0078947368421052 0.7005347593582888 354.4676 0:05:54 6920.18 123671.36 6532.58 6626.99 1.99 4.83 203.06 784.47
tgfb_20_0 1 0.6523206751054852 0.6831639416703491 0.3476793248945148 0.3168360583296509 (naive) 1.11864406779661 0.1111111111111111 256.9952 0:04:16 5380.70 123671.14 5152.55 5258.14 1.99 3.45 165.92 513.15
icd_50_2 1 0.9001447178002895 0.9017106407654393 0.09985528219971052 0.09828935923456072 (naive) 1.0046189376443417 0.743801652892562 431.1408 0:07:11 6667.58 123664.18 6280.02 6378.16 1.99 3.60 203.41 948.42
adh_50_1 1 0.9814765100671141 0.9838536060279871 0.018523489932885884 0.016146393972012896 (naive) 1.008 0.9493333333333334 320.1440 0:05:20 5726.98 123602.07 5340.11 5478.27 1.99 3.67 190.05 692.60
serpin_100_0 1 0.9532580709051297 0.9463232402674007 0.046741929094870294 0.05367675973259933 (naive) 1.0095923261390887 0.8090452261306532 345.3618 0:05:45 7055.50 123601.79 6979.93 6986.52 1.99 3.76 188.58 750.72
kringle_500_0 1 0.9104795737122557 0.9008787346221441 0.08952042628774426 0.09912126537785593 (naive) 1.05 0.6966292134831461 140.2613 0:02:20 5874.34 123607.26 5485.64 5579.99 1.99 4.96 141.43 242.45
peroxidase_20_1 1 0.5583870967741935 0.6103667136812412 0.4416129032258065 0.3896332863187588 (naive) 1.1879895561357703 0.06017191977077364 534.8131 0:08:54 5943.47 123543.31 5554.55 5648.98 1.99 3.47 220.64 1244.67
aadh_1000_1 1 0.863114291093956 0.8676888131743328 0.136885708906044 0.13231118682566723 (naive) 1.022140221402214 0.562358276643991 512.4145 0:08:32 7637.66 123543.58 7248.70 7343.15 1.99 6.91 196.77 1041.37
hom_200_1 1 0.952994204764971 0.9517684887459807 0.04700579523502901 0.048231511254019255 (naive) 0.9795918367346939 0.6956521739130435 133.1003 0:02:13 5478.60 123671.32 5090.79 5275.75 1.99 3.75 118.45 245.45
phc_1000_0 1 0.8891611687087653 0.8943875616230565 0.11083883129123473 0.10561243837694345 (naive) 1.0279329608938548 0.7486033519553073 190.0851 0:03:10 7042.76 123665.84 6654.19 6748.50 1.99 5.29 133.05 287.57
tms_500_0 1 0.9632324779777863 0.9621270084162203 0.03676752202221367 0.03787299158377966 (naive) 1.0056022408963585 0.8666666666666667 331.3875 0:05:31 7178.07 123672.28 6790.43 6884.67 1.99 5.70 177.41 660.37
ghf13_20_0 1 0.23554417134448744 0.286054669402343 0.7644558286555125 0.7139453305976571 (naive) 1.3738019169329074 0.0 709.6101 0:11:49 6501.06 123543.20 6113.07 6299.51 1.99 3.57 227.09 1685.29
icd_500_2 1 0.9412445730824891 0.9445251234388614 0.0587554269175109 0.055474876561138586 (naive) 1.0138568129330254 0.8402203856749312 445.0774 0:07:25 7872.99 123600.31 7484.46 7610.07 1.99 5.69 193.12 918.68
rub_200_0 1 0.9918367346938776 0.9918367346938776 0.008163265306122436 0.008163265306122436 (naive) 1.0 0.9629629629629629 126.5164 0:02:06 5405.30 123671.32 5017.81 5202.64 1.99 3.82 133.82 246.67
cyclo_50_1 1 0.8524247491638796 0.8563628727425452 0.14757525083612044 0.1436371272574548 (naive) 1.0295566502463054 0.6137566137566137 258.5890 0:04:18 5665.01 123537.84 5277.05 5462.08 1.99 3.70 173.36 527.07
sodcu_100_3 1 0.8962450592885376 0.8938896189224704 0.1037549407114624 0.10611038107752957 (naive) 0.9940828402366864 0.6987951807228916 200.2437 0:03:20 5772.14 123664.40 5384.53 5509.80 1.99 4.16 162.02 385.75
blm_20_2 1 0.9276270006958942 0.9316466312552418 0.07237299930410579 0.06835336874475817 (naive) 1.0255474452554745 0.7340823970037453 509.9306 0:08:29 6040.68 123600.21 5653.00 5760.73 1.99 3.44 216.37 1163.45
gluts_200_1 1 0.9360526315789474 0.933105981112277 0.06394736842105264 0.06689401888772295 (naive) 0.9957446808510638 0.7553648068669528 196.2690 0:03:16 6254.09 123537.81 6227.41 6233.61 1.99 3.73 158.36 377.39
hormone_rec_200_2 1 0.7651895842850617 0.7562076749435666 0.23481041571493833 0.24379232505643345 (naive) 1.0097402597402598 0.5231316725978647 231.4533 0:03:51 6644.72 123601.86 6256.48 6353.06 1.99 4.24 189.87 512.28
icd_200_3 1 0.932561505065123 0.9304071614207334 0.06743849493487697 0.06959283857926657 (naive) 0.9976905311778291 0.8264462809917356 302.9543 0:05:02 7778.07 123600.24 7390.05 7515.09 1.99 4.58 191.68 635.15
OTCace_20_3 1 0.8940199335548172 0.8949118722979714 0.10598006644518276 0.10508812770202858 (naive) 1.002857142857143 0.7566765578635015 501.0861 0:08:21 5676.46 123537.74 5289.17 5415.64 1.99 3.58 208.81 1088.96
oxidored_q6_1000_1 1 0.9461240310077519 0.9472254559565386 0.05387596899224811 0.05277454404346138 (naive) 1.0035087719298246 0.8646616541353384 218.7119 0:03:38 6694.43 123473.85 6306.74 6491.97 1.99 5.11 152.56 405.01
adh_1000_2 1 0.9570469798657718 0.9627329192546584 0.04295302013422819 0.037267080745341574 (naive) 1.0133333333333334 0.9146666666666666 254.6497 0:04:14 7017.96 123474.98 6630.35 6756.25 1.98 5.88 156.14 428.70
tRNA-synt_2b_100_3 1 0.5728910728910729 0.535195103289977 0.4271089271089271 0.464804896710023 (naive) 0.8736616702355461 0.2703488372093023 287.7206 0:04:47 6207.90 123537.87 5819.89 5914.06 1.99 3.73 182.34 600.67
serpin_200_3 1 0.9517726282432165 0.9470831690973591 0.04822737175678349 0.05291683090264088 (naive) 1.0047961630695443 0.7939698492462312 324.9320 0:05:24 7565.63 123537.95 7177.14 7271.40 1.99 5.11 188.60 669.25
serpin_50_1 1 0.9531590413943355 0.9461319178216848 0.04684095860566451 0.05386808217831518 (naive) 0.9952038369304557 0.8190954773869347 469.3302 0:07:49 6773.41 123538.03 6385.28 6515.60 1.99 3.70 201.45 1022.82
oxidored_q6_50_2 1 0.9461240310077519 0.945757458349477 0.05387596899224811 0.054242541650523 (naive) 1.0 0.8609022556390977 314.7015 0:05:14 5650.50 123663.32 5262.80 5357.56 1.99 3.50 189.68 673.72
aat_50_2 1 0.7866878157678299 0.7821388937562058 0.21331218423217013 0.21786110624379418 (naive) 1.0336134453781514 0.43015521064301554 442.9133 0:07:22 6711.86 123600.34 6324.73 6418.97 1.99 4.39 221.95 1050.77
Rhodanese_100_0 1 0.6870932754880694 0.6640461215932913 0.3129067245119306 0.33595387840670865 (naive) 0.9629629629629629 0.40625 196.2910 0:03:16 5606.50 123607.10 5218.68 5344.15 1.99 3.60 163.51 405.63
blm_200_3 1 0.8935281837160751 0.9046075806678878 0.10647181628392488 0.09539241933211218 (naive) 1.0474452554744527 0.6292134831460674 311.4071 0:05:11 7574.34 123536.45 7186.13 7297.04 1.99 5.05 177.33 604.54
il8_20_2 1 0.8547612319864368 0.844500279173646 0.14523876801356317 0.155499720826354 (naive) 0.9629629629629629 0.4805194805194805 220.9008 0:03:40 5299.20 123600.16 4910.17 5038.06 1.99 3.86 171.90 432.39
tgfb_1000_0 1 0.8274261603375528 0.8766204738489047 0.17257383966244721 0.12337952615109526 (naive) 1.1101694915254237 0.36752136752136755 152.5080 0:02:32 6545.91 123604.89 6156.71 6251.54 1.99 5.19 138.77 266.37
ghf1_1000_0 1 0.9168315051249776 0.9159256265157639 0.08316849487502243 0.08407437348423608 (naive) 1.0124555160142348 0.7017892644135189 658.5476 0:10:58 8208.00 123540.71 7819.23 7926.34 1.99 7.56 198.76 1340.24
HLH_100_3 1 0.8917609046849758 0.9004893964110929 0.10823909531502418 0.09951060358890707 (naive) 1.0108695652173914 0.7976190476190477 151.2166 0:02:31 5422.14 123601.84 5395.58 5401.97 1.99 3.66 148.09 306.66
cryst_1000_1 1 0.9104266742017519 0.9127478753541076 0.08957332579824806 0.08725212464589238 (naive) 1.0104166666666667 0.6961325966850829 166.5681 0:02:46 6975.73 123535.27 6587.06 6687.04 1.99 4.93 127.26 244.74
flav_500_2 1 0.8598130841121495 0.8644295302013423 0.14018691588785048 0.13557046979865772 (naive) 1.0218579234972678 0.6457142857142857 179.9409 0:02:59 6577.70 123666.02 6190.08 6375.09 1.99 4.62 145.17 344.20
Ald_Xan_dh_2_20_1 1 0.5926586556515209 0.7451605288007555 0.40734134434847913 0.25483947119924455 (naive) 1.3288135593220338 0.2980769230769231 773.1744 0:12:53 5943.82 123534.16 5555.97 5730.17 1.99 3.57 227.28 1802.58
aat_100_3 1 0.8485489366701915 0.8482001291913794 0.1514510633298085 0.15179987080862056 (naive) 1.0525210084033614 0.5631929046563193 352.2537 0:05:52 7088.57 123536.17 6701.82 6826.95 1.99 4.49 209.62 826.54
ace_1000_0 1 0.8346225660176047 0.8469346325619164 0.16537743398239535 0.15306536743808363 (naive) 1.04 0.6349480968858131 722.1657 0:12:02 8459.88 123674.06 8433.08 8439.96 1.98 8.01 192.10 1445.64
tms_200_0 1 0.9620834929145922 0.9565879664889566 0.037916507085407836 0.04341203351104339 (naive) 0.9943977591036415 0.856140350877193 251.9487 0:04:11 6942.14 123600.16 6554.46 6654.04 1.99 4.56 180.32 511.13
DMRL_synthase_200_2 1 0.9385665529010239 0.9124087591240876 0.061433447098976135 0.08759124087591241 (naive) 0.9725274725274725 0.7337278106508875 170.7293 0:02:50 5990.19 123607.36 5602.39 5733.25 1.99 3.83 130.61 327.60
tim_1000_3 1 0.9889632712140402 0.9869989165763814 0.011036728785959848 0.013001083423618609 (naive) 1.0 0.9382239382239382 325.8149 0:05:25 6772.45 123536.30 6398.01 6569.12 1.99 6.11 175.32 615.06
cytb_500_1 1 0.858451290591174 0.8613199665831245 0.14154870940882602 0.13868003341687551 (naive) 1.01 0.6086956521739131 159.3993 0:02:39 6430.16 123540.65 6054.47 6146.40 1.98 4.57 140.51 266.51
myb_DNA-binding_500_2 1 0.9679358717434869 0.9564356435643564 0.03206412825651306 0.0435643564356436 (naive) 1.0 0.8392857142857143 134.0538 0:02:14 5869.92 123538.03 5490.00 5582.78 1.99 4.69 119.96 198.16
ace_100_3 1 0.7986129634569219 0.8267292558332183 0.2013870365430781 0.17327074416678168 (naive) 1.0716666666666668 0.5449826989619377 481.5733 0:08:01 8081.38 123607.27 7882.94 7888.99 1.99 4.34 193.27 994.36
PDZ_500_1 1 0.8840245775729647 0.8826687116564417 0.11597542242703529 0.11733128834355833 (naive) 1.0 0.7474747474747475 146.1317 0:02:26 6238.51 123539.14 5867.31 5995.37 1.98 4.73 136.94 249.82
annexin_200_3 1 0.9820181933573091 0.9841000635997456 0.01798180664269089 0.015899936400254444 (naive) 1.0061919504643964 0.9433962264150944 163.5168 0:02:43 5770.95 123536.22 5383.98 5569.05 1.99 3.93 135.76 264.85
cys_1000_1 1 0.9233406808719079 0.9260623925325473 0.0766593191280921 0.0739376074674527 (naive) 1.0141342756183747 0.6567164179104478 230.4953 0:03:50 7298.97 123540.64 6910.62 7006.22 1.98 7.60 186.36 479.80
rvp_500_2 1 0.790257104194858 0.7812709030100334 0.20974289580514205 0.21872909698996656 (naive) 1.0075757575757576 0.4774774774774775 140.7406 0:02:20 6110.39 123602.05 5721.83 5818.21 1.99 4.60 168.26 270.50
zf-CCHH_1000_3 1 0.932929004637888 0.9454085321764281 0.06707099536211203 0.05459146782357194 (naive) 1.1282051282051282 0.7142857142857143 122.8272 0:02:02 5693.90 123545.91 5305.93 5491.12 1.96 4.93 100.21 166.78
proteasome_100_2 1 0.8628414675962968 0.8401780745687256 0.13715853240370324 0.15982192543127438 (naive) 0.9838187702265372 0.4206896551724138 252.8611 0:04:12 6012.78 123600.34 5624.18 5718.39 1.99 4.30 170.47 502.03
mmp_50_0 1 0.9386296763345944 0.9457856840321898 0.061370323665405624 0.054214315967810234 (naive) 1.0222222222222221 0.8875739644970414 352.0465 0:05:52 5795.78 123537.75 5770.07 5776.22 1.99 3.84 223.27 823.46
annexin_50_3 1 0.961497778718003 0.9676389184585906 0.038502221281996984 0.032361081541409376 (naive) 1.0123839009287925 0.9182389937106918 241.7582 0:04:01 5462.00 123665.78 5086.23 5203.13 1.99 3.52 192.06 521.40
int_100_0 1 0.8903118040089086 0.8952967525195968 0.10968819599109136 0.10470324748040316 (naive) 1.0273972602739727 0.7079207920792079 234.4968 0:03:54 5945.93 123479.38 5557.42 5651.83 1.99 4.32 190.39 547.89
int_50_0 1 0.8758351893095768 0.8758351893095768 0.12416481069042318 0.12416481069042318 (naive) 1.0091324200913243 0.698019801980198 266.7774 0:04:26 5739.26 123543.17 5350.79 5476.13 1.99 3.70 190.89 598.12
egf_50_3 1 0.740254727904284 0.7245938798639969 0.25974527209571596 0.2754061201360031 (naive) 1.0422535211267605 0.22058823529411764 169.1634 0:02:49 5298.30 123602.13 4910.62 5095.64 1.99 3.65 129.18 319.62
tim_100_3 1 0.959290754478017 0.9566080288678395 0.04070924552198296 0.043391971132160534 (naive) 1.0 0.8764478764478765 257.3382 0:04:17 6178.17 123543.16 5789.82 5975.17 1.99 3.74 167.72 536.65
Ald_Xan_dh_2_100_1 1 0.8255726624108148 0.8499081859476176 0.17442733758918516 0.15009181405238237 (naive) 1.0463276836158193 0.6129807692307693 272.7111 0:04:32 6063.76 123664.19 5676.94 5790.04 1.99 4.04 184.19 584.30
ghf10_50_2 1 0.8247387933940007 0.8225210084033614 0.1752612066059993 0.1774789915966386 (naive) 1.010989010989011 0.6377708978328174 380.3743 0:06:20 6225.88 123472.44 6199.32 6205.70 1.99 3.64 194.31 841.17
cyclo_20_3 1 0.8457357859531772 0.8443238731218697 0.15426421404682278 0.15567612687813026 (naive) 0.9950738916256158 0.6613756613756614 333.3322 0:05:33 5577.05 123479.07 5187.96 5300.60 1.99 3.36 193.08 722.85
blm_20_3 1 0.8913013221990258 0.9004499437570304 0.1086986778009742 0.09955005624296964 (naive) 1.0364963503649636 0.7265917602996255 536.7675 0:08:56 5996.37 123600.30 5608.64 5706.14 1.99 3.50 224.28 1257.83
hpr_50_2 1 1.0 1.0 0.0 0.0 (naive) 1.0 1.0 174.3525 0:02:54 5382.33 123607.16 4993.77 5091.71 1.99 3.94 175.97 390.49
ghf13_200_2 1 0.6741511799008121 0.6672420303144722 0.3258488200991879 0.33275796968552784 (naive) 1.0015974440894568 0.298811544991511 324.8992 0:05:24 7542.35 123664.19 7154.95 7249.10 1.99 4.45 210.52 739.71
hr_200_0 1 1.0 1.0 0.0 0.0 (naive) 1.0 1.0 132.0149 0:02:12 5573.55 123536.32 5546.91 5553.16 1.99 3.71 166.76 289.32
aldosered_1000_3 1 0.870801463252411 0.9024642426331208 0.12919853674758897 0.09753575736687925 (naive) 1.0906735751295338 0.6861538461538461 380.7419 0:06:20 7496.38 123610.20 7108.84 7293.91 1.98 7.01 161.72 669.39
cys_50_1 1 0.8959098701934852 0.8900243309002434 0.10409012980651478 0.10997566909975665 (naive) 1.0070671378091873 0.5485074626865671 303.7746 0:05:03 5903.25 123671.10 5515.08 5609.29 1.99 3.56 203.17 690.24
Rhodanese_1000_1 1 0.8101952277657267 0.7993579454253612 0.18980477223427328 0.2006420545746388 (naive) 1.0138888888888888 0.5885416666666666 176.5138 0:02:56 6996.25 123540.78 6969.55 6975.76 1.98 5.41 374.40 763.14
Sulfotransfer_100_2 1 0.6455114822546972 0.6640893470790378 0.35448851774530277 0.3359106529209622 (naive) 1.031496062992126 0.375 311.3773 0:05:11 6421.43 123598.11 6034.14 6158.81 1.99 3.67 189.59 672.93
GEL_1000_1 1 0.6865671641791045 0.706243602865916 0.31343283582089554 0.29375639713408397 (naive) 1.1 0.363013698630137 157.9983 0:02:37 6548.50 123475.16 6159.96 6261.16 1.98 5.48 128.89 256.73
Ald_Xan_dh_2_500_0 1 0.838809613218175 0.8432427331068327 0.16119038678182496 0.15675726689316727 (naive) 1.0169491525423728 0.6382211538461539 185.9227 0:03:05 6766.64 123601.96 6377.89 6479.06 1.99 5.08 151.31 323.61
mmp_100_1 1 0.9567044976881043 0.960337552742616 0.04329550231189572 0.03966244725738399 (naive) 1.0166666666666666 0.8757396449704142 284.5024 0:04:44 6247.33 123601.84 5860.12 5985.58 1.99 3.75 181.79 611.72
ldh_50_3 1 0.7035032545893366 0.772176286425303 0.2964967454106634 0.227823713574697 (naive) 1.3045822102425877 0.17297297297297298 360.5722 0:06:00 5828.55 123536.36 5441.20 5566.35 1.99 3.51 209.43 828.09
ghf13_500_2 1 0.6456482642105836 0.6522960026428808 0.35435173578941637 0.3477039973571192 (naive) 1.0159744408945688 0.29541595925297115 407.1729 0:06:47 7639.10 123539.09 7251.14 7378.00 1.99 6.05 175.92 772.56
ldh_50_2 1 0.8346010385431142 0.8224208136643725 0.16539896145688582 0.17757918633562753 (naive) 0.9811320754716981 0.44054054054054054 352.4258 0:05:52 5827.95 123601.86 5802.68 5808.95 1.99 3.70 208.13 835.23
tRNA-synt_2b_1000_2 1 0.5126945126945127 0.49233189146677153 0.4873054873054873 0.5076681085332284 (naive) 0.9271948608137045 0.24127906976744187 272.4679 0:04:32 7677.22 123536.72 7289.15 7385.97 1.99 5.71 170.73 532.66
peroxidase_500_3 1 0.8035483870967742 0.8175254348539547 0.19645161290322577 0.18247456514604532 (naive) 1.031331592689295 0.504297994269341 345.6042 0:05:45 7216.12 123664.45 6828.83 6936.82 1.99 5.87 176.05 634.55
cytb_200_2 1 0.8459616985845129 0.8466666666666667 0.15403830141548713 0.15333333333333332 (naive) 1.01 0.5978260869565217 167.6602 0:02:47 5898.19 123536.27 5518.61 5640.46 1.99 3.65 132.85 320.21
rrm_200_2 1 0.843809123397099 0.842039018250472 0.15619087660290099 0.157960981749528 (naive) 1.019108280254777 0.21621621621621623 148.8827 0:02:28 5651.03 123602.10 5265.00 5359.46 1.99 4.28 149.44 292.47
PDZ_200_0 1 0.869431643625192 0.8727833461835004 0.13056835637480801 0.1272166538164996 (naive) 1.0 0.696969696969697 146.3569 0:02:26 5692.09 123664.50 5304.66 5489.78 1.99 3.88 164.83 279.83
lyase_1_50_2 1 0.8528395061728395 0.8507389162561576 0.14716049382716045 0.1492610837438424 (naive) 0.9980430528375733 0.7137176938369781 448.5994 0:07:28 6438.08 123735.22 6413.51 6419.88 1.99 3.64 204.80 1002.55
cys_50_2 1 0.8499265246142542 0.8435221195916383 0.15007347538574578 0.15647788040836175 (naive) 1.028268551236749 0.5485074626865671 310.0686 0:05:10 5879.82 123671.28 5492.47 5622.52 1.99 3.62 190.33 707.96
DMRL_synthase_500_2 1 0.9003412969283277 0.8787475016655563 0.09965870307167235 0.12125249833444374 (naive) 0.9615384615384616 0.6923076923076923 159.6449 0:02:39 6615.57 123665.23 6227.54 6412.67 1.99 4.41 139.50 297.21
ghf10_500_1 1 0.9487698011459387 0.9459005376344086 0.051230198854061326 0.05409946236559138 (naive) 1.0082417582417582 0.8421052631578947 271.3116 0:04:31 7003.25 123601.27 6615.86 6741.14 1.99 5.77 211.11 634.54
zf-CCHH_100_3 1 0.9407777381377096 0.9341126461211477 0.059222261862290404 0.06588735387885225 (naive) 1.0256410256410255 0.7428571428571429 136.3355 0:02:16 5268.10 123607.16 4880.33 5005.66 1.99 4.15 114.31 230.92
tim_500_2 1 0.9753935227067125 0.9745119305856833 0.024606477293287465 0.025488069414316694 (naive) 1.0076923076923077 0.9073359073359073 274.5101 0:04:34 6611.09 123601.80 6223.04 6349.81 1.99 5.20 185.32 567.77
tRNA-synt_2b_20_1 1 0.266994266994267 0.2975810132359653 0.733005733005733 0.7024189867640347 (naive) 1.1627408993576016 0.0029069767441860465 472.3541 0:07:52 5718.56 123599.31 5339.56 5462.38 1.99 4.09 224.60 1113.29
Rhodanese_50_0 1 0.7022776572668112 0.6769472033455306 0.29772234273318876 0.3230527966544694 (naive) 0.9490740740740741 0.4114583333333333 232.7240 0:03:52 5521.23 123472.36 5133.26 5251.57 1.99 4.11 193.01 533.78
OTCace_200_0 1 0.9441860465116279 0.9543317662860981 0.05581395348837215 0.04566823371390194 (naive) 1.0171428571428571 0.8397626112759644 230.6581 0:03:50 6353.36 123607.23 6327.84 6334.18 1.99 4.11 211.30 542.25
hom_200_2 1 0.948486799742434 0.9430217669654289 0.051513200257566005 0.05697823303457106 (naive) 0.9591836734693877 0.6811594202898551 131.6699 0:02:11 5468.39 123601.93 5079.87 5174.18 1.99 4.16 144.21 262.96
il8_500_1 1 0.9109918055948008 0.908169014084507 0.08900819440519925 0.09183098591549299 (naive) 0.9876543209876543 0.6233766233766234 133.6118 0:02:13 5956.71 123543.12 5567.64 5661.92 1.99 4.18 110.27 179.83
tRNA-synt_2b_20_0 1 0.17649467649467648 0.19258266309204647 0.8235053235053236 0.8074173369079536 (naive) 1.1477516059957173 0.0029069767441860465 463.5083 0:07:43 5684.38 123605.41 5296.72 5417.92 1.99 3.59 210.42 1051.78
subt_50_2 1 0.7531776733904394 0.7477539263425005 0.2468223266095606 0.2522460736574995 (naive) 1.0603864734299517 0.30612244897959184 474.2570 0:07:54 6376.59 123610.04 5989.14 6111.47 1.99 3.81 216.89 1094.99
Sulfotransfer_20_3 1 0.2638830897703549 0.4688427299703264 0.7361169102296451 0.5311572700296736 (naive) 1.5590551181102361 0.013513513513513514 488.8498 0:08:08 5899.70 123600.43 5511.74 5608.34 1.99 3.99 211.88 1117.29
gpdh_50_3 1 0.9435266169960047 0.9417978012502695 0.05647338300399529 0.05820219874973054 (naive) 0.9972222222222222 0.8491620111731844 363.6154 0:06:03 5846.88 123600.22 5459.11 5554.86 1.99 3.63 209.41 836.61
mofe_100_1 1 0.7798978365384616 0.7961656441717792 0.22010216346153844 0.20383435582822085 (naive) 1.0279146141215108 0.5433962264150943 424.6241 0:07:04 7309.20 123604.65 6921.26 7029.12 1.99 4.30 193.73 917.44
mofe_50_3 1 0.8294771634615384 0.8292279963953139 0.17052283653846156 0.17077200360468614 (naive) 0.9885057471264368 0.6283018867924528 513.1766 0:08:33 7028.14 123601.95 6640.36 6740.19 1.99 4.27 212.91 1137.36
hom_500_1 1 0.9575016097875081 0.9562700964630225 0.04249839021249191 0.04372990353697748 (naive) 0.9795918367346939 0.7101449275362319 471.4181 0:07:51 5240.16 123664.53 4847.04 4941.40 13.99 4.62 39.27 187.08
hpr_50_3 1 0.921911421911422 0.9349881796690307 0.07808857808857805 0.0650118203309693 (naive) 1.0449438202247192 0.8863636363636364 176.1431 0:02:56 5407.48 123671.18 5018.43 5136.57 1.99 3.58 164.94 376.89
tgfb_1000_1 1 0.8354430379746836 0.8680403331871986 0.16455696202531644 0.13195966681280136 (naive) 1.076271186440678 0.358974358974359 153.9762 0:02:33 6547.69 123537.86 6158.82 6258.72 1.99 5.37 128.95 276.92
adh_100_0 1 0.9728859060402685 0.9773462783171522 0.027114093959731522 0.02265372168284785 (naive) 1.0106666666666666 0.9306666666666666 247.8119 0:04:07 5957.53 123728.30 5570.55 5665.57 1.99 3.63 186.42 534.08
uce_20_1 1 0.7848484848484848 0.7677865612648221 0.2151515151515152 0.23221343873517786 (naive) 0.967391304347826 0.21084337349397592 309.7190 0:05:09 5494.06 123601.04 5448.87 5455.70 1.99 3.56 192.89 668.34
tms_500_3 1 0.9647644580620451 0.9618174875906834 0.03523554193795486 0.03818251240931658 (naive) 1.0 0.8631578947368421 377.6167 0:06:17 7405.02 123543.18 7016.66 7116.53 1.99 5.46 174.43 716.45
ltn_50_3 1 0.924017942095963 0.9222003662755206 0.075982057904037 0.0777996337244794 (naive) 1.00711743772242 0.7075098814229249 310.9710 0:05:10 5952.11 123664.18 5563.79 5658.15 1.99 3.48 184.43 665.33
rvp_20_2 1 0.7023004059539919 0.6929238985313751 0.2976995940460081 0.30707610146862485 (naive) 0.9696969696969697 0.36036036036036034 263.9985 0:04:23 5355.81 123537.74 4967.66 5093.06 1.99 3.39 192.48 587.44
subt_100_0 1 0.7799806576402321 0.7797113459015261 0.22001934235976794 0.22028865409847387 (naive) 1.0289855072463767 0.2755102040816326 392.5701 0:06:32 6974.96 123602.04 6587.09 6686.92 1.99 3.88 206.58 851.91
rub_100_0 1 0.9918367346938776 0.9918367346938776 0.008163265306122436 0.008163265306122436 (naive) 1.0 0.9629629629629629 141.2973 0:02:21 5301.86 123543.15 4913.87 5039.21 1.99 4.25 150.69 297.29
asp_100_3 1 0.9071405570761553 0.9086034510562813 0.09285944292384474 0.09139654894371874 (naive) 1.0052631578947369 0.7005347593582888 366.6238 0:06:06 6924.29 123472.31 6574.94 6726.39 1.99 3.96 189.27 761.79
peroxidase_20_2 1 0.7154838709677419 0.7041269841269842 0.2845161290322581 0.29587301587301584 (naive) 0.9712793733681462 0.4670487106017192 530.7962 0:08:50 6144.27 123607.14 6118.58 6124.19 1.99 3.51 205.13 1141.49
kringle_20_2 1 0.9296625222024867 0.9195361911454674 0.07033747779751331 0.08046380885453264 (naive) 1.02 0.7191011235955056 233.8686 0:03:53 5319.18 123600.29 5288.15 5294.03 1.99 3.39 177.44 509.12
PDZ_100_3 1 0.8164362519201229 0.8108314263920672 0.18356374807987708 0.18916857360793282 (naive) 0.990909090909091 0.6262626262626263 168.2648 0:02:48 5503.23 123668.51 5183.59 5334.75 1.99 3.84 128.24 301.15
ghf10_20_2 1 0.7061004381530165 0.817720530835285 0.2938995618469835 0.18227946916471505 (naive) 1.1923076923076923 0.4953560371517028 517.0224 0:08:37 6044.17 123600.26 5939.74 5946.60 1.99 3.46 212.48 1196.25
annexin_1000_0 1 1.0 1.0 0.0 0.0 (naive) 1.0 1.0 158.9874 0:02:38 6799.25 123545.96 6411.59 6536.93 1.98 5.17 117.44 245.79
tRNA-synt_2b_500_3 1 0.5778050778050778 0.564625850340136 0.42219492219492216 0.435374149659864 (naive) 0.9100642398286938 0.29941860465116277 222.2695 0:03:42 7223.97 123729.21 6836.38 6931.22 1.99 4.60 152.70 407.44
OTCace_20_0 1 0.8415282392026578 0.85 0.15847176079734215 0.15000000000000002 (naive) 1.02 0.6528189910979229 498.1252 0:08:18 5678.50 123664.35 5291.73 5391.73 1.99 4.06 206.19 1112.60
hla_1000_0 1 0.996629213483146 1.0 0.003370786516853963 0.0 (naive) 1.0056179775280898 0.9943820224719101 193.8951 0:03:13 7688.91 123600.36 7300.92 7436.39 1.99 5.17 133.93 303.92
oxidored_q6_500_3 1 0.9662790697674418 0.9715510522213562 0.03372093023255818 0.02844894777864382 (naive) 1.0105263157894737 0.8984962406015038 193.1510 0:03:13 6826.94 123543.12 6448.91 6573.82 1.99 4.92 154.05 348.95
tim_500_0 1 0.9824497919305228 0.9836956521739131 0.017550208069477158 0.016304347826086918 (naive) 1.0115384615384615 0.9305019305019305 272.4270 0:04:32 6709.33 123664.37 6321.74 6425.58 1.99 5.56 186.79 529.25
biotin_lipoyl_500_2 1 0.9494697442295695 0.9435833849969002 0.050530255770430466 0.0564166150030998 (naive) 0.9821428571428571 0.8117647058823529 139.4574 0:02:19 6014.61 123601.86 5619.31 5744.71 1.99 4.54 116.58 216.54
hormone_rec_1000_1 1 0.7537688442211056 0.7469443186962427 0.24623115577889443 0.25305568130375733 (naive) 1.0454545454545454 0.501779359430605 277.0222 0:04:37 7332.34 123610.19 6943.98 7055.35 1.98 6.28 165.46 500.63
KAS_500_3 1 0.6512261580381471 0.8811684628474191 0.3487738419618529 0.11883153715258088 (naive) 1.4504950495049505 0.4925 244.3986 0:04:04 7749.45 123543.27 7361.05 7546.55 1.99 4.77 159.06 458.88
ghf1_50_2 1 0.9003776299226758 0.8999730385548665 0.09962237007732422 0.10002696144513346 (naive) 1.0053380782918149 0.6978131212723658 499.6743 0:08:19 7309.10 123607.11 6929.40 7061.56 1.99 4.23 198.86 1092.83
DEATH_200_2 1 0.8365535248041776 0.8378661087866108 0.16344647519582245 0.16213389121338917 (naive) 1.0125786163522013 0.5403225806451613 167.7196 0:02:47 5819.62 123600.30 5431.24 5555.94 1.99 3.81 143.97 312.47
aadh_200_0 1 0.8333647147429862 0.8339928396457509 0.16663528525701377 0.16600716035424912 (naive) 1.0129151291512914 0.5170068027210885 303.4637 0:05:03 7199.79 123600.43 6812.69 6912.50 1.99 4.20 189.27 648.48
blmb_20_3 1 0.4165580182529335 0.41929133858267714 0.5834419817470665 0.5807086614173229 (naive) 0.9680232558139535 0.09818181818181818 403.8634 0:06:43 5732.99 123607.07 5707.33 5713.63 1.99 3.58 198.21 877.65
GEL_100_1 1 0.6805970149253732 0.6653696498054474 0.31940298507462683 0.33463035019455256 (naive) 0.9933333333333333 0.3698630136986301 172.1194 0:02:52 5538.15 123536.33 5149.89 5244.03 1.99 3.86 182.91 361.46
biotin_lipoyl_500_0 1 0.9569557080474111 0.9405272838749233 0.04304429195258885 0.05947271612507665 (naive) 0.9553571428571429 0.8117647058823529 138.7172 0:02:18 6070.48 123666.21 5682.91 5793.78 1.99 4.88 116.71 221.66
tms_100_2 1 0.9605515128303332 0.954337899543379 0.03944848716966676 0.045662100456621 (naive) 0.9943977591036415 0.856140350877193 289.0846 0:04:49 6409.23 123666.12 6022.06 6118.12 1.99 3.75 179.20 588.58
egf_200_2 1 0.8031648012350444 0.7979294478527608 0.1968351987649556 0.20207055214723924 (naive) 1.028169014084507 0.35294117647058826 134.5094 0:02:14 5409.12 123666.91 5031.53 5162.77 1.99 4.36 122.74 257.68
cytb_500_0 1 0.8559533721898418 0.8602510460251046 0.1440466278101582 0.1397489539748954 (naive) 1.02 0.5978260869565217 164.8631 0:02:44 6651.61 123543.28 6625.07 6631.29 1.98 4.39 135.57 277.67
msb_100_3 1 0.8460559796437659 0.8555805725313606 0.1539440203562341 0.14441942746863945 (naive) 1.0063291139240507 0.5862068965517241 185.6609 0:03:05 5647.15 123607.16 5258.89 5356.89 1.99 3.79 158.67 370.28
hla_1000_3 1 1.0 1.0 0.0 0.0 (naive) 1.0 1.0 189.3024 0:03:09 7661.80 123607.38 7273.31 7458.59 1.99 5.29 134.04 311.03
subt_1000_0 1 0.8016717325227963 0.8071359020726109 0.19832826747720367 0.19286409792738912 (naive) 1.103864734299517 0.3163265306122449 579.6049 0:09:39 8204.02 123603.21 7816.00 7938.32 1.98 8.32 222.61 1348.45
gluts_500_2 1 0.9440526315789474 0.9407353018303876 0.055947368421052635 0.05926469816961244 (naive) 0.9957446808510638 0.7424892703862661 177.4203 0:02:57 6529.73 123540.66 6141.49 6235.65 1.98 5.29 163.12 311.59
KAS_200_0 1 0.5734646824565081 0.7627543908558684 0.42653531754349194 0.23724560914413162 (naive) 1.400990099009901 0.3225 258.5918 0:04:18 6694.83 123601.82 6307.49 6401.66 1.99 3.96 175.27 523.12
cyclo_100_3 1 0.907190635451505 0.9083298451234826 0.09280936454849498 0.09167015487651742 (naive) 1.0098522167487685 0.7354497354497355 235.1407 0:03:55 5885.01 123607.26 5496.84 5596.61 1.99 4.14 191.32 535.04
sodcu_50_2 1 0.8810935441370223 0.8756137479541735 0.11890645586297766 0.12438625204582654 (naive) 0.9881656804733728 0.7048192771084337 244.5600 0:04:04 5611.98 123536.23 5223.62 5319.23 1.99 3.57 185.57 529.43
serpin_50_2 1 0.9675183204594969 0.9586890393484447 0.03248167954050307 0.04131096065155526 (naive) 0.9952038369304557 0.8517587939698492 434.7900 0:07:14 6681.96 123600.24 6664.68 6669.06 1.99 3.58 202.28 948.53
hla_20_1 1 1.0 1.0 0.0 0.0 (naive) 1.0 1.0 316.8458 0:05:16 5536.91 123600.18 5148.54 5242.69 1.99 3.36 184.52 641.25
rhv_500_3 1 0.38422706924468997 0.4660351201478743 0.61577293075531 0.5339648798521257 (naive) 1.2756410256410255 0.047830923248053395 220.6053 0:03:40 7246.24 123537.91 6867.02 6991.57 1.99 4.90 154.23 453.73
hormone_rec_50_2 1 0.7313841936957515 0.7172939068100358 0.26861580630424853 0.2827060931899642 (naive) 1.0129870129870129 0.4697508896797153 322.6943 0:05:22 5852.22 123543.22 5464.19 5558.45 1.99 4.05 205.97 723.76
ldh_1000_2 1 0.8953777517735684 0.8908495543023467 0.10462224822643162 0.10915044569765331 (naive) 1.0161725067385445 0.5945945945945946 238.3104 0:03:58 6786.32 123602.34 6524.55 6651.61 1.99 4.65 191.07 505.09
ghf1_20_3 1 0.7622729724869628 0.8680249820825228 0.2377270275130372 0.13197501791747723 (naive) 1.3256227758007118 0.46123260437375746 670.4241 0:11:10 6981.01 123601.93 6596.21 6728.79 1.99 3.57 219.78 1546.28
ghf10_1000_0 1 0.9029322548028311 0.9050675675675676 0.09706774519716888 0.09493243243243243 (naive) 1.0054945054945055 0.7770897832817337 283.5563 0:04:43 8017.18 123664.72 7629.57 7724.46 1.98 7.07 148.99 482.80
HMG_box_200_3 1 0.9730878186968839 0.9621848739495799 0.026912181303116123 0.037815126050420145 (naive) 1.0 0.8518518518518519 135.7700 0:02:15 5542.55 123536.25 5153.91 5248.24 1.99 4.23 110.99 225.88
Acetyltransf_200_0 1 0.7202174987642116 0.6974629009095261 0.2797825012357884 0.3025370990904739 (naive) 0.9737991266375546 0.3333333333333333 172.6558 0:02:52 5962.82 123472.34 5574.92 5699.61 1.99 4.75 181.95 357.73
myb_DNA-binding_50_2 1 0.9679358717434869 0.9564356435643564 0.03206412825651306 0.0435643564356436 (naive) 1.0 0.8392857142857143 181.0568 0:03:01 5346.55 123535.26 4957.78 5083.40 1.99 4.10 163.46 355.16
tim_1000_1 1 0.9870635064230143 0.9851029252437703 0.012936493576985675 0.0148970747562297 (naive) 1.0 0.9305019305019305 344.8852 0:05:44 6795.46 123600.34 6407.31 6532.56 1.99 6.37 169.35 638.01
HMG_box_200_2 1 0.9730878186968839 0.9621848739495799 0.026912181303116123 0.037815126050420145 (naive) 1.0 0.8518518518518519 132.5927 0:02:12 5520.77 123543.19 5494.25 5500.54 1.99 3.70 133.50 244.22
peroxidase_50_2 1 0.8106451612903226 0.8109067441110035 0.1893548387096774 0.1890932558889965 (naive) 0.9947780678851175 0.5730659025787965 394.6029 0:06:34 6238.20 123540.81 5849.38 5975.04 1.99 4.07 211.24 902.87
asp_20_0 1 0.8613749798744164 0.8577154308617234 0.13862502012558364 0.14228456913827658 (naive) 1.013157894736842 0.5401069518716578 524.4645 0:08:44 6254.26 123543.09 6228.12 6235.06 1.99 3.50 215.18 1197.86
mmp_50_2 1 0.9613282891971416 0.9715378079864061 0.03867171080285836 0.0284621920135939 (naive) 1.0333333333333334 0.8994082840236687 361.0413 0:06:01 5760.78 123543.25 5373.33 5467.52 1.99 4.02 197.51 816.77
subt_1000_3 1 0.7951782260292899 0.796995084123797 0.2048217739707101 0.20300491587620295 (naive) 1.0966183574879227 0.3137755102040816 440.5931 0:07:20 8059.15 123539.16 7657.36 7751.67 1.98 8.13 169.02 793.03
rhv_1000_1 1 0.6846366320601962 0.6709605152618314 0.3153633679398038 0.3290394847381686 (naive) 0.9850427350427351 0.38153503893214685 273.0899 0:04:33 7403.63 123535.45 7014.55 7116.12 1.99 5.81 162.98 504.80
kunitz_200_0 1 0.9821782178217822 0.9821782178217822 0.017821782178217838 0.017821782178217838 (naive) 1.0 0.9166666666666666 137.2921 0:02:17 5451.42 123473.80 5062.86 5158.57 1.99 4.55 121.73 228.16
lyase_1_20_0 1 0.828395061728395 0.8265582655826558 0.17160493827160495 0.17344173441734423 (naive) 0.9960861056751468 0.6640159045725647 646.6168 0:10:46 6275.89 123471.48 6251.08 6257.32 1.99 3.51 223.22 1501.50
annexin_20_0 1 0.9957689866723081 0.9989388794567062 0.004231013327691935 0.0010611205432937698 (naive) 1.0092879256965945 0.9874213836477987 435.6128 0:07:15 5403.05 123607.12 5376.79 5383.07 1.99 3.57 216.29 1008.79
il8_50_2 1 0.890647075445041 0.8792189679218968 0.10935292455495904 0.1207810320781032 (naive) 0.9629629629629629 0.5714285714285714 173.6039 0:02:53 5345.56 123473.76 5319.80 5325.95 1.99 3.53 173.28 391.33
tRNA-synt_2b_500_2 1 0.5065520065520066 0.47376484105706623 0.4934479934479934 0.5262351589429337 (naive) 0.8715203426124197 0.23255813953488372 223.9517 0:03:43 7473.38 123609.24 7085.75 7270.72 1.99 4.62 151.31 390.83
HMG_box_1000_0 1 0.9447592067988668 0.9394366197183098 0.055240793201133176 0.06056338028169017 (naive) 1.0112359550561798 0.7901234567901234 144.5898 0:02:24 5896.61 123603.07 5508.15 5602.42 1.98 4.96 133.88 243.69
gpdh_20_0 1 0.9189072454378577 0.9175202156334232 0.08109275456214227 0.08247978436657677 (naive) 1.0 0.7877094972067039 524.9517 0:08:44 5682.76 123600.30 5294.62 5480.01 1.99 3.46 211.01 1172.78
LIM_1000_0 1 0.9725806451612903 0.9725806451612903 0.02741935483870972 0.02741935483870972 (naive) 1.0 0.8658536585365854 144.3784 0:02:24 5658.55 123610.44 5270.59 5455.67 1.98 5.19 127.62 235.35
cys_500_2 1 0.9237080578006368 0.9207201708880073 0.0762919421993632 0.07927982911199272 (naive) 1.0494699646643109 0.6604477611940298 234.1090 0:03:54 7582.55 123602.96 7194.16 7288.34 1.99 5.38 188.31 487.61
rrm_200_0 1 0.8099642631910868 0.8051685706324881 0.19003573680891317 0.19483142936751185 (naive) 0.9299363057324841 0.16216216216216217 146.3298 0:02:26 5694.95 123472.35 5306.34 5400.53 1.99 4.49 150.96 253.18
uce_100_2 1 0.8799816345270891 0.8753196930946292 0.12001836547291089 0.1246803069053708 (naive) 1.0326086956521738 0.5240963855421686 190.4618 0:03:10 5730.48 123546.02 5341.77 5468.72 1.99 3.68 165.07 384.91
cryst_20_2 1 0.9287934444758407 0.929055963821368 0.07120655552415933 0.07094403617863199 (naive) 1.0 0.7403314917127072 311.0731 0:05:11 5367.48 123536.15 4979.32 5094.54 1.99 3.88 190.62 693.83
kringle_200_2 1 0.8792184724689165 0.8733239237826393 0.12078152753108351 0.12667607621736066 (naive) 1.04 0.6404494382022472 141.1331 0:02:21 5560.31 123540.80 5172.72 5267.46 1.99 4.45 169.74 290.84
rvp_500_0 1 0.7692828146143437 0.7574950033311126 0.23071718538565633 0.24250499666888736 (naive) 0.9772727272727273 0.40540540540540543 143.2593 0:02:23 6075.47 123601.75 5687.47 5813.61 1.99 4.10 142.59 290.91
rhv_20_0 1 0.4177540718163635 0.4415139923495067 0.5822459281836365 0.5584860076504933 (naive) 1.1314102564102564 0.185761957730812 845.9969 0:14:05 6218.25 123601.89 6182.74 6189.66 1.99 3.42 225.60 1987.94
il8_500_0 1 0.904775360271263 0.8996909244169711 0.09522463972873696 0.10030907558302893 (naive) 0.9753086419753086 0.6493506493506493 132.4242 0:02:12 5900.96 123600.33 5513.44 5698.54 1.99 4.30 103.55 181.48
DMRL_synthase_20_3 1 0.9078498293515358 0.884896872920825 0.0921501706484642 0.11510312707917503 (naive) 0.967032967032967 0.7041420118343196 318.5741 0:05:18 5522.98 123661.80 5471.84 5476.99 1.99 3.52 185.79 658.36
Sulfotransfer_100_0 1 0.7603340292275574 0.7706305543800254 0.23966597077244256 0.22936944561997463 (naive) 0.979002624671916 0.4831081081081081 310.3893 0:05:10 6594.72 123479.17 6206.75 6302.46 1.99 3.84 186.81 668.66
kunitz_50_0 1 0.9893069306930693 0.9893069306930693 0.010693069306930703 0.010693069306930703 (naive) 1.0 0.95 509.5327 0:08:29 5315.00 123607.14 5288.77 5294.99 57.99 3.48 49.52 256.03
Ald_Xan_dh_2_50_3 1 0.7804168231318063 0.8251116625310174 0.21958317686819373 0.17488833746898258 (naive) 1.088135593220339 0.5865384615384616 378.6696 0:06:18 5850.95 123607.18 5462.98 5567.66 1.99 3.63 202.67 868.15
int_20_1 1 0.26280623608017817 0.2726747544771808 0.7371937639198218 0.7273252455228192 (naive) 1.091324200913242 0.10891089108910891 366.2884 0:06:06 5618.67 123664.22 5229.91 5356.76 1.99 3.93 198.49 817.76
aadh_50_1 1 0.8020146864997175 0.8071821110479439 0.19798531350028248 0.1928178889520561 (naive) 1.0055350553505535 0.40816326530612246 476.1608 0:07:56 6273.89 123544.16 5886.30 6002.50 1.99 3.70 215.54 1114.87
rrm_100_1 1 0.8687548174619858 0.853386563876652 0.1312451825380142 0.14661343612334798 (naive) 0.9681528662420382 0.27927927927927926 161.8520 0:02:41 5473.75 123543.25 5085.17 5221.79 1.99 3.69 144.35 309.79
tms_1000_1 1 0.972041363462275 0.9705544933078394 0.027958636537725012 0.029445506692160617 (naive) 1.0028011204481793 0.887719298245614 459.8437 0:07:39 7432.56 123602.25 7045.03 7158.53 1.99 6.06 190.28 931.00
kunitz_500_2 1 0.9893069306930693 0.9893069306930693 0.010693069306930703 0.010693069306930703 (naive) 1.0 0.95 133.0309 0:02:13 5806.50 123603.06 5413.70 5539.02 1.98 4.22 103.68 175.15
blmb_500_1 1 0.7063233376792699 0.7338300033863867 0.2936766623207301 0.2661699966136133 (naive) 1.0406976744186047 0.41818181818181815 243.9999 0:04:03 7621.20 123545.86 7232.32 7327.53 1.98 4.93 163.28 450.41
Acetyltransf_500_1 1 0.7147800296589224 0.6921972235519387 0.2852199703410776 0.3078027764480613 (naive) 0.9956331877729258 0.3439153439153439 165.4456 0:02:45 6496.73 123540.56 6108.47 6233.92 1.98 4.89 144.19 258.79
msb_20_3 1 0.9173027989821882 0.899282818833801 0.08269720101781175 0.10071718116619899 (naive) 0.9936708860759493 0.6482758620689655 288.3745 0:04:48 5418.10 123601.70 5029.62 5163.28 1.99 3.45 194.40 610.60
cytb_50_1 1 0.7860116569525396 0.7879799666110183 0.2139883430474604 0.21202003338898168 (naive) 1.0 0.5217391304347826 223.5219 0:03:43 5450.21 123602.02 5062.34 5247.50 1.99 3.69 156.50 461.41
tRNA-synt_2b_100_1 1 0.509009009009009 0.48066511987625676 0.49099099099099097 0.5193348801237432 (naive) 0.8843683083511777 0.20930232558139536 292.7158 0:04:52 6156.27 123607.26 5768.59 5863.61 1.99 4.49 213.13 689.36
Ald_Xan_dh_2_50_2 1 0.7880210289147578 0.7861022663420116 0.21197897108524222 0.21389773365798836 (naive) 1.0022598870056496 0.5841346153846154 388.5772 0:06:28 5857.30 123543.32 5520.09 5673.62 1.99 3.70 206.94 901.87
biotin_lipoyl_1000_2 1 0.950093574547723 0.951875 0.04990642545227697 0.04812499999999997 (naive) 1.0089285714285714 0.8235294117647058 146.8423 0:02:26 6528.67 123543.52 6140.03 6241.26 1.98 5.51 134.03 271.46
LIM_200_2 1 0.9693548387096774 0.9788273615635179 0.030645161290322576 0.021172638436482094 (naive) 1.0116279069767442 0.8780487804878049 134.6209 0:02:14 5537.03 123472.16 5148.87 5243.20 1.99 3.71 107.16 213.45
peroxidase_100_1 1 0.7912903225806451 0.8018960444589736 0.20870967741935487 0.19810395554102644 (naive) 1.031331592689295 0.498567335243553 307.8446 0:05:07 6545.48 123540.57 6157.79 6252.06 1.99 3.79 187.72 677.09
msb_100_2 1 0.8629134860050891 0.871506585287504 0.1370865139949109 0.12849341471249598 (naive) 1.0126582278481013 0.6068965517241379 180.0953 0:03:00 5643.60 123543.17 5255.11 5381.56 1.99 3.59 164.87 349.63
Sulfotransfer_50_3 1 0.7427974947807933 0.7490526315789474 0.25720250521920673 0.2509473684210526 (naive) 0.979002624671916 0.4391891891891892 378.1445 0:06:18 6123.11 123540.93 6032.56 6039.39 1.99 3.54 201.96 831.20
hla_1000_2 1 1.0 1.0 0.0 0.0 (naive) 1.0 1.0 187.3638 0:03:07 7515.34 123544.25 7126.44 7252.01 1.99 5.54 138.09 325.51
annexin_100_0 1 0.9815950920245399 0.9872340425531915 0.018404907975460127 0.012765957446808529 (naive) 1.0123839009287925 0.949685534591195 189.3105 0:03:09 5580.54 123671.15 5193.31 5293.41 1.99 3.73 153.08 392.75
cyclo_500_3 1 0.8825250836120402 0.8880942364324779 0.11747491638795982 0.11190576356752213 (naive) 1.0394088669950738 0.7037037037037037 201.6792 0:03:21 6878.00 123601.93 6490.16 6614.63 1.99 5.68 190.12 436.61
cryst_100_0 1 0.9237072619384007 0.923968343697004 0.07629273806159931 0.07603165630299602 (naive) 1.0 0.7292817679558011 194.4292 0:03:14 5701.21 123604.89 5313.15 5408.01 1.99 3.68 163.03 382.97
HLH_500_2 1 0.9402261712439418 0.941747572815534 0.05977382875605819 0.058252427184465994 (naive) 1.0108695652173914 0.8571428571428571 139.0925 0:02:19 6072.96 123607.12 6047.02 6053.17 1.99 4.18 105.80 214.83
oxidored_q6_200_0 1 0.939922480620155 0.9517268445839875 0.06007751937984496 0.048273155416012514 (naive) 1.0280701754385966 0.8458646616541353 208.8726 0:03:28 6278.93 123667.29 5891.42 6016.71 1.99 3.88 176.52 459.66
PDZ_1000_1 1 0.8932411674347158 0.8864329268292683 0.10675883256528418 0.11356707317073167 (naive) 0.990909090909091 0.7575757575757576 161.8141 0:02:41 6732.43 123609.92 6331.80 6425.99 1.97 5.98 127.17 226.43
Ald_Xan_dh_2_200_2 1 0.848009763424709 0.8541036308623298 0.15199023657529098 0.14589636913767023 (naive) 1.0338983050847457 0.6478365384615384 206.2991 0:03:26 6252.75 123597.80 5865.36 5963.46 1.99 3.79 192.36 438.45
adh_500_1 1 0.9479194630872483 0.9566513140070442 0.05208053691275172 0.04334868599295583 (naive) 1.024 0.888 205.3172 0:03:25 6740.64 123668.67 6352.98 6452.85 1.98 5.57 159.93 395.94
sodfe_1000_0 1 0.9066616484757245 0.9010660183280345 0.0933383515242755 0.09893398167196554 (naive) 1.0 0.6507177033492823 172.8058 0:02:52 6838.91 123597.78 6812.72 6818.90 1.99 5.05 191.91 380.70
PDZ_500_0 1 0.8855606758832565 0.88420245398773 0.11443932411674351 0.11579754601226999 (naive) 1.0 0.7474747474747475 147.3769 0:02:27 6271.13 123540.73 5882.32 5976.47 1.98 4.70 154.97 277.93
cys_50_0 1 0.8337619397501836 0.8260236578707917 0.16623806024981636 0.17397634212920832 (naive) 1.0070671378091873 0.5149253731343284 318.4647 0:05:18 5910.16 123607.57 5521.65 5648.19 1.99 4.12 183.94 658.41
blm_200_1 1 0.9149617258176758 0.9217610768367919 0.08503827418232424 0.07823892316320813 (naive) 1.0182481751824817 0.7116104868913857 317.7971 0:05:17 7551.91 123607.25 7163.65 7258.02 1.99 5.41 165.81 558.70
tgfb_20_2 1 0.7919831223628692 0.8305309734513274 0.20801687763713084 0.16946902654867257 (naive) 1.11864406779661 0.28205128205128205 249.7178 0:04:09 5388.12 123600.18 5007.42 5188.43 1.99 3.45 172.42 503.39
cyclo_50_3 1 0.9080267558528428 0.9106918238993711 0.09197324414715724 0.08930817610062891 (naive) 1.0295566502463054 0.7513227513227513 280.3081 0:04:40 5718.00 123543.16 5329.25 5424.48 1.99 4.14 179.85 582.25
ltn_1000_0 1 0.9359113769199402 0.9396792903445923 0.0640886230800598 0.0603207096554077 (naive) 1.0462633451957295 0.7075098814229249 293.7263 0:04:53 6785.69 123604.86 6397.25 6491.20 1.99 5.85 184.16 594.84
flav_1000_2 1 0.842456608811749 0.849640933572711 0.157543391188251 0.15035906642728902 (naive) 1.0273224043715847 0.5885714285714285 219.8237 0:03:39 6746.71 123602.29 6358.02 6453.40 1.98 5.34 157.15 387.16
KAS_50_3 1 0.4179417312932299 0.5664772727272728 0.5820582687067701 0.4335227272727272 (naive) 1.4183168316831682 0.1275 404.0207 0:06:44 5959.88 123479.07 5572.58 5697.95 1.99 3.50 201.51 937.00
flav_500_0 1 0.840231419670672 0.8470165993719156 0.15976858032932795 0.15298340062808435 (naive) 1.0382513661202186 0.5771428571428572 172.3302 0:02:52 6765.91 123666.97 6377.25 6562.54 1.99 4.29 193.18 364.45
annexin_500_2 1 1.0 1.0 0.0 0.0 (naive) 1.0 1.0 147.6822 0:02:27 6382.61 123472.42 5996.08 6181.17 1.99 4.14 147.97 284.86
p450_20_3 1 0.5039276166975118 0.5264899239462038 0.49607238330248815 0.47351007605379625 (naive) 1.177734375 0.156312625250501 654.1567 0:10:54 6762.00 123664.58 6374.68 6504.54 1.99 4.16 232.68 1574.25
ghf13_500_3 1 0.667938307264701 0.6557517388978064 0.33206169273529895 0.34424826110219364 (naive) 0.9680511182108626 0.31239388794567063 499.8412 0:08:19 7748.45 123537.93 7360.59 7486.05 1.99 5.89 182.20 965.67
blm_50_2 1 0.9013221990257481 0.9161126043287594 0.09867780097425194 0.0838873956712406 (naive) 1.0474452554744527 0.7303370786516854 418.6207 0:06:58 6389.72 123536.46 6010.89 6194.15 1.99 3.71 210.18 978.61
gpdh_20_3 1 0.9444984342943527 0.9456216216216217 0.05550156570564735 0.054378378378378334 (naive) 1.0083333333333333 0.8212290502793296 523.6314 0:08:43 5666.70 123537.91 5279.91 5414.50 1.99 4.01 210.19 1191.32
Sulfotransfer_200_0 1 0.7085594989561587 0.7233589087809037 0.29144050104384134 0.2766410912190963 (naive) 1.005249343832021 0.42905405405405406 270.4460 0:04:30 7136.12 123602.00 6748.09 6847.86 1.99 4.99 183.55 557.33
PDZ_100_2 1 0.9385560675883257 0.9371165644171779 0.06144393241167434 0.06288343558282206 (naive) 1.0 0.8282828282828283 172.5910 0:02:52 5483.97 123607.18 5094.91 5189.22 1.99 4.20 180.15 368.69
GEL_200_2 1 0.6398009950248756 0.6254863813229572 0.36019900497512436 0.3745136186770428 (naive) 0.9933333333333333 0.3287671232876712 154.2177 0:02:34 5738.65 123667.11 5418.07 5569.83 1.99 3.71 154.27 310.23
Rhodanese_50_2 1 0.7331887201735358 0.7127042698998418 0.26681127982646424 0.2872957301001582 (naive) 0.9861111111111112 0.4947916666666667 235.4697 0:03:55 5506.91 123601.78 5118.33 5243.48 1.99 3.69 190.09 532.99
tim_100_0 1 0.9743079428261263 0.9723726977248104 0.025692057173873684 0.027627302275189614 (naive) 1.0 0.9034749034749034 252.5966 0:04:12 6208.60 123664.22 5820.11 5914.33 1.99 3.70 181.09 541.36
tim_200_0 1 0.9769314275375429 0.9755194218608852 0.023068572462457082 0.02448057813911475 (naive) 1.0 0.915057915057915 221.7519 0:03:41 6561.52 123537.83 6185.10 6313.16 1.99 4.79 161.89 459.77
blm_200_0 1 0.448990953375087 0.8823851203501094 0.551009046624913 0.11761487964989059 (naive) 2.0291970802919708 0.0 294.8950 0:04:54 7499.97 123607.19 7111.99 7207.64 1.99 4.70 192.63 668.45
rvp_1000_2 1 0.7679296346414073 0.7658569500674763 0.2320703653585927 0.23414304993252366 (naive) 1.053030303030303 0.45045045045045046 148.7579 0:02:28 6855.48 123857.87 6466.94 6561.18 1.99 4.34 150.12 321.00
cryst_100_3 1 0.9070358858434586 0.9067796610169492 0.09296411415654138 0.09322033898305082 (naive) 1.0 0.6740331491712708 193.1098 0:03:13 5661.43 123535.35 5273.07 5372.84 1.99 3.57 154.98 413.55
serpin_20_3 1 0.8873044167161814 0.892963922662946 0.11269558328381857 0.107036077337054 (naive) 1.026378896882494 0.6809045226130653 546.7148 0:09:06 6444.45 123536.15 6056.62 6233.67 1.99 3.58 216.61 1277.74
hormone_rec_50_0 1 0.7629054362722705 0.7508992805755396 0.23709456372772952 0.24910071942446044 (naive) 1.0357142857142858 0.5088967971530249 322.5137 0:05:22 5889.14 123473.98 5501.39 5615.23 1.99 3.66 206.72 732.51
sodfe_100_1 1 0.903462551750094 0.8915506035283194 0.09653744824990595 0.10844939647168061 (naive) 0.9908675799086758 0.645933014354067 194.6754 0:03:14 5579.07 123607.36 5190.43 5285.46 1.99 3.63 161.02 390.54
biotin_lipoyl_20_3 1 0.9220212102308172 0.9185829707893102 0.07797878976918282 0.08141702921068983 (naive) 0.9732142857142857 0.7058823529411765 236.5854 0:03:56 5319.47 123537.90 4931.16 5025.37 1.99 3.52 180.25 484.45
p450_50_0 1 0.7333333333333333 0.730389546553066 0.2666666666666667 0.269610453446934 (naive) 1.021484375 0.3807615230460922 475.9987 0:07:55 6901.97 123601.93 6876.56 6882.80 1.99 3.63 219.07 1141.18
ghf13_50_1 1 0.49746580195106 0.5205588822355289 0.50253419804894 0.47944111776447107 (naive) 1.159744408945687 0.1307300509337861 482.8475 0:08:02 6646.35 123735.20 6258.54 6353.50 1.99 3.75 215.41 1110.38
ghf10_20_3 1 0.8884395011796428 0.8789596532177393 0.11156049882035723 0.12104034678226072 (naive) 0.9835164835164835 0.7708978328173375 523.1769 0:08:43 6125.96 123543.16 5738.16 5863.21 1.99 4.08 214.58 1180.00
Sulfotransfer_20_1 1 0.2918580375782881 0.3140161725067385 0.7081419624217119 0.6859838274932615 (naive) 1.178477690288714 0.0033783783783783786 510.3895 0:08:30 5961.40 123600.30 5579.10 5758.85 1.99 3.48 217.98 1158.08
ghf5_100_1 1 0.6696100073583517 0.660217654171705 0.33038999264164826 0.33978234582829503 (naive) 1.0191489361702128 0.3676092544987147 339.2545 0:05:39 6709.14 123607.21 6321.50 6457.81 1.99 3.87 200.02 735.95
adh_20_2 1 0.9720805369127516 0.9757477768795473 0.027919463087248353 0.02425222312045272 (naive) 1.0106666666666666 0.9413333333333334 525.7553 0:08:45 5664.19 123600.18 5276.96 5400.20 1.99 4.05 206.48 1189.93
Acetyltransf_500_3 1 0.7296094908551656 0.7058823529411765 0.2703905091448344 0.2941176470588235 (naive) 0.982532751091703 0.3439153439153439 160.9412 0:02:40 6727.22 123536.53 6338.80 6524.23 1.98 4.91 125.65 244.05
cah_500_0 1 0.8773747841105354 0.8838625489343193 0.12262521588946462 0.11613745106568074 (naive) 1.025089605734767 0.6715867158671587 282.5038 0:04:42 6602.62 123543.29 6214.21 6399.55 1.99 5.09 176.43 547.01
int_50_1 1 0.7644766146993318 0.7709152161706906 0.2355233853006682 0.2290847838293094 (naive) 1.0182648401826484 0.4752475247524752 272.5503 0:04:32 5719.46 123602.00 5331.60 5516.68 1.99 3.65 188.51 601.13
blm_50_3 1 0.8805845511482254 0.8974468085106383 0.11941544885177457 0.1025531914893617 (naive) 1.0583941605839415 0.6779026217228464 466.2601 0:07:46 6400.12 123482.00 6011.85 6106.28 1.99 3.71 210.91 1041.92
Ald_Xan_dh_2_500_1 1 0.8391851295531355 0.8429837797057714 0.1608148704468645 0.15701622029422857 (naive) 1.0169491525423728 0.6358173076923077 191.7577 0:03:11 6668.79 123537.99 6280.43 6405.81 1.99 5.15 140.80 337.77
ldh_500_1 1 0.8961091201638265 0.8854561878952123 0.10389087983617351 0.1145438121047877 (naive) 1.0080862533692723 0.5837837837837838 195.2691 0:03:15 6745.30 123601.94 6357.46 6457.40 1.99 4.46 137.05 343.86
mofe_20_3 1 0.5614483173076923 0.6040084047195733 0.4385516826923077 0.3959915952804267 (naive) 1.1510673234811166 0.19622641509433963 741.4733 0:12:21 6817.99 123607.18 6429.85 6548.14 1.99 3.99 222.71 1723.28
tRNA-synt_2b_50_3 1 0.4954954954954955 0.4695382227396197 0.5045045045045045 0.5304617772603804 (naive) 0.9271948608137045 0.19186046511627908 360.5333 0:06:00 5833.68 123539.11 5446.03 5571.41 1.99 3.92 212.47 803.05
hom_20_3 1 0.7759175788795879 0.7684948979591837 0.2240824211204121 0.2315051020408163 (naive) 0.8877551020408163 0.2318840579710145 214.6832 0:03:34 5285.98 123600.21 5259.59 5265.84 1.99 3.37 173.10 461.57
rvp_20_0 1 0.7009472259810555 0.699527346387576 0.2990527740189445 0.30047265361242403 (naive) 1.0378787878787878 0.27927927927927926 264.7705 0:04:24 5364.34 123537.80 4975.62 5069.84 1.99 3.34 192.22 546.73
cys_200_1 1 0.9373622336517267 0.9322818342366482 0.06263776634827334 0.06771816576335177 (naive) 0.9858657243816255 0.664179104477612 222.7796 0:03:42 6628.83 123538.04 6602.79 6608.98 1.99 4.29 170.20 457.41
hr_200_3 1 0.9971428571428571 1.0 0.0028571428571428914 0.0 (naive) 1.0121951219512195 0.9873417721518988 136.3925 0:02:16 5555.29 123479.15 5167.04 5352.29 1.99 3.67 105.45 259.89
peroxidase_50_1 1 0.6487096774193548 0.6632585751978892 0.3512903225806452 0.3367414248021108 (naive) 1.0078328981723237 0.4068767908309456 379.6095 0:06:19 6171.45 123600.26 5791.80 5974.10 1.99 3.70 203.99 844.38
HLH_1000_0 1 0.8885298869143781 0.9385665529010239 0.11147011308562194 0.061433447098976135 (naive) 1.1956521739130435 0.6547619047619048 147.7341 0:02:27 6808.79 123664.39 6420.46 6605.75 1.99 4.61 147.76 276.58
HMG_box_1000_2 1 0.9730878186968839 0.9621848739495799 0.026912181303116123 0.037815126050420145 (naive) 1.0 0.8518518518518519 142.4872 0:02:22 5639.32 123610.05 5605.89 5612.20 1.98 5.24 126.75 262.23
gpdh_50_2 1 0.9529208508800345 0.9511748221599483 0.04707914911996547 0.04882517784005169 (naive) 0.9972222222222222 0.8575418994413407 357.9454 0:05:57 5771.17 123600.29 5452.03 5603.13 1.99 3.61 201.90 802.92
icd_200_1 1 0.9360347322720695 0.9376630907509423 0.06396526772793054 0.06233690924905766 (naive) 1.0115473441108545 0.8181818181818182 310.3966 0:05:10 7688.47 123600.18 7662.42 7668.61 1.99 4.11 179.57 621.85
OTCace_1000_3 1 0.9538205980066445 0.9547721982041902 0.04617940199335546 0.04522780179580976 (naive) 1.0 0.8605341246290801 281.6390 0:04:41 7418.62 123666.27 7030.61 7124.82 1.99 6.29 157.69 514.06
sdr_100_0 1 0.8185129988408677 0.8072840111056672 0.1814870011591323 0.19271598889433283 (naive) 1.0831024930747923 0.33753943217665616 270.3090 0:04:30 6033.85 123543.25 5645.46 5756.20 1.99 4.29 190.90 578.33
sdr_100_3 1 0.7898106750565766 0.7826824198665354 0.21018932494342335 0.21731758013346458 (naive) 1.1024930747922437 0.305993690851735 274.5338 0:04:34 6129.13 123537.80 5809.43 5960.54 1.99 3.89 187.40 549.24
icd_100_3 1 0.8888567293777134 0.8922138291690878 0.11114327062228657 0.10778617083091224 (naive) 1.0 0.7245179063360881 350.6249 0:05:50 7021.83 123664.16 6633.59 6730.28 1.99 3.73 188.29 755.17
peroxidase_500_0 1 0.8164516129032258 0.8238932291666666 0.18354838709677423 0.17610677083333337 (naive) 1.0078328981723237 0.6017191977077364 339.8759 0:05:39 7092.29 123543.27 6995.84 7002.63 1.99 5.40 178.59 635.78
rrm_50_1 1 0.8275523789503189 0.8011668136490062 0.17244762104968114 0.19883318635099378 (naive) 0.9235668789808917 0.26126126126126126 189.1306 0:03:09 5384.24 123537.84 4996.24 5091.39 1.99 3.70 160.92 378.43
gluts_200_2 1 0.9443684210526315 0.9410499816436776 0.055631578947368476 0.05895001835632241 (naive) 0.9957446808510638 0.7553648068669528 195.7201 0:03:15 6291.88 123600.20 6265.56 6271.83 1.99 4.05 141.79 360.09
sdr_1000_1 1 0.8383838383838383 0.8265222832888938 0.16161616161616166 0.17347771671110623 (naive) 1.0609418282548477 0.40063091482649843 267.8337 0:04:27 7103.66 123536.49 6715.42 6842.99 1.97 7.14 167.02 494.18
ace_20_0 1 0.4650573486263003 0.5195946952764119 0.5349426513736997 0.4804053047235881 (naive) 1.18 0.19204152249134948 739.9694 0:12:19 7355.26 123729.83 6967.30 7094.35 1.99 3.39 234.12 1779.76
p450_1000_1 1 0.6753444375899651 0.7546762259295005 0.3246555624100349 0.24532377407049955 (naive) 1.533203125 0.08016032064128256 474.6933 0:07:54 8242.24 123545.90 8215.85 8222.15 1.97 8.02 209.55 1056.52
gluts_1000_1 1 0.8992105263157895 0.8985011832763607 0.10078947368421054 0.10149881672363925 (naive) 1.004255319148936 0.6824034334763949 201.8958 0:03:21 7567.58 123546.11 7541.07 7547.31 1.98 5.80 419.04 891.32
lyase_1_500_0 1 0.8461728395061728 0.8472187886279358 0.15382716049382716 0.15278121137206424 (naive) 0.9980430528375733 0.6699801192842942 432.6129 0:07:12 7554.03 123601.84 7166.44 7262.79 1.99 5.52 193.08 877.96
gpdh_50_0 1 0.9361839974084872 0.9350733390854185 0.06381600259151277 0.06492666091458155 (naive) 1.0 0.8379888268156425 360.8136 0:06:00 5834.22 123671.14 5447.19 5633.33 1.99 3.69 207.37 852.32
Rhodanese_100_1 1 0.6995661605206074 0.6876332622601279 0.3004338394793926 0.3123667377398721 (naive) 1.0555555555555556 0.4427083333333333 202.1789 0:03:22 5665.42 123479.15 5276.75 5371.09 1.99 4.38 181.92 481.48
lyase_1_100_1 1 0.8503703703703703 0.8497409326424871 0.14962962962962967 0.15025906735751293 (naive) 0.9960861056751468 0.7017892644135189 368.9077 0:06:08 6866.32 123600.23 6489.77 6664.70 1.99 3.87 199.76 772.40
subt_500_3 1 0.8051948051948052 0.812378031781433 0.19480519480519476 0.18762196821856703 (naive) 1.067632850241546 0.3596938775510204 531.3343 0:08:51 7972.79 123673.93 7584.12 7678.49 1.98 5.89 185.93 1042.98
tms_100_1 1 0.9628494829567216 0.9573495811119573 0.03715051704327843 0.04265041888804266 (naive) 0.9943977591036415 0.8596491228070176 385.9541 0:06:25 6866.01 123600.21 6478.34 6572.62 1.99 4.24 205.18 850.08
Sulfotransfer_20_2 1 0.5586638830897703 0.5827526132404182 0.44133611691022967 0.41724738675958184 (naive) 1.0131233595800524 0.08445945945945946 514.9420 0:08:34 5958.63 123538.00 5571.20 5670.82 1.99 3.45 214.40 1174.36
hr_1000_0 1 0.9914285714285714 0.9914285714285714 0.008571428571428563 0.008571428571428563 (naive) 1.0 0.9493670886075949 142.6785 0:02:22 5566.41 123671.13 5179.27 5273.34 1.99 5.49 141.16 272.99
DMRL_synthase_1000_0 1 0.926962457337884 0.9023255813953488 0.07303754266211604 0.0976744186046512 (naive) 0.978021978021978 0.7218934911242604 178.4123 0:02:58 7627.27 123543.31 7238.40 7338.18 1.99 4.70 148.35 329.83
phc_20_2 1 0.870028275212064 0.8708490566037735 0.12997172478793595 0.12915094339622646 (naive) 1.005586592178771 0.6033519553072626 325.6010 0:05:25 5562.70 123601.83 5210.66 5361.85 1.99 3.47 193.91 731.12
int_20_3 1 0.39532293986636974 0.39488320355951056 0.6046770601336302 0.6051167964404894 (naive) 1.0365296803652968 0.17326732673267325 364.3665 0:06:04 5591.23 123537.89 5203.67 5328.85 1.99 4.04 204.44 821.83
sdr_200_3 1 0.8184026052878511 0.8048092058839494 0.18159739471214886 0.19519079411605056 (naive) 1.0609418282548477 0.3722397476340694 238.7128 0:03:58 6652.68 123601.95 6264.49 6358.76 1.99 4.79 176.26 464.82
LIM_50_0 1 0.9596774193548387 0.9596774193548387 0.040322580645161255 0.040322580645161255 (naive) 1.0 0.8414634146341463 171.0146 0:02:51 5323.25 123538.02 4935.32 5061.39 1.99 3.54 128.87 292.43
cys_500_1 1 0.9440362478569679 0.9399500091446686 0.055963752143032064 0.06004999085533136 (naive) 1.028268551236749 0.7313432835820896 201.2539 0:03:21 7456.20 123603.21 7069.18 7167.38 1.99 5.50 182.30 440.17
zf-CCHH_50_2 1 0.9004637887977167 0.8868587491215741 0.09953621120228329 0.11314125087842586 (naive) 1.0512820512820513 0.6 151.1595 0:02:31 5250.95 123665.83 4863.37 5050.37 1.99 4.16 160.06 287.30
aat_100_0 1 0.8213488426741864 0.8146961132801119 0.1786511573258136 0.18530388671988807 (naive) 1.0063025210084033 0.49223946784922396 358.8450 0:05:58 7106.51 123543.32 6718.65 6812.92 1.99 4.00 196.50 756.20
sodfe_200_3 1 0.9081671057583741 0.8986964618249534 0.09183289424162588 0.10130353817504656 (naive) 0.9954337899543378 0.6555023923444976 172.4824 0:02:52 5926.98 123600.27 5538.46 5633.29 1.99 3.87 180.74 405.72
rhv_50_3 1 0.2792646918754167 0.42809169221784205 0.7207353081245833 0.571908307782158 (naive) 1.517094017094017 0.020022246941045607 458.4378 0:07:38 6011.26 123665.89 5622.45 5717.37 1.99 4.02 206.37 1019.55
tim_500_1 1 0.9819974669802787 0.9803124717781992 0.018002533019721323 0.019687528221800754 (naive) 1.0 0.915057915057915 280.0387 0:04:40 6798.52 123664.21 6772.47 6778.61 1.99 5.12 175.90 534.42
sodcu_200_2 1 0.9064558629776021 0.9067545304777594 0.09354413702239794 0.09324546952224055 (naive) 0.9940828402366864 0.7710843373493976 189.9998 0:03:09 6135.60 123600.23 5747.47 5847.33 1.99 4.45 157.85 362.48
egf_1000_0 1 0.7884986491702045 0.7753320683111955 0.2115013508297955 0.2246679316888045 (naive) 1.0 0.36764705882352944 137.4569 0:02:17 5499.56 123540.65 5112.00 5254.37 1.97 5.20 86.15 175.69
aat_1000_0 1 0.8235225002937375 0.8287318947679574 0.17647749970626248 0.1712681052320426 (naive) 1.088235294117647 0.5343680709534369 499.8998 0:08:19 7784.99 123604.66 7396.74 7496.65 1.98 7.99 180.89 951.04
ghf13_100_0 1 0.6840699765654804 0.6648305084745763 0.3159300234345196 0.33516949152542375 (naive) 0.9744408945686901 0.2869269949066214 391.9489 0:06:31 6943.32 123664.43 6555.59 6669.05 1.99 3.72 207.60 880.02
serpin_100_1 1 0.9485046543870074 0.9408644400785855 0.05149534561299263 0.059135559921414504 (naive) 1.0 0.7964824120603015 369.6540 0:06:09 7219.96 123543.33 7194.25 7200.46 1.99 3.87 198.65 797.30
DEATH_200_1 1 0.8992167101827676 0.895010395010395 0.10078328981723239 0.10498960498960497 (naive) 1.0062893081761006 0.7096774193548387 159.3739 0:02:39 5805.89 123664.39 5427.09 5559.06 1.99 3.89 142.27 326.79
msb_200_0 1 0.8819974554707379 0.8962508080155139 0.11800254452926207 0.10374919198448607 (naive) 1.0126582278481013 0.6068965517241379 165.5105 0:02:45 5826.90 123607.43 5438.86 5564.45 1.99 4.65 132.09 253.90
cryst_50_2 1 0.909861542808703 0.9075535512965051 0.09013845719129698 0.09244644870349494 (naive) 1.0 0.6795580110497238 232.4239 0:03:52 5469.34 123661.77 5080.93 5207.86 1.99 4.09 191.54 547.85
mofe_100_2 1 0.8641826923076923 0.8682264150943396 0.1358173076923077 0.13177358490566038 (naive) 0.993431855500821 0.6981132075471698 415.4268 0:06:55 7481.04 123607.15 7093.69 7279.99 1.99 3.91 226.43 1046.77
il8_500_2 1 0.9039276631816897 0.9031620553359684 0.09607233681831029 0.09683794466403162 (naive) 0.9876543209876543 0.6493506493506493 132.4625 0:02:12 5938.33 123537.91 5550.32 5675.63 1.99 4.09 110.15 178.99
sdr_50_1 1 0.8444002870232379 0.8287556205644943 0.15559971297676212 0.17124437943550574 (naive) 1.0470914127423823 0.4037854889589905 327.5467 0:05:27 5827.79 123671.19 5439.49 5535.03 1.99 4.17 209.70 769.59
rub_20_2 1 0.9755102040816327 0.9755102040816327 0.024489795918367308 0.024489795918367308 (naive) 1.0 0.8888888888888888 203.1425 0:03:23 5267.79 123543.23 4879.07 5004.64 1.99 3.48 168.30 433.94
cah_100_2 1 0.8782383419689119 0.8835794960903562 0.12176165803108807 0.11642050390964376 (naive) 1.043010752688172 0.6642066420664207 264.0089 0:04:24 6219.85 123602.02 5831.90 5926.05 1.99 4.29 215.25 626.07
annexin_500_3 1 1.0 1.0 0.0 0.0 (naive) 1.0 1.0 150.3026 0:02:30 6347.61 123601.87 6322.04 6328.31 1.99 4.29 148.34 259.41
gpdh_200_2 1 0.9483857034877443 0.9534303082935301 0.051614296512255686 0.04656969170646985 (naive) 1.0222222222222221 0.8463687150837989 224.4249 0:03:44 6399.12 123607.10 6012.46 6137.80 1.99 4.50 166.93 415.39
sodcu_50_0 1 0.86133069828722 0.8604804211911813 0.13866930171278002 0.1395195788088187 (naive) 0.9881656804733728 0.6987951807228916 230.7039 0:03:50 5586.05 123536.17 5559.51 5565.84 1.99 3.59 186.98 487.31
tgfb_100_3 1 0.8185654008438819 0.8565121412803532 0.18143459915611815 0.14348785871964675 (naive) 1.1101694915254237 0.3418803418803419 168.9415 0:02:48 5546.98 123602.18 5158.71 5252.85 1.99 4.00 161.22 360.50
blmb_1000_3 1 0.7258800521512386 0.7536379018612521 0.27411994784876137 0.24636209813874788 (naive) 1.0290697674418605 0.49818181818181817 247.5234 0:04:07 7277.35 123539.04 6888.42 6982.71 1.97 6.21 151.32 422.96
rvp_100_2 1 0.4025710419485792 0.4302241503976862 0.5974289580514208 0.5697758496023138 (naive) 1.196969696969697 0.0 166.8702 0:02:46 5543.64 123665.74 5517.58 5524.40 1.99 3.43 129.57 332.28
aadh_500_3 1 0.8490868009790999 0.8642200076657723 0.15091319902090006 0.13577999233422766 (naive) 1.047970479704797 0.4897959183673469 377.0681 0:06:17 7198.18 123597.91 6811.04 6905.85 1.99 5.67 180.96 727.55
hla_100_0 1 1.0 1.0 0.0 0.0 (naive) 1.0 1.0 206.6167 0:03:26 5864.19 123536.36 5475.78 5601.01 1.99 4.06 175.45 434.71
gluts_200_3 1 0.907157894736842 0.9106086221470837 0.09284210526315795 0.08939137785291629 (naive) 1.0127659574468084 0.6952789699570815 194.5242 0:03:14 6149.92 123543.12 5761.43 5855.71 1.99 4.47 155.95 350.94
hla_50_3 1 1.0 1.0 0.0 0.0 (naive) 1.0 1.0 253.3069 0:04:13 5673.60 123537.89 5284.79 5409.47 1.99 3.57 176.31 537.26
Sulfotransfer_1000_1 1 0.7515657620041754 0.7550335570469798 0.24843423799582465 0.24496644295302017 (naive) 0.9711286089238845 0.4358108108108108 355.5704 0:05:55 7140.95 123545.93 6752.75 6852.27 1.98 6.84 259.88 972.36
lyase_1_20_3 1 0.7758024691358024 0.7742730409068507 0.22419753086419758 0.22572695909314933 (naive) 0.9960861056751468 0.610337972166998 650.6855 0:10:50 6351.64 123599.24 5964.15 6089.51 1.99 3.45 215.47 1485.96
ghf13_20_3 1 0.2975094010572783 0.36352134247852436 0.7024905989427217 0.6364786575214756 (naive) 1.317891373801917 0.008488964346349746 714.4602 0:11:54 6542.12 123473.76 6154.50 6329.85 1.99 3.64 229.13 1715.25
il8_1000_0 1 0.9177733823113874 0.9123595505617977 0.08222661768861261 0.08764044943820226 (naive) 0.9876543209876543 0.6233766233766234 140.7314 0:02:20 5593.51 123473.98 5199.01 5293.24 1.98 4.93 144.61 259.02
p450_100_2 1 0.4057577626979231 0.636310867462109 0.5942422373020769 0.36368913253789104 (naive) 1.625 0.04809619238476954 398.5436 0:06:38 7088.30 123607.21 6755.53 6906.68 1.99 3.94 197.81 860.64
il8_200_0 1 0.9285108787793162 0.9209641255605381 0.07148912122068385 0.07903587443946192 (naive) 0.9876543209876543 0.6623376623376623 134.9801 0:02:14 5522.95 123545.98 5134.70 5228.83 1.99 3.66 119.75 230.70
hla_200_2 1 1.0 1.0 0.0 0.0 (naive) 1.0 1.0 180.5395 0:03:00 6146.05 123539.04 5799.98 5951.12 1.99 3.82 158.08 366.66
gpdh_20_2 1 0.9285174387215204 0.9293202204690371 0.07148256127847963 0.07067977953096294 (naive) 1.0055555555555555 0.8128491620111732 522.4928 0:08:42 5749.21 123607.08 5360.78 5466.01 1.99 3.94 214.94 1187.35
ghf5_100_2 1 0.64728967377974 0.6292322365283739 0.35271032622026 0.3707677634716261 (naive) 0.9744680851063829 0.34190231362467866 331.2809 0:05:31 6792.57 123600.35 6404.52 6499.00 1.99 3.80 195.48 721.04
aldosered_50_1 1 0.9135350848021284 0.9064510806797558 0.08646491519787158 0.09354891932024423 (naive) 0.9792746113989638 0.683076923076923 376.9724 0:06:16 6311.51 123536.35 5923.89 6040.70 1.99 4.11 199.20 821.25
annexin_20_2 1 0.9951343346731543 0.9989382034402209 0.004865665326845736 0.0010617965597791157 (naive) 1.0092879256965945 0.9874213836477987 407.3727 0:06:47 5394.21 123600.18 5368.60 5374.80 1.99 3.44 205.77 938.58
Acetyltransf_50_0 1 0.7103311913000494 0.6836346336822074 0.2896688086999506 0.31636536631779255 (naive) 0.9781659388646288 0.3386243386243386 243.4311 0:04:03 5476.29 123604.67 5088.05 5182.24 1.99 3.50 182.98 544.57
Ald_Xan_dh_2_100_3 1 0.8251971460758543 0.8477191628893818 0.17480285392414574 0.15228083711061824 (naive) 1.0463276836158193 0.6262019230769231 271.4617 0:04:31 6109.39 123604.68 5721.41 5815.50 1.99 4.25 185.77 603.67
egf_20_0 1 0.4785796989579313 0.4714828897338403 0.5214203010420687 0.5285171102661597 (naive) 1.1690140845070423 0.0 200.3586 0:03:20 5265.36 123536.21 4877.79 5065.29 1.99 3.49 140.31 351.15
hom_20_1 1 0.7714101738570509 0.7620865139949109 0.2285898261429491 0.2379134860050891 (naive) 0.8877551020408163 0.21739130434782608 206.2346 0:03:26 5289.06 123607.09 5262.87 5269.21 1.99 3.45 171.01 414.60
asp_50_0 1 0.9105216551279988 0.9105216551279988 0.08947834487200124 0.08947834487200124 (naive) 1.0026315789473683 0.6871657754010695 425.8500 0:07:05 6520.27 123537.83 6492.41 6499.28 1.99 3.75 209.99 976.74
int_500_0 1 0.8891982182628062 0.8916806253489671 0.1108017817371938 0.10831937465103292 (naive) 1.0091324200913243 0.7178217821782178 211.1468 0:03:31 6984.55 123602.93 6596.98 6781.99 1.98 4.99 164.74 380.89
flav_100_0 1 0.842456608811749 0.8450892857142858 0.157543391188251 0.15491071428571423 (naive) 1.0163934426229508 0.6057142857142858 205.6867 0:03:25 5755.68 123537.86 5727.34 5733.54 1.99 3.57 198.89 485.05
annexin_100_2 1 0.998942246668077 1.0 0.0010577533319230392 0.0 (naive) 1.0030959752321982 0.9968553459119497 189.9116 0:03:09 5559.74 123601.76 5172.51 5297.96 1.99 3.66 164.09 377.41
hormone_rec_500_1 1 0.730470534490635 0.7264879600181735 0.26952946550936496 0.2735120399818265 (naive) 1.0227272727272727 0.505338078291815 213.4105 0:03:33 7389.38 123479.27 7001.53 7176.91 1.99 5.15 154.47 399.38
HMG_box_100_1 1 0.9730878186968839 0.9621848739495799 0.026912181303116123 0.037815126050420145 (naive) 1.0 0.8518518518518519 157.1565 0:02:37 5448.15 123537.95 5058.43 5152.90 1.99 4.19 153.38 290.15
egf_200_3 1 0.7881126978000772 0.787201233616037 0.2118873021999228 0.212798766383963 (naive) 1.0845070422535212 0.35294117647058826 134.8376 0:02:14 5452.38 123602.03 5064.07 5163.83 1.99 4.41 113.38 201.37
biotin_lipoyl_20_0 1 0.9475982532751092 0.9324739103744628 0.05240174672489084 0.06752608962553719 (naive) 0.9553571428571429 0.7529411764705882 249.3658 0:04:09 5323.11 123665.80 5266.93 5273.81 1.99 3.52 170.83 509.96
blm_500_0 1 0.8940848990953375 0.9106889707967111 0.1059151009046625 0.08931102920328893 (naive) 1.062043795620438 0.6367041198501873 371.6429 0:06:11 7498.07 123604.61 7110.21 7237.06 1.98 5.42 187.07 733.19
int_200_1 1 0.9125835189309577 0.9171796306659206 0.08741648106904232 0.08282036933407944 (naive) 1.0091324200913243 0.7673267326732673 201.6505 0:03:21 6285.06 123665.94 5896.73 5990.93 1.99 4.18 185.72 468.09
flav_100_3 1 0.8024032042723631 0.8096093399191738 0.1975967957276369 0.19039066008082617 (naive) 1.0327868852459017 0.46285714285714286 204.4049 0:03:24 5743.52 123598.91 5383.69 5554.71 1.99 3.55 175.19 450.19
HMG_box_20_3 1 0.9305949008498584 0.9214586255259467 0.06940509915014159 0.0785413744740533 (naive) 1.0 0.7777777777777778 218.7256 0:03:38 5308.73 123607.45 4928.95 5061.13 1.99 3.95 177.29 431.47
aldosered_500_3 1 0.9117060192883273 0.9239973036737446 0.08829398071167271 0.07600269632625545 (naive) 1.0207253886010363 0.7169230769230769 423.2912 0:07:03 7312.96 123666.96 7286.74 7292.90 1.98 5.64 251.10 1106.35
Rhodanese_500_2 1 0.7022776572668112 0.6830168776371308 0.29772234273318876 0.3169831223628692 (naive) 0.9907407407407407 0.4479166666666667 166.7520 0:02:46 6716.04 123601.17 6327.76 6422.60 1.98 4.69 113.74 255.29
aldosered_200_0 1 0.9311606252078484 0.9414929388029589 0.06883937479215163 0.05850706119704108 (naive) 1.0155440414507773 0.7661538461538462 262.1594 0:04:22 7126.54 123536.30 6738.90 6864.33 1.99 5.02 202.32 597.47
HMG_box_20_1 1 0.9518413597733711 0.9491525423728814 0.04815864022662886 0.05084745762711862 (naive) 1.0112359550561798 0.8024691358024691 219.7440 0:03:39 5296.16 123543.38 5269.77 5276.05 1.99 3.51 162.28 445.06
proteasome_200_3 1 0.8460776469691774 0.8273536753474162 0.15392235303082258 0.17264632465258378 (naive) 1.0161812297734627 0.4379310344827586 208.0130 0:03:28 6312.05 123601.96 5923.57 6039.55 1.99 4.24 186.69 483.69
DMRL_synthase_50_2 1 0.889419795221843 0.8646317186463172 0.110580204778157 0.13536828135368284 (naive) 0.9615384615384616 0.6863905325443787 228.4427 0:03:48 5567.34 123536.23 5177.65 5303.07 1.99 3.44 148.49 441.98
rub_50_2 1 0.9836734693877551 0.9836734693877551 0.01632653061224487 0.01632653061224487 (naive) 1.0 0.9259259259259259 160.0154 0:02:40 5284.87 123543.31 4896.90 4991.67 1.99 4.07 144.34 268.55
ghf13_200_1 1 0.6640688865878249 0.6415183742234389 0.3359311134121751 0.35848162577656106 (naive) 0.9313099041533547 0.2835314091680815 328.6454 0:05:28 7654.53 123543.39 7265.82 7360.85 1.99 4.33 186.91 690.51
rvp_100_0 1 0.4790257104194858 0.4886128364389234 0.5209742895805143 0.5113871635610766 (naive) 1.053030303030303 0.0 170.0497 0:02:50 5547.77 123536.29 5159.49 5253.65 1.99 3.97 146.37 312.98
HMG_box_100_0 1 0.9589235127478754 0.9481792717086834 0.04107648725212465 0.051820728291316565 (naive) 1.0 0.7901234567901234 155.3299 0:02:35 5438.03 123607.20 5049.38 5143.64 1.99 3.58 140.05 305.19
uce_1000_2 1 0.9101928374655648 0.9089408528198074 0.08980716253443521 0.09105914718019259 (naive) 1.0380434782608696 0.5662650602409639 185.4705 0:03:05 7360.88 123539.17 7334.85 7341.66 1.99 5.38 137.38 319.34
tim_50_1 1 0.948344490682106 0.9457776975821003 0.05165550931789398 0.054222302417899715 (naive) 1.0 0.8416988416988417 311.6893 0:05:11 5994.71 123536.42 5968.51 5974.73 1.99 3.67 204.30 702.16
ghf10_500_2 1 0.9322548028311426 0.9369918699186992 0.06774519716885741 0.0630081300813008 (naive) 1.0302197802197801 0.8111455108359134 359.2315 0:05:59 7128.49 123607.29 7102.96 7109.29 1.99 5.31 239.35 910.91
DEATH_100_3 1 0.8704960835509138 0.8704960835509138 0.1295039164490862 0.1295039164490862 (naive) 1.0 0.5967741935483871 179.1042 0:02:59 5554.80 123610.05 5166.16 5260.39 1.99 4.05 183.91 374.10
hla_500_1 1 1.0 1.0 0.0 0.0 (naive) 1.0 1.0 176.3716 0:02:56 6644.01 123602.13 6255.68 6349.85 1.99 4.37 166.45 359.79
ghf5_100_3 1 0.6124601422614667 0.5959427207637231 0.3875398577385333 0.4040572792362769 (naive) 0.9893617021276596 0.30848329048843187 340.5016 0:05:40 6678.16 123536.24 6290.84 6385.04 1.99 4.29 193.58 718.75
Acetyltransf_1000_2 1 0.6870983687592684 0.6864197530864198 0.31290163124073156 0.3135802469135802 (naive) 1.0087336244541485 0.3333333333333333 185.6047 0:03:05 7108.61 123735.57 6719.67 6814.61 1.96 6.41 135.21 271.82
mmp_100_0 1 0.9621689785624212 0.9678646934460888 0.03783102143757877 0.03213530655391117 (naive) 1.0277777777777777 0.8816568047337278 287.0211 0:04:47 6095.84 123601.97 5708.22 5807.87 1.99 3.63 180.35 607.11
hla_1000_1 1 1.0 1.0 0.0 0.0 (naive) 1.0 1.0 190.8793 0:03:10 7441.55 123672.40 7064.69 7244.09 1.99 5.09 130.84 292.92
LIM_20_1 1 0.9741935483870968 0.9741935483870968 0.02580645161290318 0.02580645161290318 (naive) 1.0 0.8658536585365854 215.8069 0:03:35 5299.34 123536.16 4910.93 5005.11 1.99 3.49 165.32 409.84
serpin_200_2 1 0.9429590017825312 0.941839762611276 0.057040998217468775 0.058160237388724 (naive) 1.0167865707434052 0.7964824120603015 353.0853 0:05:53 7662.11 123607.47 7636.68 7643.00 1.99 4.90 241.26 937.10
rhv_100_2 1 0.2908848461758263 0.39482870071105364 0.7091151538241738 0.6051712992889464 (naive) 1.4946581196581197 0.02335928809788654 312.8910 0:05:12 6366.43 123600.50 5973.89 6158.90 1.99 3.71 186.24 690.00
tRNA-synt_2b_200_2 1 0.5155610155610155 0.4937254901960784 0.4844389844389845 0.5062745098039216 (naive) 0.8907922912205567 0.2063953488372093 243.7538 0:04:03 6592.84 123537.95 6205.09 6331.75 1.99 4.44 175.77 517.25
biotin_lipoyl_500_1 1 0.9170305676855895 0.9375 0.08296943231441045 0.0625 (naive) 1.0625 0.8 136.3733 0:02:16 6140.31 123533.79 5751.76 5846.09 1.99 3.88 109.18 222.73
sodcu_200_1 1 0.9252305665349143 0.9285950413223141 0.07476943346508569 0.07140495867768593 (naive) 1.0059171597633136 0.7771084337349398 180.4138 0:03:00 6121.31 123663.29 5733.07 5918.26 1.99 3.89 157.19 339.82
ghf5_50_0 1 0.6024037282315428 0.5965508865678892 0.39759627176845724 0.40344911343211076 (naive) 1.025531914893617 0.29048843187660667 409.7559 0:06:49 6328.62 123603.11 5940.62 6066.36 1.99 3.59 190.31 857.65
msb_200_2 1 0.8670483460559797 0.8745588707090151 0.1329516539440203 0.12544112929098494 (naive) 1.0126582278481013 0.6482758620689655 166.9574 0:02:46 5948.26 123600.22 5560.06 5658.05 1.99 4.39 129.42 303.01
cryst_500_3 1 0.932184232834134 0.9319209039548022 0.06781576716586601 0.0680790960451978 (naive) 1.0 0.7569060773480663 156.4673 0:02:36 6756.83 123537.80 6730.14 6736.39 1.99 4.81 133.77 237.22
lyase_1_20_2 1 0.7733333333333333 0.7845691382765531 0.22666666666666668 0.21543086172344694 (naive) 1.0234833659491194 0.5705765407554672 649.1251 0:10:49 6329.14 123473.89 6302.06 6308.88 1.99 3.45 215.62 1504.23
Rhodanese_200_2 1 0.8177874186550976 0.7974616604970914 0.18221258134490237 0.20253833950290856 (naive) 1.0046296296296295 0.59375 173.9453 0:02:53 6051.44 123537.85 5731.04 5882.19 1.99 3.97 169.79 363.14
tms_1000_3 1 0.9613175028724626 0.9583810614738449 0.03868249712753735 0.04161893852615506 (naive) 1.0 0.8596491228070176 484.5588 0:08:04 7332.16 123474.45 6943.57 7059.61 1.99 6.21 185.78 944.08
cah_1000_0 1 0.8860103626943006 0.8933391380060949 0.11398963730569944 0.10666086199390512 (naive) 1.032258064516129 0.6900369003690037 361.1988 0:06:01 6747.63 123540.58 6681.07 6688.05 1.98 6.25 172.78 686.50
OTCace_500_0 1 0.9574750830564784 0.9584303292317925 0.04252491694352156 0.0415696707682075 (naive) 1.0 0.8694362017804155 220.1755 0:03:40 6956.63 123601.48 6929.82 6935.79 1.99 4.78 153.55 376.14
cytb_100_1 1 0.7793505412156536 0.7819548872180451 0.2206494587843464 0.21804511278195493 (naive) 1.01 0.5108695652173914 184.7088 0:03:04 5577.58 123664.18 5189.27 5306.46 1.99 4.08 173.37 365.67
blmb_20_1 1 0.35039113428943935 0.3540843214756258 0.6496088657105606 0.6459156785243743 (naive) 0.9651162790697675 0.08363636363636363 412.8806 0:06:52 5747.83 123537.83 5359.33 5454.94 1.99 3.44 223.99 1014.76
cah_500_1 1 0.8756476683937824 0.8844308765808984 0.12435233160621761 0.11556912341910164 (naive) 1.039426523297491 0.6752767527675276 261.7098 0:04:21 6631.82 123536.56 6244.18 6380.69 1.99 6.02 185.75 519.05
egf_100_0 1 0.7394828251640293 0.7383429672447014 0.2605171748359707 0.2616570327552986 (naive) 1.0704225352112675 0.23529411764705882 152.5860 0:02:32 5333.12 123536.26 4944.37 5129.74 1.99 3.79 144.26 313.41
tRNA-synt_2b_50_1 1 0.5147420147420148 0.484579799537394 0.48525798525798525 0.5154202004626061 (naive) 0.8972162740899358 0.2005813953488372 362.1117 0:06:02 5809.25 123728.24 5421.95 5540.73 1.99 3.99 199.72 803.08
hom_1000_3 1 0.952994204764971 0.9475032010243278 0.04700579523502901 0.052496798975672165 (naive) 0.9591836734693877 0.6956521739130435 137.7914 0:02:17 5755.22 123664.33 5357.58 5454.07 1.98 5.15 104.66 174.02
kunitz_100_3 1 0.9893069306930693 0.9893069306930693 0.010693069306930703 0.010693069306930703 (naive) 1.0 0.95 143.9817 0:02:23 5333.84 123600.38 5013.60 5166.15 1.99 3.67 169.17 294.49
kringle_100_2 1 0.9065719360568384 0.8944970206799859 0.09342806394316161 0.10550297932001407 (naive) 1.04 0.6966292134831461 164.9120 0:02:44 5452.26 123665.86 5063.98 5158.14 1.99 4.08 124.76 263.09
subt_500_1 1 0.804642166344294 0.8068158204613147 0.19535783365570603 0.19318417953868527 (naive) 1.0869565217391304 0.3520408163265306 403.6030 0:06:43 7808.59 123668.76 7420.82 7514.96 1.98 5.89 178.89 769.29
ghf10_500_3 1 0.9113582743511965 0.9116655428186109 0.08864172564880346 0.0883344571813891 (naive) 1.0082417582417582 0.7739938080495357 349.4795 0:05:49 7175.39 123602.22 6788.48 6882.46 1.99 4.89 169.60 668.83
annexin_50_0 1 0.9873069600169241 0.9910809088978552 0.012693039983075916 0.008919091102144838 (naive) 1.0092879256965945 0.9716981132075472 247.9995 0:04:07 5476.59 123600.57 5089.23 5274.33 1.99 3.52 175.93 527.29
cytb_20_1 1 0.7993338884263114 0.8142493638676844 0.20066611157368863 0.18575063613231557 (naive) 1.05 0.4673913043478261 296.6887 0:04:56 5361.63 123536.29 4978.42 5110.54 1.99 3.44 199.45 650.65
tms_500_2 1 0.9647644580620451 0.9625525410775697 0.03523554193795486 0.03744745892243029 (naive) 1.0 0.8736842105263158 329.5229 0:05:29 7076.09 123536.38 6687.58 6782.29 1.99 5.25 184.58 688.06
aat_20_1 1 0.7381036305956997 0.7311027058481233 0.2618963694043003 0.2688972941518767 (naive) 1.031512605042017 0.3436807095343681 614.6504 0:10:14 6458.57 123602.98 6070.29 6164.53 1.99 3.61 216.01 1422.31
peroxidase_1000_3 1 0.7961290322580645 0.8323777403035413 0.20387096774193547 0.16762225969645872 (naive) 1.0887728459530026 0.501432664756447 444.4325 0:07:24 7384.48 123732.77 6996.23 7099.32 1.99 6.64 273.00 1259.29
DEATH_20_0 1 0.8005221932114882 0.7980218636127017 0.1994778067885118 0.20197813638729833 (naive) 1.0188679245283019 0.4032258064516129 292.1767 0:04:52 5376.92 123543.29 4988.51 5082.61 1.99 4.15 201.35 652.35
kringle_200_3 1 0.9204262877442273 0.9068953447672383 0.0795737122557727 0.09310465523276168 (naive) 1.0 0.7528089887640449 142.0605 0:02:22 5572.39 123536.41 5183.97 5310.77 1.99 4.51 142.59 301.62
peroxidase_500_1 1 0.8174193548387096 0.8137443802183687 0.18258064516129036 0.1862556197816313 (naive) 0.9817232375979112 0.5329512893982808 350.9329 0:05:50 7086.26 123543.26 6699.47 6793.73 1.99 6.28 262.01 968.99
gpdh_100_1 1 0.9376957132059173 0.9553355335533553 0.06230428679408273 0.04466446644664468 (naive) 1.038888888888889 0.8296089385474861 271.9157 0:04:31 6110.18 123607.18 5723.74 5908.80 1.99 3.77 191.88 574.84
PDZ_200_2 1 0.8955453149001537 0.9088074824629774 0.10445468509984634 0.09119251753702262 (naive) 1.009090909090909 0.7575757575757576 154.4592 0:02:34 5694.23 123601.83 5464.59 5569.95 1.99 3.90 138.71 311.62
tgfb_20_3 1 0.8059071729957806 0.8549686660698299 0.19409282700421937 0.1450313339301701 (naive) 1.1694915254237288 0.38461538461538464 247.3197 0:04:07 5353.86 123536.16 4972.90 5104.96 1.99 3.88 172.51 494.43
myb_DNA-binding_500_1 1 0.9438877755511023 0.9326732673267327 0.05611222444889774 0.06732673267326728 (naive) 1.0 0.7857142857142857 130.4230 0:02:10 5798.05 123535.32 5405.33 5530.64 1.99 4.95 99.64 183.49
msb_1000_1 1 0.861323155216285 0.8651757188498402 0.138676844783715 0.13482428115015976 (naive) 1.0 0.6413793103448275 168.0249 0:02:48 6830.47 123610.04 6442.00 6541.83 1.97 5.63 110.35 246.77
ldh_500_0 1 0.901118993637095 0.8919858104683993 0.09888100636290498 0.10801418953160069 (naive) 1.0 0.6216216216216216 198.5596 0:03:18 6781.45 123537.99 6394.10 6519.42 1.99 5.05 143.73 349.69
aldosered_200_1 1 0.8949118722979714 0.9154618132335431 0.10508812770202858 0.08453818676645686 (naive) 1.038860103626943 0.6676923076923077 281.2691 0:04:41 7201.08 123671.15 6812.52 6912.48 1.99 4.70 163.45 527.85
uce_100_3 1 0.8997245179063361 0.8886268819154726 0.10027548209366388 0.11137311808452743 (naive) 1.0054347826086956 0.536144578313253 194.4126 0:03:14 5743.93 123540.50 5717.19 5723.39 1.99 3.59 166.36 408.14
proteasome_1000_0 1 0.8309140092201014 0.814285180898331 0.1690859907798986 0.18571481910166898 (naive) 0.9838187702265372 0.33448275862068966 267.9015 0:04:27 7187.62 123540.68 7160.89 7167.09 1.99 5.46 271.53 816.99
kunitz_200_3 1 0.9928712871287129 0.9928712871287129 0.007128712871287135 0.007128712871287135 (naive) 1.0 0.9666666666666667 128.7665 0:02:08 5522.53 123472.24 5134.14 5228.25 1.99 3.94 123.55 246.73
rub_500_0 1 0.9918367346938776 0.9918367346938776 0.008163265306122436 0.008163265306122436 (naive) 1.0 0.9629629629629629 125.9438 0:02:05 5715.84 123665.99 5327.55 5452.15 1.99 4.15 128.81 225.58
asp_100_1 1 0.9137819996779907 0.9114340774048498 0.08621800032200932 0.08856592259515017 (naive) 1.0078947368421052 0.7032085561497327 359.6811 0:05:59 6894.41 123543.16 6506.98 6632.26 1.99 4.43 201.59 798.79
uce_20_0 1 0.795959595959596 0.7862844702467344 0.20404040404040402 0.21371552975326558 (naive) 1.0 0.2469879518072289 295.7341 0:04:55 5511.44 123607.35 5485.27 5491.53 1.99 3.52 204.54 683.50
cys_20_2 1 0.8397624295860887 0.8338399805447471 0.1602375704139113 0.16616001945525294 (naive) 1.0212014134275618 0.48134328358208955 413.9373 0:06:53 5747.71 123607.18 5357.97 5543.15 1.99 3.44 213.65 976.59
uce_500_3 1 0.8789715335169881 0.869312505676142 0.12102846648301191 0.13068749432385796 (naive) 1.0054347826086956 0.4578313253012048 169.0816 0:02:49 6678.63 123600.33 6290.80 6385.50 1.99 4.85 129.62 296.52
kringle_20_1 1 0.9282415630550621 0.9178082191780822 0.07175843694493789 0.0821917808219178 (naive) 1.01 0.7415730337078652 238.0420 0:03:58 5318.37 123604.65 5292.20 5298.97 1.99 3.50 174.16 496.37
ace_500_1 1 0.8863696985862897 0.8958080603854967 0.11363030141371033 0.10419193961450335 (naive) 1.035 0.7006920415224913 760.6606 0:12:40 8421.88 123546.01 8033.38 8158.76 1.98 5.99 199.83 1575.29
rhv_500_0 1 0.47385465282407846 0.5270127118644068 0.5261453471759215 0.4729872881355932 (naive) 1.2446581196581197 0.04004449388209121 219.1156 0:03:39 7323.01 123664.19 6934.74 7035.77 1.99 4.98 158.18 387.91
gluts_20_2 1 0.8114210526315789 0.8084001887682869 0.18857894736842107 0.1915998112317131 (naive) 0.9872340425531915 0.5407725321888412 388.4787 0:06:28 5750.54 123665.83 5724.54 5730.70 1.99 3.43 220.27 915.78
hr_200_2 1 1.0 1.0 0.0 0.0 (naive) 1.0 1.0 133.1744 0:02:13 5517.04 123536.27 5129.53 5265.78 1.99 3.67 112.37 256.18
ghf10_500_0 1 0.897876643073812 0.9272537417333797 0.10212335692618801 0.07274625826662029 (naive) 1.0961538461538463 0.7244582043343654 342.8093 0:05:42 7268.32 123735.33 6880.45 7004.94 1.99 5.20 176.95 677.18
ace_200_3 1 0.8140837556681781 0.8461325200998059 0.18591624433182186 0.15386747990019412 (naive) 1.095 0.5882352941176471 583.0241 0:09:43 7874.54 123536.24 7485.52 7610.94 1.99 5.04 201.60 1253.47
ghf13_100_2 1 0.647719221755954 0.6363782394517027 0.352280778244046 0.3636217605482973 (naive) 0.9840255591054313 0.2563667232597623 407.6923 0:06:47 7005.59 123543.16 6618.19 6745.87 1.99 3.92 187.88 828.51
LIM_100_0 1 0.9661290322580646 0.9661290322580646 0.03387096774193543 0.03387096774193543 (naive) 1.0 0.8536585365853658 152.7877 0:02:32 5423.74 123664.39 5035.77 5137.72 1.99 4.14 169.25 322.12
HLH_1000_3 1 0.8885298869143781 0.935374149659864 0.11147011308562194 0.06462585034013602 (naive) 1.173913043478261 0.6547619047619048 147.2730 0:02:27 5900.66 123600.93 5512.20 5697.35 1.99 4.64 146.34 265.20
tms_50_1 1 0.9701263883569513 0.9660564454614798 0.029873611643048692 0.03394355453852016 (naive) 0.9943977591036415 0.8736842105263158 483.4278 0:08:03 6430.62 123472.16 6044.20 6170.94 1.99 3.58 207.82 1097.02
Rhodanese_20_2 1 0.49620390455531455 0.4864433811802233 0.5037960954446854 0.5135566188197767 (naive) 1.0277777777777777 0.19270833333333334 324.3016 0:05:24 5431.06 123479.08 5042.91 5142.71 1.99 3.95 210.42 729.26
HMG_box_100_3 1 0.9645892351274787 0.9537815126050421 0.03541076487252126 0.04621848739495793 (naive) 1.0 0.8148148148148148 154.2214 0:02:34 5434.22 123665.75 5046.04 5188.51 1.99 3.49 145.15 290.75
proteasome_50_1 1 0.8043204937707167 0.7745166379278717 0.19567950622928332 0.22548336207212827 (naive) 0.9870550161812298 0.3689655172413793 306.4654 0:05:06 5788.36 123537.84 5399.68 5525.21 1.99 3.53 193.32 675.88
hla_200_0 1 1.0 1.0 0.0 0.0 (naive) 1.0 1.0 179.9550 0:02:59 6281.95 123601.95 5894.64 6005.27 1.99 3.62 174.48 423.97
tim_50_0 1 0.939840781617514 0.9435110344201253 0.060159218382485946 0.056488965579874706 (naive) 1.0269230769230768 0.8301158301158301 311.6556 0:05:11 5984.15 123601.74 5596.22 5781.30 1.99 3.52 182.10 635.96
zf-CCHH_200_3 1 0.9464859079557617 0.9411138701667258 0.05351409204423829 0.05888612983327424 (naive) 1.0769230769230769 0.7428571428571429 122.5570 0:02:02 5342.11 123604.64 4961.62 5142.57 1.99 3.76 134.45 223.15
mofe_20_2 1 0.5235877403846154 0.5396407556519046 0.4764122596153846 0.4603592443480954 (naive) 1.0082101806239738 0.2339622641509434 729.2804 0:12:09 6876.25 123601.99 6850.17 6856.31 1.99 3.53 224.06 1708.09
gluts_50_2 1 0.9312631578947368 0.9452933005662998 0.06873684210526321 0.05470669943370021 (naive) 1.0595744680851065 0.7553648068669528 267.0211 0:04:27 5570.33 123604.58 5181.56 5276.50 1.99 4.12 205.72 610.29
Rhodanese_50_3 1 0.7424078091106291 0.7089590885551528 0.2575921908893709 0.29104091144484723 (naive) 0.9444444444444444 0.421875 585.2184 0:09:45 5523.39 123543.34 5135.05 5278.18 25.99 3.46 67.62 397.92
adh_100_1 1 0.9857718120805369 0.9860365198711063 0.01422818791946312 0.013963480128893702 (naive) 1.0026666666666666 0.96 248.3722 0:04:08 5943.28 123665.97 5556.81 5681.70 1.99 4.21 186.18 558.08
oxidored_q6_1000_2 1 0.9542635658914729 0.9553744664338378 0.045736434108527124 0.04462553356616217 (naive) 1.0035087719298246 0.8759398496240601 220.8811 0:03:40 6670.65 123608.24 6282.53 6376.74 1.99 5.07 153.19 409.66
rrm_20_1 1 0.8189335015065518 0.7969314694851688 0.18106649849344825 0.2030685305148312 (naive) 0.9299363057324841 0.24324324324324326 243.6859 0:04:03 5348.12 123664.41 4960.03 5081.20 1.99 3.43 181.12 501.59
HLH_50_3 1 0.9402261712439418 0.941747572815534 0.05977382875605819 0.058252427184465994 (naive) 1.0108695652173914 0.8571428571428571 182.2532 0:03:02 5364.93 123543.10 4976.41 5161.67 1.99 3.59 157.22 379.81
il8_20_0 1 0.8539135348968635 0.8443699357362392 0.1460864651031365 0.1556300642637608 (naive) 0.9753086419753086 0.5454545454545454 205.4777 0:03:25 5293.99 123671.16 4905.24 4999.46 1.99 3.52 177.28 429.45
phc_200_3 1 0.7851083883129123 0.9109798775153106 0.2148916116870877 0.08902012248468938 (naive) 1.4134078212290502 0.31843575418994413 180.9089 0:03:00 6030.30 123602.00 5642.14 5768.16 1.99 3.80 167.56 379.89
rhv_200_2 1 0.2813601295361463 0.39747039827771796 0.7186398704638537 0.6025296017222821 (naive) 1.5352564102564104 0.018909899888765295 240.0239 0:04:00 6505.24 123601.98 6183.55 6302.74 1.99 3.77 182.13 492.61
aadh_50_0 1 0.7835624176237996 0.8270893371757925 0.21643758237620037 0.17291066282420753 (naive) 1.1420664206642066 0.40589569160997735 471.2964 0:07:51 6311.36 123602.05 5936.55 6019.22 1.99 3.59 206.29 1061.02
cyclo_1000_1 1 0.903010033444816 0.907563025210084 0.09698996655518399 0.09243697478991597 (naive) 1.0147783251231528 0.7513227513227513 253.4921 0:04:13 7164.32 123540.77 7137.98 7144.16 1.98 5.48 342.67 939.99
subt_1000_2 1 0.8044349267753523 0.8077830188679245 0.19556507322464767 0.19221698113207553 (naive) 1.1111111111111112 0.3239795918367347 541.0265 0:09:01 8291.58 123667.04 7902.75 8007.27 1.98 7.80 254.49 1436.25
kunitz_1000_0 1 0.9786138613861386 0.9786138613861386 0.021386138613861405 0.021386138613861405 (naive) 1.0 0.9 144.2288 0:02:24 5724.26 123539.10 5335.22 5429.41 1.98 5.18 133.10 224.25
blmb_100_2 1 0.6916558018252934 0.7237380627557981 0.3083441981747066 0.2762619372442019 (naive) 0.9912790697674418 0.41818181818181815 282.0916 0:04:42 6178.52 123536.27 6152.05 6158.31 1.99 3.89 186.17 616.69
proteasome_100_0 1 0.8303044157427516 0.808135869766752 0.1696955842572484 0.191864130233248 (naive) 1.0129449838187703 0.33448275862068966 246.8497 0:04:06 6044.55 123671.49 5655.33 5749.68 1.99 3.71 179.66 525.60
egf_1000_2 1 0.7676572751833269 0.7588706600534147 0.23234272481667306 0.24112933994658525 (naive) 1.028169014084507 0.35294117647058826 133.8044 0:02:13 5859.02 123539.04 5457.73 5554.22 1.98 5.27 101.61 183.71
kunitz_200_1 1 0.9857425742574257 0.9857425742574257 0.01425742574257427 0.01425742574257427 (naive) 1.0 0.9333333333333333 129.9202 0:02:09 5544.52 123543.39 5518.60 5524.79 1.99 4.03 126.96 230.08
zf-CCHH_500_2 1 0.9586157688191224 0.9518243003896564 0.04138423118087764 0.048175699610343625 (naive) 1.0256410256410255 0.8285714285714286 116.2970 0:01:56 5387.86 123609.85 4999.76 5094.60 1.98 3.84 132.10 262.38
ltn_50_1 1 0.9346200897104798 0.9305724725943971 0.06537991028952017 0.06942752740560287 (naive) 1.0 0.691699604743083 314.2254 0:05:14 5967.94 123600.17 5579.80 5697.93 1.99 3.61 182.40 637.97
HMG_box_500_1 1 0.9730878186968839 0.9621848739495799 0.026912181303116123 0.037815126050420145 (naive) 1.0 0.8518518518518519 133.9313 0:02:13 5994.77 123600.25 5606.40 5700.58 1.99 4.74 111.16 216.03
GEL_200_0 1 0.6676616915422886 0.6604330708661418 0.3323383084577114 0.3395669291338582 (naive) 1.0266666666666666 0.363013698630137 154.6984 0:02:34 5664.43 123543.29 5276.31 5401.58 1.99 3.78 153.89 319.69
hom_100_3 1 0.952994204764971 0.9475032010243278 0.04700579523502901 0.052496798975672165 (naive) 0.9591836734693877 0.6956521739130435 151.2136 0:02:31 5439.55 123472.53 5051.26 5145.46 1.99 4.12 140.79 313.18
hpr_500_1 1 1.0 1.0 0.0 0.0 (naive) 1.0 1.0 138.4627 0:02:18 5939.01 123608.11 5544.52 5645.62 1.99 4.95 98.11 178.52
gpdh_200_3 1 0.9479537846884786 0.9523757865046648 0.05204621531152143 0.04762421349533519 (naive) 1.0194444444444444 0.8435754189944135 214.7328 0:03:34 6696.80 123539.12 6309.28 6404.43 1.99 3.93 158.93 421.96
mmp_1000_2 1 0.9592265657839428 0.9685908319185059 0.04077343421605717 0.03140916808149408 (naive) 1.0444444444444445 0.8757396449704142 273.2966 0:04:33 7479.04 123603.33 7091.47 7217.48 1.98 5.88 163.36 498.11
flav_1000_3 1 0.8535825545171339 0.8577817531305904 0.14641744548286606 0.14221824686940965 (naive) 1.0218579234972678 0.6057142857142858 199.5665 0:03:19 6699.12 123608.20 6310.68 6437.82 1.98 5.89 121.92 303.36
ghf13_100_1 1 0.5837375333805657 0.5991162322407428 0.41626246661943433 0.40088376775925716 (naive) 1.1629392971246006 0.20882852292020374 412.5500 0:06:52 6767.00 123540.86 6379.68 6474.02 1.99 3.91 233.38 996.00
aat_200_2 1 0.8265773704617554 0.831707749600993 0.1734226295382446 0.16829225039900697 (naive) 1.0798319327731092 0.5144124168514412 306.7193 0:05:06 7679.12 123601.81 7291.33 7417.91 1.99 5.24 166.18 604.05
tim_200_2 1 0.9804595621494482 0.9793078521731273 0.019540437850551817 0.020692147826872676 (naive) 1.0038461538461538 0.9266409266409267 216.1962 0:03:36 6516.06 123600.32 6128.12 6255.58 1.99 4.75 168.84 457.48
sdr_1000_3 1 0.834796047910802 0.8237921455416962 0.16520395208919803 0.17620785445830378 (naive) 1.0637119113573408 0.3911671924290221 242.2017 0:04:02 7197.70 123673.98 7171.52 7177.76 1.97 5.67 163.32 453.37
sodfe_20_3 1 0.8934888972525404 0.8841713221601489 0.10651110274745956 0.11582867783985107 (naive) 1.0091324200913243 0.6172248803827751 351.3047 0:05:51 5443.84 123536.49 5055.23 5180.65 1.99 4.03 182.97 728.52
lyase_1_200_3 1 0.828395061728395 0.8290091425747467 0.17160493827160495 0.17099085742525333 (naive) 1.0039138943248533 0.6640159045725647 311.8878 0:05:11 7387.55 123607.23 6998.70 7093.89 1.99 4.37 182.13 645.16
msb_500_0 1 0.8594147582697201 0.8696491792726102 0.14058524173027986 0.1303508207273898 (naive) 1.0316455696202531 0.6344827586206897 158.3019 0:02:38 6469.76 123601.30 6081.14 6175.42 1.98 5.12 119.98 247.94
aat_200_0 1 0.8501351192574316 0.843249227900472 0.14986488074256843 0.15675077209952804 (naive) 1.0336134453781514 0.5631929046563193 321.9138 0:05:21 7754.84 123479.29 7728.43 7734.71 1.99 4.65 154.45 568.55
Ald_Xan_dh_2_500_2 1 0.8413443484791588 0.846669815777043 0.15865565152084116 0.15333018422295697 (naive) 1.023728813559322 0.640625 184.2948 0:03:04 6783.66 123533.70 6395.59 6520.40 1.99 4.74 149.24 321.26
msb_50_0 1 0.9290712468193384 0.9142410015649453 0.07092875318066161 0.08575899843505475 (naive) 1.0063291139240507 0.696551724137931 218.1102 0:03:38 5511.45 123600.73 5123.35 5308.49 1.99 3.51 168.09 460.38
gluts_50_3 1 0.9232105263157895 0.9369191325713064 0.07678947368421052 0.06308086742869357 (naive) 1.0510638297872341 0.7381974248927039 267.7390 0:04:27 5593.18 123601.82 5204.32 5332.68 1.99 3.52 191.82 588.33
aldosered_1000_1 1 0.9067176587961423 0.9269080401155873 0.0932823412038577 0.07309195988441275 (naive) 1.0362694300518134 0.7169230769230769 543.8062 0:09:03 7419.73 123540.78 7031.13 7156.79 1.98 7.19 194.45 1079.09
hpr_200_2 1 0.9953379953379954 1.0 0.004662004662004615 0.0 (naive) 1.0112359550561798 0.9886363636363636 144.7491 0:02:24 5528.73 123600.35 5140.00 5239.73 1.99 4.52 146.47 296.05
mmp_500_1 1 0.9461958806221101 0.9586882453151618 0.05380411937788987 0.041311754684838164 (naive) 1.0277777777777777 0.8579881656804734 230.8504 0:03:50 7287.33 123607.22 6899.91 6994.00 1.99 5.29 198.00 522.53
myb_DNA-binding_50_0 1 0.9478957915831663 0.9366336633663367 0.05210420841683372 0.06336633663366331 (naive) 1.0 0.7857142857142857 166.5521 0:02:46 5341.15 123535.46 4952.55 5052.38 1.99 4.16 130.88 323.28
mofe_100_3 1 0.8371394230769231 0.8387776606954689 0.16286057692307687 0.16122233930453111 (naive) 0.9901477832512315 0.6622641509433962 417.9197 0:06:57 7522.27 123543.10 7133.76 7233.53 1.99 4.43 196.55 887.44
egf_100_2 1 0.7695870320339637 0.7642775009582216 0.23041296796603628 0.23572249904177844 (naive) 1.0704225352112675 0.22058823529411764 149.7104 0:02:29 5331.14 123472.33 4943.29 5129.47 1.99 3.70 145.64 273.79
tgfb_500_1 1 0.8455696202531645 0.8820422535211268 0.1544303797468355 0.11795774647887325 (naive) 1.0847457627118644 0.36752136752136755 146.6808 0:02:26 6321.70 123602.80 5933.61 6118.65 1.99 4.33 132.33 295.83
ace_100_1 1 0.7774073086156308 0.8261054421768708 0.2225926913843692 0.17389455782312924 (naive) 1.155 0.5259515570934256 495.8426 0:08:15 8170.16 123602.19 7781.64 7893.13 1.99 4.18 199.54 1037.51
ldh_200_2 1 0.873509836904849 0.8642810623055214 0.12649016309515104 0.13571893769447863 (naive) 1.0107816711590296 0.5324324324324324 216.4416 0:03:36 6304.33 123607.18 5917.34 6012.17 1.99 3.71 170.75 441.94
kunitz_20_0 1 0.8423762376237623 0.851140456182473 0.15762376237623765 0.14885954381752697 (naive) 0.984375 0.2833333333333333 200.6217 0:03:20 5264.72 123535.61 4876.66 5012.79 5.99 3.91 155.36 395.32
hr_20_1 1 1.0 1.0 0.0 0.0 (naive) 1.0 1.0 211.0109 0:03:31 5297.87 123538.02 5271.50 5277.66 1.99 3.43 165.39 435.61
annexin_20_3 1 0.9824412946900782 0.9880851063829788 0.017558705309921763 0.01191489361702125 (naive) 1.0123839009287925 0.9465408805031447 411.1813 0:06:51 5408.17 123607.09 5382.95 5389.22 1.99 3.52 195.04 887.91
lyase_1_100_0 1 0.8185185185185185 0.8213577799801784 0.18148148148148147 0.17864222001982155 (naive) 1.0117416829745598 0.6421471172962226 378.8034 0:06:18 6887.63 123536.46 6500.05 6630.62 1.99 4.18 194.49 790.67
sodfe_1000_3 1 0.9094843808806925 0.9010067114093959 0.0905156191193075 0.09899328859060408 (naive) 0.9954337899543378 0.6411483253588517 166.5377 0:02:46 7087.65 123664.50 6699.25 6793.47 1.99 4.86 116.26 256.33
DEATH_1000_1 1 0.8710182767624021 0.8769716088328076 0.12898172323759793 0.12302839116719244 (naive) 1.0125786163522013 0.6612903225806451 163.0953 0:02:43 6828.37 123540.55 6440.10 6625.28 1.98 5.03 111.39 241.13
flav_20_1 1 0.7716955941255007 0.7754919499105546 0.2283044058744993 0.2245080500894454 (naive) 1.0218579234972678 0.46285714285714286 304.7534 0:05:04 5484.67 123601.75 5458.24 5464.44 1.99 3.50 195.15 668.84
Acetyltransf_20_2 1 0.5847750865051903 0.5630652070442647 0.4152249134948097 0.43693479295573534 (naive) 0.9519650655021834 0.1746031746031746 328.4710 0:05:28 5403.90 123607.28 5014.93 5109.71 1.99 3.52 193.23 711.33
hr_50_0 1 1.0 1.0 0.0 0.0 (naive) 1.0 1.0 168.1204 0:02:48 5349.67 123601.87 4961.77 5055.94 1.99 3.53 140.09 338.34
ghf1_50_0 1 0.9151231792843014 0.915946724262059 0.08487682071569858 0.08405327573794097 (naive) 1.0231316725978647 0.6958250497017893 493.1220 0:08:13 7101.83 123601.97 7075.78 7081.96 1.99 3.72 205.96 1116.96
zf-CCHH_200_1 1 0.9407777381377096 0.9341126461211477 0.059222261862290404 0.06588735387885225 (naive) 1.0256410256410255 0.7428571428571429 120.2893 0:02:00 5315.83 123600.19 4928.09 5113.22 1.99 3.69 123.06 225.63
tms_100_0 1 0.9226350057449253 0.9201680672268907 0.0773649942550747 0.0798319327731093 (naive) 0.9971988795518207 0.8070175438596491 301.3673 0:05:01 6533.08 123665.75 6145.41 6245.31 1.99 4.09 189.71 663.41
gluts_20_3 1 0.8457368421052631 0.840824655957302 0.15426315789473688 0.15917534404269795 (naive) 0.9829787234042553 0.630901287553648 366.7604 0:06:06 5717.07 123661.75 5329.04 5454.27 1.99 4.00 202.81 805.36
cah_20_0 1 0.7322970639032815 0.7269609944277754 0.26770293609671847 0.2730390055722246 (naive) 1.003584229390681 0.41697416974169743 422.0107 0:07:02 5879.40 123600.21 5490.53 5587.11 1.99 4.12 206.75 946.33
cyclo_20_0 1 0.782190635451505 0.7773161611965101 0.21780936454849498 0.22268383880348985 (naive) 0.9852216748768473 0.5238095238095238 314.7885 0:05:14 5535.52 123538.00 5146.55 5246.48 1.99 3.50 191.54 682.01
rvp_50_3 1 0.6806495263870095 0.6797297297297298 0.3193504736129905 0.3202702702702702 (naive) 1.0454545454545454 0.26126126126126126 193.0780 0:03:13 5443.34 123479.42 5416.79 5423.01 1.99 3.48 148.41 357.69
HLH_200_0 1 0.9353796445880452 0.9368932038834952 0.06462035541195477 0.06310679611650483 (naive) 1.0108695652173914 0.8571428571428571 139.4380 0:02:19 5523.89 123607.18 5135.67 5229.98 1.99 3.82 132.04 227.20
msb_20_1 1 0.8454198473282443 0.8435417327832434 0.15458015267175573 0.1564582672167566 (naive) 1.018987341772152 0.5172413793103449 284.2243 0:04:44 5441.14 123479.20 5414.43 5420.68 1.99 3.51 195.43 623.19
cryst_100_1 1 0.9141000282565697 0.9141000282565697 0.08589997174343034 0.08589997174343034 (naive) 1.0052083333333333 0.6850828729281768 201.8747 0:03:21 5591.45 123479.35 5202.86 5328.53 1.99 3.64 183.88 469.17
icd_1000_0 1 0.9409551374819103 0.94478349317059 0.059044862518089714 0.05521650682941004 (naive) 1.0161662817551964 0.8457300275482094 625.0168 0:10:25 8123.55 123473.96 8096.61 8102.87 1.99 6.54 250.84 1606.33
Rhodanese_200_3 1 0.8085683297180043 0.7914012738853503 0.1914316702819957 0.2085987261146497 (naive) 0.9953703703703703 0.546875 181.3683 0:03:01 6096.07 123607.11 5708.34 5802.34 1.99 4.33 158.47 366.61
hpr_500_2 1 1.0 1.0 0.0 0.0 (naive) 1.0 1.0 136.2264 0:02:16 5907.27 123607.28 5518.85 5622.05 1.99 4.36 99.11 202.23
ghf10_1000_2 1 0.9271991911021233 0.9290780141843972 0.07280080889787666 0.07092198581560283 (naive) 1.0164835164835164 0.7925696594427245 395.6751 0:06:35 7261.53 123604.60 6873.71 7059.01 1.98 6.70 182.36 775.01
HLH_200_3 1 0.9418416801292407 0.9418416801292407 0.058158319870759256 0.058158319870759256 (naive) 1.0 0.8571428571428571 143.2223 0:02:23 5633.70 123537.79 5244.77 5372.00 1.99 3.72 154.87 305.33
biotin_lipoyl_1000_0 1 0.9388646288209607 0.9423919849718222 0.06113537117903933 0.057608015028177806 (naive) 1.0089285714285714 0.7529411764705882 147.5427 0:02:27 6419.48 123539.00 6030.82 6125.30 1.98 5.51 142.88 247.80
tRNA-synt_2b_20_2 1 0.16871416871416872 0.18600451467268622 0.8312858312858313 0.8139954853273138 (naive) 1.145610278372591 0.005813953488372093 471.6551 0:07:51 5706.57 123671.21 5319.12 5437.64 1.99 3.91 208.33 1086.17
ghf10_1000_1 1 0.9278732726659926 0.9310111599594183 0.07212672733400738 0.0689888400405817 (naive) 1.0192307692307692 0.7987616099071208 402.6550 0:06:42 7329.67 123666.39 6941.09 7040.27 1.98 6.90 185.91 799.19
mofe_20_1 1 0.32421875 0.4924691921497033 0.67578125 0.5075308078502967 (naive) 1.4236453201970443 0.09245283018867924 730.8276 0:12:10 6848.61 123664.24 6528.70 6679.82 1.99 3.58 221.32 1700.55
subt_50_1 1 0.7680989223542415 0.7629339920406203 0.2319010776457585 0.2370660079593797 (naive) 1.036231884057971 0.32142857142857145 492.1770 0:08:12 6405.96 123607.17 6019.30 6139.70 1.99 4.16 201.82 1083.41
mmp_20_3 1 0.9726775956284153 0.971044901384809 0.02732240437158473 0.028955098615190966 (naive) 1.0 0.9230769230769231 483.7510 0:08:03 5611.59 123666.11 5224.41 5409.71 1.99 3.44 214.19 1128.60
aldosered_20_1 1 0.9231792484203525 0.914963744232037 0.07682075157964752 0.08503625576796303 (naive) 0.9792746113989638 0.72 525.1037 0:08:45 6081.42 123600.29 5693.86 5828.20 1.99 3.97 213.97 1193.62
biotin_lipoyl_1000_3 1 0.950093574547723 0.951875 0.04990642545227697 0.04812499999999997 (naive) 1.0089285714285714 0.8235294117647058 147.8999 0:02:27 6379.05 123540.77 5979.94 6079.66 1.98 5.41 126.73 244.71
ghf1_200_2 1 0.9164718575795721 0.9172140736074867 0.08352814242042794 0.08278592639251325 (naive) 1.01067615658363 0.709741550695825 489.0483 0:08:09 7967.97 123671.36 7579.89 7674.62 1.99 4.34 199.32 1068.81
hpr_20_0 1 1.0 1.0 0.0 0.0 (naive) 1.0 1.0 231.4039 0:03:51 5313.65 123479.31 4925.41 5043.05 1.99 3.41 158.60 442.39
aat_20_3 1 0.45828927270591 0.6926833599715858 0.54171072729409 0.3073166400284142 (naive) 1.6428571428571428 0.057649667405764965 592.2523 0:09:52 6446.26 123671.32 6057.27 6206.98 1.99 3.46 208.38 1349.72
uce_100_0 1 0.9292929292929293 0.9132749751827453 0.07070707070707072 0.08672502481725475 (naive) 0.9836956521739131 0.5903614457831325 198.0439 0:03:18 5716.96 123600.46 5328.66 5428.45 1.99 3.68 158.14 369.68
blm_200_2 1 0.936116910229645 0.9424127784783523 0.06388308977035495 0.05758722152164775 (naive) 1.032846715328467 0.7528089887640449 291.2555 0:04:51 7436.85 123600.16 7049.11 7234.22 1.99 4.75 210.43 687.79
uce_200_1 1 0.8987144168962351 0.8847405532453444 0.1012855831037649 0.1152594467546556 (naive) 0.9836956521739131 0.5120481927710844 180.5685 0:03:00 6035.77 123604.74 5647.11 5832.40 1.99 3.92 161.16 372.21
adh_20_1 1 0.9814765100671141 0.9817400644468314 0.018523489932885884 0.018259935553168627 (naive) 1.0026666666666666 0.9493333333333334 532.0985 0:08:52 5653.34 123538.02 5265.91 5396.32 2.00 3.93 215.67 1209.60
uce_1000_3 1 0.9095500459136823 0.9026701904675112 0.09044995408631773 0.09732980953248882 (naive) 1.016304347826087 0.572289156626506 180.0080 0:03:00 7458.70 123538.99 7070.25 7164.39 1.99 4.88 155.26 317.12
sodcu_20_3 1 0.7150856389986825 0.7215021601861084 0.2849143610013175 0.27849783981389165 (naive) 1.017751479289941 0.41566265060240964 309.5851 0:05:09 5512.60 123664.23 5124.73 5233.78 1.99 3.51 194.69 662.69
tms_500_1 1 0.9724243584833397 0.9709369024856597 0.027575641516660254 0.02906309751434033 (naive) 1.0028011204481793 0.887719298245614 388.1762 0:06:28 7534.78 123601.93 7145.93 7242.42 1.99 4.95 193.14 825.81
hormone_rec_200_1 1 0.7313841936957515 0.7131403118040089 0.26861580630424853 0.28685968819599106 (naive) 1.0227272727272727 0.46619217081850534 215.5752 0:03:35 6619.92 123597.83 6593.29 6599.58 1.99 3.98 176.55 478.91
icd_200_0 1 0.9241678726483358 0.9295487627365356 0.07583212735166422 0.07045123726346436 (naive) 1.0207852193995381 0.8209366391184573 304.9699 0:05:04 7749.34 123602.01 7360.78 7455.89 1.99 4.35 187.62 636.39
gpdh_1000_1 1 0.9618831659647986 0.9609492988133764 0.038116834035201386 0.03905070118662357 (naive) 1.0027777777777778 0.8770949720670391 243.1919 0:04:03 7076.47 123607.26 6688.14 6813.72 1.99 5.56 162.83 457.20
rhv_100_3 1 0.4084198495094771 0.45370860226431065 0.5915801504905229 0.5462913977356894 (naive) 1.2467948717948718 0.017797552836484983 318.3971 0:05:18 6390.39 123609.92 6002.04 6187.54 1.99 3.51 182.54 667.25
serpin_1000_3 1 0.9623687858981976 0.9569670113244707 0.03763121410180237 0.04303298867552929 (naive) 1.0047961630695443 0.8492462311557789 412.7419 0:06:52 7739.12 123536.52 7350.91 7445.14 1.98 8.45 211.74 925.33
asp_500_2 1 0.907221059410723 0.9061997426825346 0.09277894058927705 0.09380025731746544 (naive) 1.0157894736842106 0.7379679144385026 451.5328 0:07:31 7711.57 123609.95 7323.80 7423.73 1.98 6.01 184.66 914.34
sodcu_20_1 1 0.7947957839262187 0.7870189171559034 0.20520421607378125 0.21298108284409656 (naive) 0.9763313609467456 0.5421686746987951 315.1602 0:05:15 5488.86 123469.74 5100.41 5227.28 1.99 3.90 194.86 660.44
lyase_1_100_3 1 0.7874074074074074 0.7866304884065121 0.21259259259259256 0.21336951159348794 (naive) 0.9960861056751468 0.6242544731610338 364.2400 0:06:04 6992.80 123674.01 6605.29 6699.56 1.99 3.99 204.05 800.13
blmb_200_1 1 0.6861147327249022 0.7201505302771125 0.3138852672750978 0.2798494697228875 (naive) 1.0087209302325582 0.41454545454545455 251.0434 0:04:11 6704.29 123475.10 6307.68 6407.16 1.99 4.07 173.70 483.02
cryst_20_0 1 0.8974286521616276 0.8997167138810198 0.1025713478383724 0.10028328611898019 (naive) 1.0104166666666667 0.6408839779005525 330.5774 0:05:30 5389.13 123537.96 5000.90 5137.42 1.99 3.46 205.89 753.77
DMRL_synthase_50_3 1 0.9310580204778157 0.9051094890510949 0.06894197952218428 0.0948905109489051 (naive) 0.9615384615384616 0.757396449704142 235.9160 0:03:55 5599.62 123600.26 5210.86 5305.04 1.99 4.07 181.22 528.15
GEL_20_1 1 0.663681592039801 0.6216216216216216 0.33631840796019896 0.3783783783783784 (naive) 0.9333333333333333 0.3904109589041096 262.3066 0:04:22 5344.12 123601.75 4956.03 5081.31 1.99 3.56 205.91 584.10
kunitz_100_1 1 0.9536633663366336 0.9536633663366336 0.04633663366336638 0.04633663366336638 (naive) 1.0 0.7833333333333333 151.1393 0:02:31 5423.96 123543.11 5035.44 5130.44 1.99 3.75 145.72 260.24
cyclo_100_0 1 0.9088628762541806 0.9157540016849199 0.09113712374581939 0.08424599831508006 (naive) 1.0246305418719213 0.7513227513227513 226.1523 0:03:46 5842.18 123537.83 5453.81 5548.02 1.99 3.72 156.51 450.25
int_100_1 1 0.9198218262806236 0.9208472686733556 0.08017817371937641 0.07915273132664435 (naive) 1.0 0.801980198019802 231.8595 0:03:51 5955.95 123600.54 5567.50 5662.77 1.99 3.77 209.13 534.94
il8_1000_3 1 0.8827352359423566 0.8817386395709851 0.11726476405764341 0.11826136042901492 (naive) 0.9876543209876543 0.5844155844155844 139.5319 0:02:19 5737.23 123602.05 5326.44 5454.14 1.98 5.33 84.37 202.17
hla_50_0 1 1.0 1.0 0.0 0.0 (naive) 1.0 1.0 250.6667 0:04:10 5683.13 123671.42 5294.32 5388.68 1.99 3.55 176.61 509.99
mmp_200_0 1 0.9579655317360235 0.9664970313825275 0.0420344682639765 0.033502968617472484 (naive) 1.038888888888889 0.8875739644970414 238.2491 0:03:58 6574.27 123536.22 6186.47 6280.71 1.99 3.84 186.86 530.25
gpdh_100_3 1 0.9456862109923334 0.9622061085475719 0.05431378900766659 0.03779389145242806 (naive) 1.0361111111111112 0.8463687150837989 273.7653 0:04:33 5937.33 123664.25 5550.32 5650.00 1.99 3.62 181.90 562.73
Ald_Xan_dh_2_20_3 1 0.5544498685692828 0.6203129923327382 0.4455501314307172 0.3796870076672618 (naive) 1.1615819209039548 0.328125 791.8327 0:13:11 5925.98 123607.21 5536.98 5644.96 1.99 4.07 234.20 1937.50
HLH_50_0 1 0.925686591276252 0.9286871961102107 0.07431340872374803 0.07131280388978933 (naive) 1.0217391304347827 0.8571428571428571 171.6664 0:02:51 5341.09 123665.84 4952.26 5046.54 1.99 3.83 167.00 368.11
hr_500_2 1 0.9885714285714285 0.9885714285714285 0.011428571428571455 0.011428571428571455 (naive) 1.0 0.9493670886075949 127.0617 0:02:07 6015.50 123602.19 5627.00 5812.31 1.99 3.87 127.41 230.90
oxidored_q6_50_3 1 0.9410852713178295 0.9407206509104998 0.058914728682170514 0.059279349089500166 (naive) 1.0 0.8796992481203008 305.0776 0:05:05 5620.76 123664.30 5232.52 5326.69 1.99 3.60 191.45 641.63
uce_500_2 1 0.9280073461891644 0.9146529097655897 0.07199265381083564 0.08534709023441034 (naive) 0.9945652173913043 0.6024096385542169 171.5358 0:02:51 6749.31 123607.35 6360.62 6460.48 1.99 4.91 159.34 316.92
myb_DNA-binding_100_3 1 0.9519038076152304 0.9405940594059405 0.04809619238476959 0.05940594059405946 (naive) 1.0 0.8035714285714286 144.1981 0:02:24 5326.63 123469.73 4938.83 5066.78 1.99 3.56 169.84 307.94
tim_500_3 1 0.9781979373982269 0.9762549656915854 0.021802062601773087 0.02374503430841457 (naive) 1.0 0.915057915057915 286.7610 0:04:46 6644.58 123600.35 6262.37 6355.84 1.99 5.23 172.16 547.01
biotin_lipoyl_50_0 1 0.8989394884591391 0.8972602739726028 0.10106051154086093 0.10273972602739723 (naive) 1.0089285714285714 0.6352941176470588 191.3817 0:03:11 5343.00 123543.10 4954.73 5139.97 1.99 3.55 159.74 373.80
asp_50_2 1 0.8910803413298986 0.8924453761186809 0.10891965867010145 0.10755462388131909 (naive) 1.0052631578947369 0.6657754010695187 435.7025 0:07:15 6514.80 123665.81 6279.70 6372.06 1.99 3.68 205.03 976.00
flav_200_0 1 0.8242100578549176 0.8293775190326914 0.17578994214508237 0.1706224809673086 (naive) 1.0273224043715847 0.49142857142857144 180.9276 0:03:00 6083.39 123664.36 5694.97 5790.58 1.99 4.45 160.17 358.03
KAS_100_0 1 0.45189687696499686 0.6373041678983151 0.5481031230350031 0.3626958321016849 (naive) 1.504950495049505 0.0375 310.9926 0:05:10 6238.17 123671.27 5851.58 5976.92 1.99 3.60 187.68 671.37
adh_20_0 1 0.9771812080536912 0.9774436090225563 0.02281879194630876 0.022556390977443663 (naive) 1.0026666666666666 0.9386666666666666 539.8406 0:08:59 5646.38 123537.96 5259.15 5372.88 1.99 3.51 224.96 1272.79
asp_200_1 1 0.9042022218644341 0.9070499878866187 0.09579777813556589 0.09295001211338128 (naive) 1.0105263157894737 0.7085561497326203 301.8246 0:05:01 7403.35 123543.18 7015.68 7110.98 1.99 4.54 183.40 623.14
kringle_50_0 1 0.9410301953818828 0.9324181626187962 0.05896980461811718 0.06758183738120382 (naive) 1.03 0.797752808988764 179.1520 0:02:59 5397.07 123539.09 5009.31 5113.55 1.99 4.14 162.54 383.65
LIM_500_3 1 0.9467741935483871 0.9560260586319218 0.0532258064516129 0.043973941368078195 (naive) 1.0116279069767442 0.8292682926829268 133.6142 0:02:13 6000.92 123480.23 5606.63 5701.62 1.98 4.69 93.11 179.38
rhv_200_0 1 0.3234593770835318 0.38264788732394367 0.6765406229164682 0.6173521126760564 (naive) 1.2382478632478633 0.042269187986651836 236.1047 0:03:56 6536.31 123607.12 6147.21 6241.49 1.99 4.23 192.55 510.84
subt_200_2 1 0.7975269411439624 0.8048661461238148 0.2024730588560376 0.1951338538761852 (naive) 1.0893719806763285 0.34438775510204084 350.4651 0:05:50 7930.86 123671.22 7542.85 7642.86 1.99 5.14 168.98 663.17
cryst_100_2 1 0.9203164735801074 0.9174647887323943 0.07968352641989263 0.08253521126760566 (naive) 1.0104166666666667 0.7071823204419889 202.4115 0:03:22 5617.96 123479.32 5229.80 5324.07 1.99 4.16 185.68 453.77
ltn_200_0 1 0.9380861764306103 0.9359869804027938 0.06191382356938968 0.06401301959720618 (naive) 1.00711743772242 0.7233201581027668 229.3081 0:03:49 6539.16 123537.92 6151.26 6245.52 1.99 4.04 150.68 407.01
asp_100_2 1 0.9121719529866366 0.9111084308286094 0.08782804701336344 0.08889156917139063 (naive) 0.9973684210526316 0.7112299465240641 353.1541 0:05:53 6924.44 123602.04 6536.96 6631.08 1.99 4.39 210.70 806.95
sodcu_500_2 1 0.9166666666666666 0.9233576642335767 0.08333333333333337 0.07664233576642332 (naive) 1.0236686390532543 0.7891566265060241 185.3044 0:03:05 6835.94 123543.11 6588.13 6670.62 1.99 4.72 154.43 307.45
mmp_200_1 1 0.9588062211013031 0.9640743871513102 0.04119377889869691 0.03592561284868978 (naive) 1.0222222222222221 0.8757396449704142 242.1852 0:04:02 6468.46 123600.21 6080.43 6180.38 1.99 3.93 177.94 501.11
ltn_20_2 1 0.9560962348783472 0.9533748983464353 0.04390376512165284 0.046625101653564704 (naive) 1.00711743772242 0.758893280632411 419.7383 0:06:59 5819.23 123600.27 5431.39 5556.62 1.99 3.60 205.37 951.70
zf-CCHH_50_1 1 0.9118801284338209 0.8968421052631579 0.08811987156617906 0.10315789473684212 (naive) 1.0 0.7142857142857143 150.0477 0:02:30 5252.30 123607.18 4863.71 4957.97 1.99 3.51 154.10 301.96
sdr_200_2 1 0.8153667825798974 0.8029570038593249 0.18463321742010264 0.1970429961406751 (naive) 1.0526315789473684 0.3438485804416404 232.7729 0:03:52 6544.63 123607.78 6155.95 6250.51 1.99 3.98 196.20 521.84
sdr_100_2 1 0.7986973560744053 0.7861566880365098 0.20130264392559472 0.21384331196349016 (naive) 1.03601108033241 0.3470031545741325 272.4862 0:04:32 6140.71 123537.83 5753.80 5938.70 1.99 3.87 192.70 567.19
mmp_20_2 1 0.9546027742749055 0.9590371621621622 0.045397225725094525 0.04096283783783783 (naive) 1.0277777777777777 0.8757396449704142 313.5331 0:05:13 5536.27 123472.17 5510.09 5516.28 1.99 3.41 192.35 671.17
oxidored_q6_20_3 1 0.937984496124031 0.944206008583691 0.06201550387596899 0.05579399141630903 (naive) 1.0140350877192983 0.8458646616541353 412.9013 0:06:52 5536.77 123607.08 5149.11 5274.48 1.99 3.54 222.87 979.50
biotin_lipoyl_100_1 1 0.9482220835932627 0.9319435928877989 0.051777916406737345 0.06805640711220107 (naive) 0.9553571428571429 0.8117647058823529 159.6744 0:02:39 5456.25 123668.57 5067.96 5163.59 1.99 4.26 143.07 314.37
GEL_20_2 1 0.5741293532338309 0.5679133858267716 0.42587064676616915 0.43208661417322836 (naive) 1.0066666666666666 0.2534246575342466 277.1060 0:04:37 5368.29 123537.87 4979.96 5074.13 1.99 3.95 180.88 581.26
rub_500_3 1 0.9918367346938776 0.9918367346938776 0.008163265306122436 0.008163265306122436 (naive) 1.0 0.9629629629629629 125.2078 0:02:05 5799.07 123472.28 5411.01 5505.85 1.99 4.18 123.44 219.76
blmb_50_0 1 0.7161016949152542 0.73997979117548 0.2838983050847458 0.26002020882452004 (naive) 0.9912790697674418 0.3890909090909091 330.8850 0:05:30 5894.39 123600.26 5506.36 5603.77 1.99 3.61 204.94 721.95
proteasome_500_1 1 0.858345715700842 0.8448269396632542 0.14165428429915805 0.15517306033674583 (naive) 1.0194174757281553 0.4206896551724138 199.8327 0:03:19 6887.22 123543.37 6498.11 6592.54 1.99 5.24 134.08 339.34
sdr_20_3 1 0.6135673676657283 0.6032125027132624 0.3864326323342717 0.39678749728673757 (naive) 1.0083102493074791 0.20504731861198738 446.6102 0:07:26 5877.98 123607.14 5490.01 5615.68 1.99 4.03 218.37 1019.49
rvp_100_1 1 0.7090663058186739 0.7038280725319006 0.2909336941813261 0.2961719274680994 (naive) 1.0075757575757576 0.2882882882882883 173.5541 0:02:53 5533.48 123601.88 5145.95 5273.89 1.99 3.46 171.02 356.08
subt_50_3 1 0.7517269964078475 0.7464672794622034 0.24827300359215254 0.25353272053779663 (naive) 1.0096618357487923 0.29846938775510207 487.9472 0:08:07 6407.41 123607.16 6020.23 6153.28 1.99 3.67 209.09 1088.03
serpin_50_0 1 0.9596949891067538 0.9514038876889849 0.04030501089324623 0.04859611231101513 (naive) 0.9952038369304557 0.8241206030150754 421.2283 0:07:01 6634.65 123671.18 6246.72 6365.95 1.99 3.62 210.09 959.48
DMRL_synthase_100_0 1 0.9133105802047782 0.8878566688785667 0.08668941979522182 0.11214333112143327 (naive) 0.9615384615384616 0.7159763313609467 202.2220 0:03:22 5757.11 123540.85 5731.08 5737.26 1.99 3.78 185.76 482.01
aldosered_500_1 1 0.9145327569005653 0.935692412385165 0.08546724309943465 0.06430758761483502 (naive) 1.0414507772020725 0.7353846153846154 428.1874 0:07:08 7380.95 123668.55 7354.86 7361.73 1.98 5.37 190.18 864.36
myb_DNA-binding_100_1 1 0.9158316633266533 0.9195171026156942 0.08416833667334667 0.08048289738430581 (naive) 1.0327868852459017 0.75 136.9285 0:02:16 5363.82 123543.11 5338.29 5344.47 1.99 3.52 147.88 284.79
ltn_20_3 1 0.9222509174935436 0.9172017573504563 0.0777490825064564 0.08279824264954372 (naive) 0.9893238434163701 0.7272727272727273 416.6956 0:06:56 5796.91 123607.09 5407.87 5507.30 1.99 3.46 209.44 947.18
aat_500_3 1 0.8294559981200799 0.8309204331450094 0.17054400187992014 0.1690795668549906 (naive) 1.065126050420168 0.5121951219512195 440.6576 0:07:20 7777.04 123609.86 7644.89 7651.70 1.98 5.55 179.57 832.23
mofe_500_2 1 0.849609375 0.860206875570429 0.150390625 0.13979312442957104 (naive) 1.0311986863711002 0.6716981132075471 532.1325 0:08:52 8514.18 123601.84 8487.68 8493.84 1.99 4.91 190.60 1109.71
icd_1000_1 1 0.9452966714905934 0.9480406386066763 0.054703328509406624 0.05195936139332369 (naive) 1.0115473441108545 0.859504132231405 624.7441 0:10:24 8072.05 123536.32 7683.12 7777.52 1.99 7.89 202.17 1290.43
KAS_100_3 1 0.49612240620415005 0.6716799091940976 0.50387759379585 0.3283200908059024 (naive) 1.4801980198019802 0.2075 308.4637 0:05:08 6287.33 123600.36 5909.35 6034.87 1.99 3.57 201.78 684.34
OTCace_20_1 1 0.8674418604651163 0.9262149698474637 0.1325581395348837 0.07378503015253635 (naive) 1.0914285714285714 0.7091988130563798 498.8106 0:08:18 5691.12 123607.09 5665.34 5672.29 1.99 3.56 207.94 1097.99
cah_200_0 1 0.8920552677029361 0.8951473136915078 0.10794473229706392 0.1048526863084922 (naive) 1.007168458781362 0.6937269372693727 225.5731 0:03:45 6547.04 123538.00 6521.51 6527.66 1.99 4.43 157.89 397.13
tRNA-synt_2b_1000_1 1 0.5331695331695332 0.5187250996015936 0.4668304668304668 0.48127490039840637 (naive) 0.9250535331905781 0.26453488372093026 306.8256 0:05:06 7602.97 123666.17 7214.09 7308.52 1.99 5.79 174.57 557.14
aldosered_50_2 1 0.8688061190555371 0.864493712772998 0.13119388094446294 0.13550628722700198 (naive) 0.9844559585492227 0.5723076923076923 375.0044 0:06:15 6302.57 123600.38 5914.80 6050.59 1.99 4.15 189.06 803.61
sodfe_50_2 1 0.8596161083929243 0.8512858740216176 0.14038389160707565 0.1487141259783824 (naive) 0.9954337899543378 0.5933014354066986 242.5576 0:04:02 5545.27 123540.64 5156.49 5256.29 1.99 3.46 189.79 535.96
aadh_100_3 1 0.8326115609113162 0.8301886792452831 0.16738843908868384 0.16981132075471694 (naive) 0.996309963099631 0.4852607709750567 386.4373 0:06:26 6661.77 123665.87 6274.66 6368.75 1.99 3.72 202.41 862.14
hormone_rec_100_1 1 0.7523983554134308 0.730700976042591 0.2476016445865692 0.269299023957409 (naive) 1.0227272727272727 0.498220640569395 253.7918 0:04:13 6175.33 123543.17 5787.39 5887.27 1.99 4.19 180.47 535.02
ace_200_0 1 0.7804747932782076 0.8632541672813099 0.21952520672179243 0.13674583271869012 (naive) 1.175 0.5415224913494809 586.4528 0:09:46 8078.14 123601.95 7689.61 7814.24 1.99 4.17 195.38 1229.48
flav_20_2 1 0.7872719181130396 0.7914988814317674 0.21272808188696035 0.2085011185682326 (naive) 1.0218579234972678 0.45714285714285713 310.4606 0:05:10 5507.44 123602.08 5118.74 5213.01 1.99 3.97 189.70 658.47
sdr_200_0 1 0.8206104763481813 0.8081648184387911 0.1793895236518187 0.19183518156120893 (naive) 1.03601108033241 0.35962145110410093 230.8722 0:03:50 6564.28 123607.11 6176.97 6362.18 1.99 4.33 192.85 501.21
zf-CCHH_100_2 1 0.9550481626828398 0.9496275274920184 0.04495183731716024 0.0503724725079816 (naive) 1.0769230769230769 0.7428571428571429 136.6861 0:02:16 5262.23 123664.48 4874.18 4998.70 1.99 3.76 91.29 221.99
biotin_lipoyl_100_2 1 0.9482220835932627 0.9319435928877989 0.051777916406737345 0.06805640711220107 (naive) 0.9553571428571429 0.8117647058823529 166.6691 0:02:46 5431.52 123599.66 5042.55 5136.87 1.99 3.62 142.08 290.09
peroxidase_50_3 1 0.8196774193548387 0.8236628849270664 0.18032258064516127 0.1763371150729336 (naive) 1.0156657963446476 0.5272206303724928 389.9155 0:06:29 6194.54 123473.88 5806.54 5904.93 1.99 3.68 205.46 882.62
asp_20_2 1 0.8008372242795041 0.8001608686909311 0.1991627757204959 0.19983913130906894 (naive) 1.0473684210526315 0.34759358288770054 595.8800 0:09:55 6218.73 123479.14 6193.21 6199.40 1.99 3.58 229.95 1433.47
ldh_500_3 1 0.894317267607694 0.8915460610258467 0.10568273239230597 0.10845393897415334 (naive) 1.0512129380053907 0.581081081081081 189.8427 0:03:09 6825.50 123601.78 6799.69 6806.65 1.99 4.27 157.36 353.58
ldh_100_1 1 0.853068090397133 0.8415888019048307 0.14693190960286695 0.15841119809516935 (naive) 0.9865229110512129 0.47297297297297297 268.2853 0:04:28 6063.36 123538.01 5675.62 5769.87 1.99 3.62 201.34 599.09
proteasome_100_3 1 0.8139215910389759 0.7995733213563889 0.18607840896102412 0.20042667864361108 (naive) 1.0032362459546926 0.3 242.8419 0:04:02 6066.66 123600.31 5678.28 5774.95 1.99 4.10 185.87 536.44
DEATH_500_2 1 0.8798955613577023 0.8748701973001038 0.1201044386422977 0.12512980269989615 (naive) 1.0062893081761006 0.6693548387096774 165.4553 0:02:45 6360.14 123600.49 5971.56 6067.19 1.99 4.87 123.29 262.30
mofe_500_3 1 0.86328125 0.8834563345633456 0.13671875 0.1165436654366544 (naive) 1.0459770114942528 0.7094339622641509 531.5469 0:08:51 8263.84 123598.07 8236.98 8243.25 1.99 5.09 190.99 1066.13
ghf5_200_1 1 0.6808928133431444 0.6695610226724554 0.31910718665685556 0.33043897732754457 (naive) 0.9914893617021276 0.37532133676092544 289.2124 0:04:49 7217.74 123601.82 6830.70 6960.00 1.99 4.45 168.09 535.08
cys_100_1 1 0.9049718344354641 0.9020445529447666 0.09502816556453586 0.0979554470552334 (naive) 0.9964664310954063 0.5671641791044776 261.1027 0:04:21 6117.39 123664.43 5729.15 5854.58 1.99 4.47 200.46 600.84
p450_50_1 1 0.5506477483035164 0.5619963062458025 0.44935225169648363 0.43800369375419745 (naive) 1.185546875 0.2905811623246493 471.5428 0:07:51 6898.15 123537.82 6510.14 6621.25 1.99 3.73 200.43 1038.38
Acetyltransf_1000_1 1 0.6356895699456253 0.6475327291037261 0.3643104300543747 0.35246727089627394 (naive) 1.0305676855895196 0.3386243386243386 177.0760 0:02:57 7014.59 123540.81 6626.96 6755.98 1.96 6.15 138.61 314.78
ace_20_1 1 0.6825820218724993 0.769624060150376 0.3174179781275007 0.230375939849624 (naive) 1.1666666666666667 0.43079584775086505 810.8760 0:13:30 7430.41 123536.39 7403.89 7410.15 1.99 3.48 228.60 1966.12
p450_20_2 1 0.21760230310507916 0.2952731737262124 0.7823976968949209 0.7047268262737876 (naive) 1.55859375 0.0 638.8745 0:10:38 6649.39 123601.88 6262.68 6446.10 1.99 3.47 228.35 1494.42
sodfe_200_0 1 0.9076025592773805 0.9003173417957813 0.09239744072261946 0.09968265820421873 (naive) 0.9908675799086758 0.6507177033492823 167.7459 0:02:47 6044.62 123672.20 5655.89 5750.18 1.99 4.36 136.16 348.35
ghf13_200_0 1 0.6644503787672352 0.6503440550488078 0.33554962123276477 0.34965594495119223 (naive) 0.987220447284345 0.3089983022071307 333.4789 0:05:33 7458.29 123536.25 7347.16 7353.99 1.99 4.27 183.45 717.50
biotin_lipoyl_500_3 1 0.9332501559575795 0.935 0.06674984404242046 0.06499999999999995 (naive) 1.0089285714285714 0.7647058823529411 141.7205 0:02:21 5733.92 123601.87 5345.47 5439.58 1.99 5.09 140.25 265.63
Ald_Xan_dh_2_500_3 1 0.8424708974840406 0.8475632791839819 0.15752910251595942 0.1524367208160181 (naive) 1.0214689265536723 0.6442307692307693 185.4726 0:03:05 6807.84 123537.88 6782.05 6788.38 1.99 4.66 154.41 334.31
adh_1000_3 1 0.9578523489932886 0.9638033495407887 0.04214765100671136 0.03619665045921128 (naive) 1.0133333333333334 0.912 234.4996 0:03:54 6881.93 123604.77 6494.01 6588.32 1.98 6.26 166.27 412.73
p450_100_0 1 0.49356364384125023 0.6664260328742782 0.5064363561587497 0.33357396712572185 (naive) 1.767578125 0.002004008016032064 418.6639 0:06:58 7516.40 123538.66 7489.80 7496.07 1.99 3.97 326.55 1484.15
sodfe_500_2 1 0.9087316522393677 0.8992551210428306 0.0912683477606323 0.10074487895716944 (naive) 0.9954337899543378 0.6507177033492823 264.0925 0:04:24 6294.27 107271.65 5905.77 6091.22 5.99 4.42 86.28 232.38
tim_20_2 1 0.938031481816537 0.9354082092918358 0.06196851818346305 0.06459179070816423 (naive) 1.0 0.833976833976834 400.7904 0:06:40 5824.13 123601.96 5435.48 5571.95 1.99 3.51 207.38 899.01
serpin_20_1 1 0.9453357100415924 0.9383662636390445 0.05466428995840755 0.06163373636095548 (naive) 1.0 0.8090452261306532 576.1244 0:09:36 6481.62 123607.44 6092.88 6212.91 1.99 3.48 216.64 1334.06
mofe_50_0 1 0.6615084134615384 0.7355496157701303 0.33849158653846156 0.26445038422986966 (naive) 1.1477832512315271 0.32452830188679244 505.1155 0:08:25 7010.20 123607.09 6985.43 6991.72 1.99 3.78 219.90 1210.03
DEATH_50_3 1 0.816710182767624 0.8244596731681603 0.18328981723237603 0.17554032683183973 (naive) 1.0440251572327044 0.4435483870967742 215.7049 0:03:35 5459.07 123535.41 5070.35 5180.45 1.99 3.63 175.77 449.99
serpin_1000_1 1 0.953852247969895 0.9508390918065153 0.046147752030105016 0.04916090819348473 (naive) 1.0095923261390887 0.8266331658291457 447.8892 0:07:27 7969.05 123602.17 7580.79 7675.02 1.98 7.05 188.04 909.03
int_1000_3 1 0.8507795100222717 0.8618161308516639 0.1492204899777283 0.13818386914833614 (naive) 1.0319634703196348 0.6287128712871287 202.3114 0:03:22 6981.92 123602.07 6593.16 6689.66 1.98 5.90 220.57 479.31
cys_50_3 1 0.8818883174136665 0.8772688512608113 0.11811168258633353 0.12273114873918867 (naive) 1.0141342756183747 0.5335820895522388 339.9273 0:05:39 5960.51 123664.44 5572.76 5698.15 1.99 3.98 203.06 749.77
cah_20_1 1 0.6835060449050087 0.6785255036433776 0.31649395509499134 0.3214744963566224 (naive) 0.985663082437276 0.36531365313653136 427.3404 0:07:07 5824.55 123600.21 5435.78 5549.61 1.99 4.05 206.66 980.72
icd_50_0 1 0.8824891461649783 0.8868528214077952 0.11751085383502169 0.1131471785922048 (naive) 1.0 0.7355371900826446 454.2081 0:07:34 6672.94 123543.18 6285.70 6381.39 1.99 3.78 206.95 1008.40
rub_500_2 1 0.9918367346938776 0.9918367346938776 0.008163265306122436 0.008163265306122436 (naive) 1.0 0.9629629629629629 123.3593 0:02:03 5813.81 123607.18 5787.78 5794.02 1.99 4.36 115.86 187.70
mmp_100_3 1 0.9415720891130728 0.9515717926932881 0.058427910886927226 0.048428207306711935 (naive) 1.0333333333333334 0.8402366863905325 278.1326 0:04:38 6113.30 123543.34 5725.91 5851.28 1.99 4.25 190.55 649.69
kunitz_20_3 1 0.9322772277227723 0.9356120826709062 0.06772277227722767 0.06438791732909377 (naive) 1.015625 0.65 216.0402 0:03:36 5274.87 123664.28 4886.43 4981.91 1.99 3.91 161.15 407.83
rub_500_1 1 0.9918367346938776 0.9918367346938776 0.008163265306122436 0.008163265306122436 (naive) 1.0 0.9629629629629629 122.5890 0:02:02 5754.30 123666.03 5365.95 5462.95 1.99 4.39 128.91 217.51
phc_20_1 1 0.8969839773798304 0.8990175703759683 0.10301602262016962 0.1009824296240317 (naive) 1.0335195530726258 0.6759776536312849 311.2900 0:05:11 5543.67 123600.23 5154.88 5258.04 1.99 3.39 190.72 697.66
HLH_500_3 1 0.9402261712439418 0.941747572815534 0.05977382875605819 0.058252427184465994 (naive) 1.0108695652173914 0.8571428571428571 136.5159 0:02:16 6088.56 123539.80 5700.34 5795.33 1.99 3.67 140.50 239.79
cyclo_50_0 1 0.9502508361204013 0.9506482643245504 0.04974916387959871 0.04935173567544959 (naive) 1.0049261083743843 0.8359788359788359 264.6572 0:04:24 5664.54 123536.23 5275.62 5369.91 1.99 4.14 189.24 561.85
DMRL_synthase_200_3 1 0.9242320819112628 0.8955026455026455 0.07576791808873717 0.10449735449735453 (naive) 0.945054945054945 0.727810650887574 172.6434 0:02:52 5962.48 123471.66 5574.60 5672.80 1.99 4.46 160.79 365.77
phc_200_2 1 0.6386427898209237 0.8235294117647058 0.3613572101790763 0.17647058823529416 (naive) 1.9720670391061452 0.0 175.1682 0:02:55 5948.79 123665.82 5560.29 5655.44 1.99 4.07 175.72 415.88
ghf13_50_3 1 0.46601994659109486 0.480825461088619 0.5339800534089052 0.519174538911381 (naive) 1.134185303514377 0.11714770797962648 482.8794 0:08:02 6714.29 123600.37 6326.55 6420.78 1.99 4.09 216.50 1145.56
zf-CCHH_20_1 1 0.8819122368890474 0.8738069989395546 0.11808776311095259 0.1261930010604454 (naive) 1.0512820512820513 0.5142857142857142 189.8467 0:03:09 5214.14 123665.82 4826.40 5011.43 1.99 3.57 143.21 351.33
asp_200_2 1 0.9006198679761713 0.9014907332796133 0.09938013202382867 0.09850926672038673 (naive) 1.0157894736842106 0.6711229946524064 303.5773 0:05:03 7606.61 123795.17 7219.00 7314.31 1.99 4.51 176.48 572.64
lyase_1_200_2 1 0.8701234567901235 0.8711990111248454 0.12987654320987652 0.12880098887515457 (naive) 1.0039138943248533 0.7375745526838966 304.4701 0:05:04 7401.17 123668.68 7013.97 7139.48 1.99 5.00 185.65 626.44
biotin_lipoyl_200_1 1 0.924516531503431 0.9222153080273802 0.07548346849656895 0.07778469197261983 (naive) 1.0089285714285714 0.6823529411764706 140.7192 0:02:20 5608.55 123535.27 5229.52 5410.38 1.99 3.88 146.70 330.08
hr_500_1 1 0.9771428571428571 0.9771428571428571 0.02285714285714291 0.02285714285714291 (naive) 1.0 0.9240506329113924 131.9164 0:02:11 5866.92 123538.08 5478.26 5572.50 1.99 4.46 122.05 230.23
ldh_1000_0 1 0.8875886784173188 0.8819126516968243 0.11241132158268119 0.11808734830317569 (naive) 1.005390835579515 0.5945945945945946 224.2865 0:03:44 6768.09 123535.36 6380.36 6474.61 1.99 5.06 149.12 378.59
subt_1000_1 1 0.7949709864603481 0.8032947089208432 0.20502901353965186 0.1967052910791568 (naive) 1.144927536231884 0.35459183673469385 628.7628 0:10:28 8270.87 123539.12 8244.11 8250.38 1.98 6.16 851.32 5402.02
adh_500_3 1 0.9680536912751678 0.9730167296276309 0.03194630872483217 0.02698327037236914 (naive) 1.016 0.92 190.7182 0:03:10 6945.89 123545.86 6558.18 6668.93 1.98 4.71 146.03 348.88
cyclo_50_2 1 0.8382107023411371 0.8389121338912134 0.16178929765886285 0.16108786610878656 (naive) 1.0049261083743843 0.656084656084656 255.9613 0:04:15 5626.94 123536.43 5239.46 5425.19 1.99 3.50 172.47 539.34
uce_50_0 1 0.9104683195592287 0.8945326596896427 0.08953168044077131 0.10546734031035732 (naive) 0.967391304347826 0.5662650602409639 222.8974 0:03:42 5604.90 123479.32 5216.54 5310.92 1.99 4.01 166.52 435.81
Sulfotransfer_200_2 1 0.7590814196242172 0.7736170212765957 0.24091858037578284 0.2263829787234043 (naive) 1.0026246719160106 0.44932432432432434 262.4098 0:04:22 6918.87 123668.60 6531.16 6658.31 1.99 4.62 213.22 649.16
ghf5_20_1 1 0.2097130242825607 0.19777931991672448 0.7902869757174393 0.8022206800832755 (naive) 0.9446808510638298 0.0 563.6661 0:09:23 6098.34 123600.42 6056.59 6063.46 1.99 3.50 225.78 1386.32
blmb_20_2 1 0.5104302477183833 0.5122669283611384 0.4895697522816167 0.4877330716388616 (naive) 0.9534883720930233 0.16727272727272727 432.6082 0:07:12 5720.57 123479.23 5332.24 5455.60 1.99 3.53 206.01 975.93
cah_100_1 1 0.7616580310880829 0.7747035573122529 0.23834196891191706 0.22529644268774707 (naive) 1.032258064516129 0.4317343173431734 262.0188 0:04:22 6216.92 123472.17 6191.29 6197.51 1.99 3.62 170.62 574.64
KAS_50_0 1 0.44728568434290505 0.5819470957185711 0.552714315657095 0.41805290428142894 (naive) 1.3663366336633664 0.115 395.0737 0:06:35 5996.52 123664.45 5608.07 5713.09 1.99 3.51 213.95 896.55
int_50_2 1 0.7828507795100222 0.785036292573981 0.21714922048997776 0.214963707426019 (naive) 1.0091324200913243 0.5445544554455446 280.3268 0:04:40 5727.66 123543.16 5339.07 5433.32 1.99 3.62 182.65 616.95
LIM_100_3 1 0.9596774193548387 0.9596774193548387 0.040322580645161255 0.040322580645161255 (naive) 1.0 0.8414634146341463 152.9212 0:02:32 5432.57 123664.18 5044.07 5229.30 1.99 3.78 150.46 290.61
gluts_100_0 1 0.9426315789473684 0.9406018591460532 0.057368421052631624 0.05939814085394679 (naive) 1.004255319148936 0.7510729613733905 233.5997 0:03:53 5723.28 123661.76 5334.27 5428.70 1.99 4.34 202.34 540.75
rhv_100_1 1 0.32545956757786454 0.4380207665683887 0.6745404324221355 0.5619792334316114 (naive) 1.3632478632478633 0.03781979977753059 299.2297 0:04:59 6252.93 123729.22 5864.53 5958.73 1.99 3.56 193.99 677.26
proteasome_1000_3 1 0.8407056044500324 0.823665546845838 0.1592943955499676 0.17633445315416196 (naive) 1.0097087378640777 0.35517241379310344 227.6029 0:03:47 7075.56 123482.06 6755.28 6908.50 1.99 5.57 132.78 370.83
ltn_200_3 1 0.9364550767976078 0.9345496473141617 0.06354492320239225 0.06545035268583832 (naive) 1.00355871886121 0.7470355731225297 220.7298 0:03:40 6669.34 123600.36 6280.83 6375.16 1.99 4.36 155.77 444.71
uce_1000_1 1 0.8935720844811754 0.8922611406565194 0.10642791551882458 0.1077388593434806 (naive) 1.0054347826086956 0.5783132530120482 187.5076 0:03:07 7449.89 123540.84 7423.48 7429.82 1.99 5.31 132.32 292.00
ltn_100_2 1 0.9402609759412804 0.9373306233062331 0.05973902405871956 0.06266937669376693 (naive) 1.0 0.7470355731225297 266.4209 0:04:26 6200.68 123601.78 5843.72 6003.52 1.99 3.75 191.12 573.46
adh_50_3 1 0.9608053691275168 0.9641702586206896 0.039194630872483205 0.03582974137931039 (naive) 1.008 0.9226666666666666 329.0242 0:05:29 5731.23 123536.16 5682.32 5688.90 1.99 3.59 195.68 773.65
lyase_1_200_1 1 0.7992592592592592 0.8024293505205751 0.20074074074074078 0.19757064947942493 (naive) 1.00587084148728 0.6182902584493042 299.7034 0:04:59 7518.19 123601.76 7492.22 7498.57 1.99 4.25 183.27 663.06
ldh_1000_1 1 0.8858333942806992 0.8797210923881464 0.11416660571930082 0.12027890761185356 (naive) 1.0 0.5864864864864865 247.4673 0:04:07 6858.07 123536.26 6470.58 6564.69 1.99 5.71 159.25 457.96
ghf5_50_1 1 0.579102281089036 0.5653735632183908 0.42089771891096395 0.43462643678160917 (naive) 1.0170212765957447 0.2390745501285347 441.5234 0:07:21 6286.13 123601.89 5899.45 6024.13 1.99 3.68 195.77 943.04
subt_100_1 1 0.7683752417794971 0.7706644495253931 0.23162475822050288 0.22933555047460685 (naive) 1.067632850241546 0.29336734693877553 399.6222 0:06:39 7082.41 123600.41 6695.08 6794.91 1.99 3.91 202.66 870.07
ghf10_100_3 1 0.9063026626221773 0.9069139966273188 0.09369733737782271 0.09308600337268125 (naive) 1.0164835164835164 0.7708978328173375 351.9334 0:05:51 6699.31 123536.35 6673.18 6679.33 1.99 3.98 413.05 1509.53
biotin_lipoyl_100_3 1 0.9008109794135996 0.9002493765586035 0.09918902058640044 0.09975062344139651 (naive) 1.0178571428571428 0.6705882352941176 165.2486 0:02:45 5487.19 123474.02 5098.53 5192.78 1.99 4.13 136.49 290.06
sdr_200_1 1 0.8366175415355743 0.8203615501190734 0.16338245846442567 0.1796384498809266 (naive) 1.0498614958448753 0.38170347003154576 225.3064 0:03:45 6507.43 123538.02 6119.34 6305.59 1.99 4.07 149.57 444.74
int_20_2 1 0.6174832962138085 0.6240855374226224 0.3825167037861915 0.3759144625773776 (naive) 1.0365296803652968 0.3712871287128713 365.0849 0:06:05 5611.49 123479.20 5223.09 5348.52 1.99 4.04 198.49 799.04
DMRL_synthase_20_2 1 0.8703071672354948 0.8432539682539683 0.12969283276450516 0.15674603174603174 (naive) 0.945054945054945 0.6331360946745562 318.4171 0:05:18 5472.46 123663.52 5083.97 5208.57 1.99 3.46 177.05 641.28
msb_50_2 1 0.9351145038167938 0.9184629803186504 0.06488549618320616 0.08153701968134963 (naive) 1.0063291139240507 0.7448275862068966 222.8834 0:03:42 5520.95 123664.28 5132.46 5226.55 1.99 4.19 165.72 443.30
tms_20_0 1 0.8238222903102259 0.8083427282976324 0.1761777096897741 0.19165727170236757 (naive) 0.969187675070028 0.6140350877192983 464.2015 0:07:44 5975.70 123607.21 5595.17 5718.51 1.99 3.99 204.75 1026.68
serpin_1000_0 1 0.9477124183006536 0.9434148264984227 0.05228758169934644 0.056585173501577324 (naive) 1.0095923261390887 0.8065326633165829 513.2327 0:08:33 7991.84 123537.97 7964.96 7971.22 1.98 7.19 296.71 1612.26
ldh_50_1 1 0.8399400277919988 0.8291758420273636 0.16005997220800117 0.1708241579726364 (naive) 1.0 0.45675675675675675 348.0373 0:05:48 5805.08 123607.14 5776.84 5783.83 1.99 3.53 195.71 760.92
cryst_200_3 1 0.9254026561175474 0.9246188594014682 0.07459734388245265 0.07538114059853185 (naive) 1.0052083333333333 0.7403314917127072 171.5247 0:02:51 5909.66 123601.90 5596.24 5744.47 1.99 4.02 166.80 356.73
msb_500_3 1 0.8590966921119593 0.8772328678142254 0.14090330788804073 0.12276713218577462 (naive) 1.0316455696202531 0.6206896551724138 156.2182 0:02:36 6394.09 123545.94 6006.09 6191.27 1.98 4.89 136.00 247.26
blmb_100_1 1 0.6486310299869622 0.6604712910720213 0.3513689700130378 0.3395287089279787 (naive) 0.9593023255813954 0.28 256.2322 0:04:16 6089.87 123600.27 5701.61 5887.00 1.99 3.88 176.06 523.32
hormone_rec_200_0 1 0.782549109182275 0.768850987432675 0.21745089081772495 0.231149012567325 (naive) 1.051948051948052 0.501779359430605 222.7248 0:03:42 6541.58 123735.47 6153.25 6289.86 1.99 4.40 166.48 451.04
annexin_200_2 1 0.9820181933573091 0.9841000635997456 0.01798180664269089 0.015899936400254444 (naive) 1.0061919504643964 0.9433962264150944 165.0019 0:02:45 5830.24 123609.98 5442.86 5537.78 1.99 3.87 138.37 275.13
oxidored_q6_100_0 1 0.8841085271317829 0.9567953020134228 0.1158914728682171 0.04320469798657722 (naive) 1.1719298245614036 0.7255639097744361 250.4120 0:04:10 5801.96 123600.38 5414.25 5599.33 1.99 3.71 172.44 517.61
mofe_200_1 1 0.7833533653846154 0.7852409638554216 0.21664663461538458 0.21475903614457836 (naive) 0.9885057471264368 0.5339622641509434 350.7838 0:05:50 8116.84 123479.24 7728.24 7822.74 1.99 4.89 170.91 697.18
Ald_Xan_dh_2_50_0 1 0.7823882838903492 0.8246586186423907 0.2176117161096508 0.17534138135760935 (naive) 1.0768361581920904 0.5697115384615384 384.1644 0:06:24 5863.68 123607.18 5475.88 5602.82 1.99 3.63 214.77 923.46
rvp_500_3 1 0.625169147496617 0.6197183098591549 0.374830852503383 0.3802816901408451 (naive) 1.0151515151515151 0.35135135135135137 139.4193 0:02:19 6268.96 123602.02 5880.94 6004.26 1.99 4.50 114.72 232.92
asp_50_1 1 0.909354371276767 0.9086960019306572 0.09064562872323301 0.09130399806934275 (naive) 1.013157894736842 0.713903743315508 392.9939 0:06:32 6452.29 123543.20 6063.23 6157.68 1.99 4.24 203.69 871.43
zf-CCHH_500_3 1 0.9507670353193007 0.9463778409090909 0.049232964680699265 0.05362215909090906 (naive) 1.1025641025641026 0.7428571428571429 120.1179 0:02:00 5549.84 123668.71 5161.28 5255.41 1.98 4.90 118.08 174.70
p450_200_0 1 0.36158749742957025 0.6171123745349898 0.6384125025704297 0.3828876254650102 (naive) 1.64453125 0.03006012024048096 335.7812 0:05:35 8200.35 123671.41 7811.93 7908.31 1.99 4.79 176.28 638.55
icd_1000_3 1 0.9360347322720695 0.9390243902439024 0.06396526772793054 0.060975609756097615 (naive) 1.0161662817551964 0.8347107438016529 523.0267 0:08:43 7973.28 123603.04 7789.51 7873.12 1.99 5.91 185.28 1011.82
mofe_200_2 1 0.845703125 0.8609666564698685 0.154296875 0.13903334353013153 (naive) 1.0410509031198687 0.6867924528301886 357.8654 0:05:57 8084.08 123607.17 7695.37 7880.61 1.99 4.50 185.28 716.41
mofe_50_2 1 0.6924579326923077 0.7777590280121498 0.3075420673076923 0.2222409719878502 (naive) 1.1297208538587848 0.44528301886792454 518.5307 0:08:38 6741.41 123607.20 6354.11 6498.88 1.99 3.70 210.49 1175.39
cryst_200_2 1 0.9180559480079118 0.9175374188082462 0.08194405199208821 0.08246258119175376 (naive) 1.0104166666666667 0.6961325966850829 170.1984 0:02:50 5955.43 123600.39 5567.86 5755.36 1.99 3.94 131.32 306.74
tgfb_20_1 1 0.7147679324894515 0.7436347673397717 0.2852320675105485 0.25636523266022826 (naive) 1.0677966101694916 0.19658119658119658 243.7688 0:04:03 5379.53 123665.81 4990.93 5085.04 1.99 3.90 175.22 518.05
gluts_500_3 1 0.9078421052631579 0.9064585632455725 0.0921578947368421 0.0935414367544275 (naive) 1.004255319148936 0.6738197424892703 182.0329 0:03:02 6672.90 123673.93 6284.61 6409.73 1.98 5.28 147.67 324.02
HMG_box_50_2 1 0.9645892351274787 0.9537815126050421 0.03541076487252126 0.04621848739495793 (naive) 1.0 0.8148148148148148 171.2993 0:02:51 5346.02 123538.14 4957.60 5082.84 1.99 4.11 172.99 377.08
GEL_500_1 1 0.6706467661691542 0.6556420233463035 0.3293532338308458 0.3443579766536965 (naive) 0.98 0.3835616438356164 146.2043 0:02:26 6135.71 123601.83 5747.18 5841.37 1.99 4.45 164.83 323.82
Acetyltransf_20_0 1 0.6104794859120118 0.5839243498817966 0.38952051408798816 0.41607565011820336 (naive) 0.9213973799126638 0.17989417989417988 315.4177 0:05:15 5387.66 123473.95 4998.96 5125.82 1.99 3.99 186.46 657.57
blmb_50_2 1 0.6489569752281616 0.6581818181818182 0.35104302477183835 0.3418181818181818 (naive) 0.9593023255813954 0.31272727272727274 345.3731 0:05:45 5866.16 123601.88 5477.73 5585.61 1.99 3.65 193.27 737.00
ltn_20_1 1 0.9028136468669294 0.8997561636412896 0.09718635313307056 0.10024383635871037 (naive) 1.01067615658363 0.6442687747035574 422.2736 0:07:02 5777.14 123536.16 5389.06 5562.91 1.99 3.43 216.85 984.12
kunitz_500_3 1 0.9893069306930693 0.9893069306930693 0.010693069306930703 0.010693069306930703 (naive) 1.0 0.95 130.3440 0:02:10 5867.39 123545.87 5479.45 5664.69 1.98 4.47 102.14 178.50
cah_50_3 1 0.8752158894645942 0.8651301749893299 0.12478411053540583 0.13486982501067013 (naive) 0.985663082437276 0.6457564575645757 326.8234 0:05:26 6034.17 123472.53 5649.16 5774.62 1.99 3.52 201.85 756.44
OTCace_100_1 1 0.9392026578073089 0.9492948287441235 0.06079734219269106 0.05070517125587648 (naive) 1.022857142857143 0.8100890207715133 288.6213 0:04:48 6210.00 123536.17 5822.12 6007.34 1.99 3.74 181.46 616.06
lyase_1_50_3 1 0.577283950617284 0.5720577440665525 0.422716049382716 0.4279422559334475 (naive) 0.9863013698630136 0.25646123260437376 434.0067 0:07:14 6478.74 123536.29 6453.53 6459.70 1.99 3.56 207.20 955.64
kunitz_200_2 1 0.9928712871287129 0.9928712871287129 0.007128712871287135 0.007128712871287135 (naive) 1.0 0.9666666666666667 144.8197 0:02:24 5511.18 123600.32 5270.76 5341.92 1.99 4.05 146.55 269.02
rrm_50_2 1 0.8196342232499474 0.7969612318593718 0.1803657767500526 0.20303876814062816 (naive) 0.9363057324840764 0.18018018018018017 196.4903 0:03:16 5389.47 123607.23 5001.84 5188.55 1.99 4.11 141.96 369.14
tim_1000_0 1 0.9860683915324769 0.9856225698526088 0.01393160846752306 0.014377430147391235 (naive) 1.0 0.9343629343629344 356.7339 0:05:56 6787.06 123543.20 6761.09 6767.25 1.99 5.60 196.00 747.07
proteasome_20_3 1 0.7407703737570008 0.705760644669498 0.25922962624299917 0.29423935533050205 (naive) 0.9255663430420712 0.27586206896551724 390.9859 0:06:30 5764.10 123664.34 5375.01 5493.32 1.99 3.96 216.55 937.91
sodfe_200_1 1 0.9004516371847949 0.8922245012120082 0.09954836281520507 0.10777549878799175 (naive) 1.0136986301369864 0.6650717703349283 168.3175 0:02:48 5958.53 123671.13 5570.06 5664.26 1.99 3.95 137.74 322.86
cytb_50_0 1 0.8900915903413822 0.8878737541528239 0.10990840965861781 0.11212624584717612 (naive) 1.0 0.6413043478260869 194.6241 0:03:14 5428.80 123671.26 5084.05 5186.90 1.99 4.15 156.01 389.76
adh_500_0 1 0.9656375838926174 0.9703264094955489 0.034362416107382554 0.029673590504451064 (naive) 1.016 0.9146666666666666 195.1542 0:03:15 6854.69 123609.98 6466.89 6566.67 1.98 5.34 153.83 319.21
OTCace_100_0 1 0.9325581395348838 0.9432123655913979 0.06744186046511624 0.05678763440860213 (naive) 1.022857142857143 0.8071216617210683 287.6717 0:04:47 6116.82 123671.32 5729.64 5914.85 1.99 3.61 176.15 593.33
oxidored_q6_20_2 1 0.8294573643410853 0.8570284341209451 0.1705426356589147 0.1429715658790549 (naive) 1.0736842105263158 0.6879699248120301 436.6277 0:07:16 5566.57 123536.32 5178.41 5310.60 1.99 3.96 206.31 971.42
kringle_50_2 1 0.9452930728241563 0.9323756131744919 0.05470692717584369 0.06762438682550809 (naive) 0.99 0.8202247191011236 178.0285 0:02:58 5398.56 123664.16 5372.00 5378.21 1.99 3.54 178.86 394.89
subt_20_0 1 0.5414479137883393 0.5501509089632906 0.45855208621166066 0.44984909103670945 (naive) 1.316425120772947 0.00510204081632653 577.7836 0:09:37 6065.45 123536.23 5677.61 5796.57 1.99 3.56 227.74 1370.32
oxidored_q6_20_0 1 0.772093023255814 0.7808702469619757 0.22790697674418603 0.2191297530380243 (naive) 1.024561403508772 0.5864661654135338 408.9404 0:06:48 5535.81 123607.30 5148.15 5267.54 1.99 3.49 193.81 870.41
p450_100_3 1 0.3838371375694016 0.6640814003130782 0.6161628624305984 0.33591859968692184 (naive) 1.66015625 0.03807615230460922 398.7831 0:06:38 7392.73 123543.08 7004.59 7112.59 1.99 3.98 202.64 858.87
lyase_1_1000_1 1 0.8548148148148148 0.8546038015304863 0.1451851851851852 0.14539619846951368 (naive) 0.9960861056751468 0.6918489065606361 547.0966 0:09:07 7666.80 123603.01 7335.67 7486.88 1.99 5.71 193.88 1098.53
adh_1000_0 1 0.96 0.9649217485159202 0.040000000000000036 0.035078251484079837 (naive) 1.0106666666666666 0.9173333333333333 242.7988 0:04:02 6864.23 123546.04 6476.79 6571.13 1.98 5.45 168.84 467.18
OTCace_200_2 1 0.9415282392026578 0.9424675756568008 0.058471760797342176 0.05753242434319916 (naive) 1.002857142857143 0.827893175074184 236.3413 0:03:56 6497.88 123543.30 6109.71 6206.64 1.99 4.50 183.39 508.53
cyclo_500_2 1 0.9063545150501672 0.9093959731543624 0.09364548494983282 0.09060402684563762 (naive) 1.0098522167487685 0.7671957671957672 195.2114 0:03:15 6877.18 123472.43 6488.88 6674.17 1.99 4.62 148.66 339.16
tgfb_50_3 1 0.8080168776371308 0.8351504579153947 0.19198312236286919 0.16484954208460534 (naive) 1.0593220338983051 0.2905982905982906 201.3361 0:03:21 5422.77 123537.84 5034.02 5128.22 1.99 4.07 136.59 340.16
aat_50_1 1 0.7875102808130654 0.7859404315196998 0.2124897191869346 0.21405956848030017 (naive) 1.0273109243697478 0.44789356984478934 429.5137 0:07:09 6708.22 123602.03 6321.80 6416.58 1.99 4.21 207.81 991.33
OTCace_200_3 1 0.9448504983388705 0.9527638190954774 0.05514950166112953 0.04723618090452264 (naive) 1.0114285714285713 0.8308605341246291 240.2731 0:04:00 6458.93 123600.16 6071.36 6256.57 1.99 3.95 173.65 468.97
annexin_100_1 1 0.9659403427120795 0.9719029374201787 0.034059657287920486 0.028097062579821253 (naive) 1.0154798761609907 0.9308176100628931 186.6631 0:03:06 5566.34 123600.22 5179.26 5274.37 1.99 4.27 157.51 364.31
mmp_20_1 1 0.9756200084068937 0.9756200084068937 0.02437999159310633 0.02437999159310633 (naive) 1.0055555555555555 0.9171597633136095 312.8487 0:05:12 5525.72 123543.39 5137.06 5257.13 1.99 3.52 193.55 690.79
Ald_Xan_dh_2_100_0 1 0.833552384528727 0.845538520140939 0.16644761547127296 0.154461479859061 (naive) 1.0429378531073445 0.6310096153846154 266.1407 0:04:26 6002.58 123537.79 5615.75 5715.56 1.99 3.77 200.54 587.43
Acetyltransf_100_1 1 0.6707859614434009 0.6483516483516484 0.32921403855659914 0.3516483516483516 (naive) 0.9781659388646288 0.25396825396825395 196.8462 0:03:16 5630.87 123601.95 5243.10 5339.12 1.99 3.75 149.24 410.12
HMG_box_20_2 1 0.9390934844192634 0.9285714285714286 0.060906515580736564 0.0714285714285714 (naive) 1.0 0.7654320987654321 231.0219 0:03:51 5304.13 123543.21 4915.34 5025.91 2.00 3.97 148.92 415.52
serpin_500_1 1 0.9540503069914834 0.9524468610973801 0.04594969300851659 0.04755313890261992 (naive) 1.014388489208633 0.8241206030150754 475.0016 0:07:55 7699.12 123607.21 7311.56 7438.39 1.98 6.00 200.11 990.70
flav_50_0 1 0.8015131286159324 0.8058165548098434 0.19848687138406762 0.19418344519015662 (naive) 1.0273224043715847 0.4685714285714286 243.0320 0:04:03 5582.57 123536.54 5194.32 5379.45 1.99 3.56 173.57 508.99
uce_200_3 1 0.9208448117539026 0.9062810664256665 0.07915518824609735 0.09371893357433347 (naive) 0.9836956521739131 0.5662650602409639 182.1441 0:03:02 6154.03 123536.35 5760.71 5897.32 1.99 4.42 166.03 344.91
rrm_50_0 1 0.8108752014575012 0.7871573362356302 0.18912479854249875 0.21284266376436978 (naive) 0.9235668789808917 0.2072072072072072 187.7545 0:03:07 5385.08 123607.11 4996.75 5106.26 1.99 3.68 157.12 348.99
kunitz_500_1 1 0.9893069306930693 0.9893069306930693 0.010693069306930703 0.010693069306930703 (naive) 1.0 0.95 131.4065 0:02:11 5848.37 123603.10 5461.04 5645.94 1.98 4.32 115.19 189.65
Ald_Xan_dh_2_50_1 1 0.7893353360871198 0.8108785803838364 0.2106646639128802 0.18912141961616358 (naive) 1.0621468926553672 0.5721153846153846 401.0798 0:06:41 5886.61 123476.60 5497.55 5597.11 1.99 4.14 197.42 872.16
lyase_1_200_0 1 0.8387654320987654 0.8379378391711889 0.16123456790123458 0.16206216082881109 (naive) 0.9960861056751468 0.6958250497017893 302.6065 0:05:02 7422.79 123540.87 7034.22 7128.51 1.99 4.73 187.01 638.77
cah_500_3 1 0.8972366148531952 0.9034782608695652 0.10276338514680483 0.09652173913043482 (naive) 1.021505376344086 0.7158671586715867 265.3006 0:04:25 6722.50 123665.93 6335.70 6520.71 1.99 5.34 177.51 489.99
sdr_50_3 1 0.8045482143842799 0.790712813279809 0.19545178561572008 0.20928718672019098 (naive) 1.0692520775623269 0.30914826498422715 330.7842 0:05:30 5785.55 123543.08 5759.70 5765.95 1.99 3.66 198.80 742.59
il8_500_3 1 0.9316191014410851 0.9279482127779342 0.06838089855891494 0.07205178722206584 (naive) 1.0 0.6623376623376623 131.3115 0:02:11 5999.27 123601.91 5610.40 5736.04 1.99 4.28 104.67 198.50
tim_20_0 1 0.9352270671250226 0.9338753387533876 0.06477293287497743 0.06612466124661243 (naive) 1.0115384615384615 0.8223938223938224 398.5865 0:06:38 5857.32 123543.21 5468.84 5594.22 1.99 3.41 203.86 879.60
rub_1000_3 1 0.9836734693877551 0.9836734693877551 0.01632653061224487 0.01632653061224487 (naive) 1.0 0.9259259259259259 128.3943 0:02:08 6116.02 123472.29 5722.27 5907.47 1.99 4.78 106.08 173.99
phc_500_0 1 0.9470311027332705 0.947209653092006 0.05296889726672949 0.052790346907994 (naive) 1.005586592178771 0.7877094972067039 172.2068 0:02:52 6821.74 123665.89 6433.78 6535.06 1.99 4.49 325.95 634.50
icd_1000_2 1 0.9493487698986975 0.9518282066163668 0.05065123010130246 0.0481717933836332 (naive) 1.0092378752886837 0.8567493112947658 480.1613 0:08:00 8057.13 123479.34 7669.12 7790.36 1.99 6.82 187.57 941.25
rrm_1000_3 1 0.8780744166491486 0.8745202037825389 0.12192558335085135 0.12547979621746108 (naive) 1.0445859872611465 0.1981981981981982 153.2555 0:02:33 6619.31 123604.63 6259.61 6430.56 1.97 5.34 115.13 249.79
ghf10_200_1 1 0.9288843950117964 0.927946127946128 0.07111560498820357 0.07205387205387204 (naive) 1.0137362637362637 0.8018575851393189 307.3075 0:05:07 7115.10 123601.97 7089.32 7095.50 1.99 4.19 385.95 1357.89
cryst_500_2 1 0.922576999152303 0.9217955957086392 0.07742300084769704 0.07820440429136077 (naive) 1.0052083333333333 0.712707182320442 152.5658 0:02:32 6759.23 123479.28 6370.59 6555.86 1.99 4.30 144.29 300.65
rrm_1000_2 1 0.8728890757480204 0.8659113026553594 0.12711092425197956 0.13408869734464057 (naive) 1.0318471337579618 0.22522522522522523 153.6185 0:02:33 6490.38 123607.74 6102.11 6227.42 1.97 5.81 126.08 243.95
blmb_200_3 1 0.7398956975228161 0.7640525075732076 0.26010430247718386 0.23594749242679236 (naive) 0.997093023255814 0.4254545454545455 221.5329 0:03:41 6486.17 123664.36 6098.02 6234.51 1.99 4.28 157.58 396.35
proteasome_200_2 1 0.8465348420771898 0.8299652609166636 0.15346515792281024 0.17003473908333644 (naive) 0.9935275080906149 0.35172413793103446 323.3884 0:05:23 6375.59 106734.84 6349.17 6356.09 5.99 3.69 115.51 378.19
hpr_1000_3 1 0.993006993006993 0.993006993006993 0.006993006993006978 0.006993006993006978 (naive) 1.0 0.9772727272727273 147.6677 0:02:27 6548.48 123604.66 6159.31 6284.86 1.99 4.81 162.52 271.73
kringle_200_1 1 0.9008880994671403 0.8879551820728291 0.09911190053285968 0.11204481792717091 (naive) 1.0 0.6966292134831461 139.7382 0:02:19 5582.70 123543.10 5194.51 5379.82 1.99 3.76 107.41 244.49
HMG_box_200_1 1 0.9730878186968839 0.9621848739495799 0.026912181303116123 0.037815126050420145 (naive) 1.0 0.8518518518518519 134.6275 0:02:14 5510.38 123730.18 5122.37 5308.06 1.99 3.83 119.07 217.12
ghf10_20_1 1 0.7610380856083586 0.7662029182219205 0.23896191439164138 0.23379708177807945 (naive) 1.0054945054945055 0.6130030959752322 516.1147 0:08:36 5979.71 123607.09 5591.03 5754.20 1.99 3.37 217.33 1215.43
proteasome_200_0 1 0.8706899836171753 0.8528830005598059 0.1293100163828247 0.14711699944019407 (naive) 1.0129449838187703 0.43103448275862066 211.6391 0:03:31 6446.92 123538.00 6058.10 6152.39 1.99 3.93 177.08 440.68
sodfe_20_1 1 0.8765525028227324 0.8735933983495874 0.12344749717726755 0.12640660165041262 (naive) 1.0410958904109588 0.6076555023923444 349.7012 0:05:49 5448.54 123663.32 5124.27 5233.08 1.99 4.04 184.91 747.51
cytb_500_2 1 0.8701082431307244 0.8788898233809924 0.12989175686927557 0.12111017661900758 (naive) 1.04 0.6086956521739131 160.7747 0:02:40 6423.53 123537.80 6035.45 6129.48 1.98 4.48 126.33 270.74
rvp_200_0 1 0.4878213802435724 0.5031402651779484 0.5121786197564275 0.4968597348220516 (naive) 1.121212121212121 0.0 493.1454 0:08:13 5719.61 107108.16 5331.64 5425.79 9.99 3.43 37.66 186.52
KAS_20_1 1 0.4665688534898344 0.5901378579003181 0.5334311465101655 0.40986214209968186 (naive) 1.3415841584158417 0.14 534.1635 0:08:54 5805.34 123602.12 5418.21 5543.65 1.99 4.16 232.00 1318.35
KAS_500_2 1 0.6591909452944875 0.895501138952164 0.3408090547055125 0.10449886104783601 (naive) 1.4554455445544554 0.5225 239.7590 0:03:59 7591.61 123543.16 7203.50 7297.79 1.99 4.93 163.65 447.17
sdr_500_1 1 0.8335817188276204 0.8196472184531886 0.16641828117237956 0.18035278154681145 (naive) 1.0554016620498614 0.3911671924290221 199.5929 0:03:19 7110.44 123610.07 6721.25 6815.56 1.98 5.67 130.66 307.57
phc_100_3 1 0.6755890669180019 0.8531302070935491 0.3244109330819981 0.14686979290645086 (naive) 1.8826815642458101 0.0 207.9470 0:03:27 5690.20 123607.43 5302.05 5396.28 1.99 4.12 183.03 433.08
peroxidase_500_2 1 0.7945161290322581 0.7947725072604066 0.2054838709677419 0.2052274927395934 (naive) 0.9921671018276762 0.4785100286532951 302.0955 0:05:02 7010.92 123602.11 6623.19 6719.72 1.99 5.28 181.44 599.65
OTCace_100_2 1 0.9239202657807309 0.9395270270270271 0.07607973421926906 0.06047297297297294 (naive) 1.0371428571428571 0.8041543026706232 287.5567 0:04:47 6287.17 123600.71 6261.82 6268.06 1.99 3.68 186.87 640.28
mofe_500_1 1 0.8473557692307693 0.8664925487786143 0.15264423076923073 0.13350745122138574 (naive) 1.0591133004926108 0.6867924528301886 509.3490 0:08:29 8062.83 123543.25 7673.63 7770.90 1.99 6.00 192.66 1016.59
tRNA-synt_2b_200_1 1 0.5737100737100738 0.5413446676970634 0.42628992628992624 0.45865533230293665 (naive) 0.8822269807280514 0.3023255813953488 242.0188 0:04:02 6617.36 123601.82 6229.52 6323.68 1.99 4.49 174.33 490.27
mofe_1000_3 1 0.8176081730769231 0.8452935694315005 0.18239182692307687 0.15470643056849953 (naive) 1.0509031198686372 0.6264150943396226 542.4455 0:09:02 8384.58 123546.18 8188.33 8195.24 1.99 6.59 188.40 1057.88
phc_1000_3 1 0.8060320452403393 0.9419539596871902 0.19396795475966067 0.0580460403128098 (naive) 1.4189944134078212 0.3407821229050279 181.1731 0:03:01 7113.75 123479.27 6724.59 6824.47 1.99 5.43 150.70 323.20
Ald_Xan_dh_2_1000_1 1 0.8351483289523094 0.839482872511088 0.1648516710476906 0.160517127488912 (naive) 1.0169491525423728 0.6274038461538461 231.1206 0:03:51 6773.90 123666.31 6385.92 6480.20 1.98 5.61 144.93 389.14
gluts_1000_0 1 0.9013157894736842 0.9010312532884353 0.09868421052631582 0.09896874671156475 (naive) 1.004255319148936 0.6437768240343348 206.8682 0:03:26 6619.01 123602.96 6230.68 6324.99 1.98 6.29 142.21 335.96
tRNA-synt_2b_200_0 1 0.5679770679770679 0.5369725125822686 0.43202293202293207 0.46302748741773136 (naive) 0.8886509635974305 0.27906976744186046 244.1612 0:04:04 6504.35 123540.95 6117.04 6244.80 1.99 4.43 182.05 536.52
kringle_20_0 1 0.9644760213143873 0.9543057996485061 0.035523978685612745 0.04569420035149385 (naive) 1.03 0.8202247191011236 225.0248 0:03:45 5312.42 123538.02 4924.46 5049.77 1.99 3.53 157.96 462.39
proteasome_200_1 1 0.8522116813350097 0.8350942691805114 0.14778831866499031 0.16490573081948856 (naive) 1.0097087378640777 0.3689655172413793 216.5869 0:03:36 6587.28 123600.27 6199.13 6325.86 1.99 4.48 160.32 390.87
biotin_lipoyl_50_1 1 0.8565190268247037 0.8624371859296482 0.1434809731752963 0.13756281407035176 (naive) 1.0446428571428572 0.6588235294117647 186.8148 0:03:06 5388.38 123538.01 5000.33 5095.46 1.99 3.48 155.89 392.92
sodcu_1000_0 1 0.9034914361001317 0.9088800530152419 0.09650856389986828 0.09111994698475812 (naive) 1.0236686390532543 0.7469879518072289 194.7604 0:03:14 7548.43 123601.95 7159.80 7255.36 1.99 5.57 125.70 299.13
Ald_Xan_dh_2_200_3 1 0.8486669170108899 0.8609523809523809 0.15133308298911008 0.1390476190476191 (naive) 1.0282485875706215 0.65625 211.5177 0:03:31 6282.67 123543.34 5928.78 6083.23 1.99 3.86 184.14 437.42
phc_1000_2 1 0.797832233741753 0.929606852624643 0.20216776625824695 0.07039314737535696 (naive) 1.458100558659218 0.27932960893854747 175.9790 0:02:55 7193.77 123608.30 6805.35 6916.22 1.99 5.53 147.19 295.47
rhv_500_2 1 0.5896752071625869 0.5884421632924627 0.4103247928374131 0.4115578367075373 (naive) 1.0128205128205128 0.3259176863181313 220.5849 0:03:40 7115.76 123600.43 6729.50 6914.38 1.99 4.26 156.76 425.68
tim_20_1 1 0.9388456667269767 0.9389306070750023 0.06115433327302333 0.06106939292499769 (naive) 1.0115384615384615 0.8223938223938224 408.6586 0:06:48 5856.10 123609.83 5467.11 5578.90 1.99 3.43 207.02 908.80
cyclo_500_0 1 0.9134615384615384 0.9161425576519916 0.08653846153846156 0.0838574423480084 (naive) 1.0295566502463054 0.783068783068783 221.3205 0:03:41 6979.91 123601.82 6590.89 6685.15 1.99 4.97 126.25 321.04
KAS_200_1 1 0.4910920142527772 0.6717316513761468 0.5089079857472227 0.32826834862385323 (naive) 1.4727722772277227 0.25 247.5075 0:04:07 6692.11 123607.15 6303.69 6398.36 1.99 4.45 174.11 540.55
blm_100_2 1 0.9322199025748086 0.9432474299394451 0.06778009742519142 0.0567525700605549 (naive) 1.0364963503649636 0.7677902621722846 338.3249 0:05:38 6794.18 123664.25 6727.86 6734.68 1.99 3.92 188.25 692.04
icd_20_2 1 0.8248914616497829 0.8347978910369068 0.1751085383502171 0.16520210896309317 (naive) 1.023094688221709 0.6804407713498623 595.5477 0:09:55 6489.39 123545.89 6453.42 6460.28 1.99 3.55 226.28 1414.61
ldh_100_0 1 0.8658304688071382 0.853255973188223 0.1341695311928618 0.146744026811777 (naive) 0.9892183288409704 0.5135135135135135 276.6031 0:04:36 5972.61 123538.11 5584.68 5770.07 1.99 3.72 189.04 609.03
blmb_500_0 1 0.719361147327249 0.7550461854259323 0.280638852672751 0.24495381457406773 (naive) 1.0465116279069768 0.44727272727272727 235.1682 0:03:55 7426.77 123609.93 7038.36 7132.79 1.98 5.07 215.91 564.22
cys_200_3 1 0.934974283614989 0.931836211631171 0.06502571638501098 0.06816378836882897 (naive) 1.0141342756183747 0.6977611940298507 229.3535 0:03:49 6675.78 123607.37 6287.54 6413.26 1.99 4.44 160.72 429.36
zf-CCHH_50_0 1 0.8861933642525865 0.871578947368421 0.11380663574741345 0.128421052631579 (naive) 1.0 0.6 148.7970 0:02:28 5217.41 123537.93 4829.21 5015.48 1.99 3.48 146.49 332.81
myb_DNA-binding_1000_2 1 0.9438877755511023 0.9326732673267327 0.05611222444889774 0.06732673267326728 (naive) 1.0 0.7857142857142857 140.6032 0:02:20 5930.44 123540.62 5537.70 5663.03 1.98 4.64 87.70 203.56
tgfb_100_1 1 0.8063291139240506 0.8352272727272727 0.1936708860759494 0.1647727272727273 (naive) 1.0677966101694916 0.28205128205128205 169.0007 0:02:49 5566.91 123664.37 5178.83 5278.66 1.99 4.10 124.82 334.08
ghf5_500_2 1 0.6762325239146432 0.674412915851272 0.32376747608535683 0.32558708414872795 (naive) 1.023404255319149 0.37532133676092544 327.7795 0:05:27 7221.61 123545.96 6833.39 6927.68 1.98 5.92 183.81 702.74
OTCace_200_1 1 0.9249169435215947 0.9399054692775152 0.0750830564784053 0.06009453072248483 (naive) 1.0285714285714285 0.8160237388724035 581.3457 0:09:41 6550.49 123600.48 6162.93 6259.73 29.99 3.71 68.61 412.95
aadh_1000_3 1 0.8485219356053474 0.8840608141245708 0.1514780643946526 0.11593918587542917 (naive) 1.1309963099630995 0.5124716553287982 445.5508 0:07:25 7643.82 123480.52 7618.16 7624.37 1.99 6.34 318.16 1509.77
Sulfotransfer_200_1 1 0.7227557411273486 0.7519548218940052 0.27724425887265136 0.2480451781059948 (naive) 1.0551181102362204 0.4189189189189189 266.8436 0:04:26 6861.09 123602.12 6473.21 6567.38 1.99 5.19 180.22 538.58
msb_50_3 1 0.9204834605597965 0.9032459425717853 0.07951653944020354 0.09675405742821475 (naive) 1.0063291139240507 0.696551724137931 223.3740 0:03:43 5474.62 123601.86 5086.43 5211.85 1.99 3.67 164.88 440.50
rrm_1000_0 1 0.868404456590288 0.8608043342362992 0.13159554340971202 0.1391956657637008 (naive) 1.0318471337579618 0.2072072072072072 151.2850 0:02:31 6695.68 123481.95 6668.70 6674.96 1.97 5.34 124.72 254.01
mofe_1000_2 1 0.8426983173076923 0.8462582981291491 0.1573016826923077 0.1537417018708509 (naive) 1.0114942528735633 0.6566037735849056 584.6355 0:09:44 8553.18 123540.61 8164.61 8292.19 1.99 7.18 187.11 1138.81
peroxidase_100_0 1 0.7638709677419355 0.7584881486226778 0.23612903225806448 0.24151185137732223 (naive) 0.9817232375979112 0.4899713467048711 317.4956 0:05:17 6438.22 123536.25 6050.44 6160.19 1.99 4.21 180.88 666.41
hr_100_2 1 0.9942857142857143 0.9942857142857143 0.005714285714285672 0.005714285714285672 (naive) 1.0 0.9873417721518988 152.2663 0:02:32 5432.26 123607.20 5044.26 5229.71 1.99 3.60 149.15 316.20
ghf5_50_3 1 0.6136865342163356 0.5998561496044114 0.38631346578366443 0.40014385039558864 (naive) 0.9893617021276596 0.31362467866323906 405.0203 0:06:45 6417.89 123479.16 6030.95 6157.77 1.99 4.07 196.66 879.84
kunitz_20_1 1 0.8562376237623762 0.8572561459159397 0.14376237623762378 0.14274385408406032 (naive) 0.96875 0.3333333333333333 196.2175 0:03:16 5281.62 123601.75 5254.78 5261.05 1.99 3.54 172.47 418.74
sdr_20_2 1 0.6134569741127118 0.6018954779312212 0.38654302588728817 0.3981045220687788 (naive) 1.0443213296398892 0.15457413249211358 445.8745 0:07:25 5866.79 123543.09 5479.34 5595.74 1.99 3.96 213.23 1013.94
rrm_20_3 1 0.8063905822997688 0.7828571428571428 0.1936094177002312 0.2171428571428572 (naive) 0.9235668789808917 0.24324324324324326 247.9375 0:04:07 5348.29 123665.94 5321.62 5327.89 1.99 3.52 190.79 533.18
zf-CCHH_50_3 1 0.8744202640028541 0.8593969144460029 0.1255797359971459 0.14060308555399714 (naive) 0.9743589743589743 0.6285714285714286 151.9481 0:02:31 5234.99 123604.66 4846.30 4940.59 1.99 4.16 129.09 286.31
GEL_100_2 1 0.709452736318408 0.6942551119766309 0.290547263681592 0.3057448880233691 (naive) 0.9933333333333333 0.3835616438356164 170.7995 0:02:50 5535.00 123664.17 5146.70 5254.54 1.99 3.56 142.01 337.75
hpr_1000_0 1 0.993006993006993 0.993006993006993 0.006993006993006978 0.006993006993006978 (naive) 1.0 0.9772727272727273 152.5075 0:02:32 6577.89 123536.36 6190.00 6375.14 1.99 4.95 134.17 222.65
cryst_200_0 1 0.9237072619384007 0.9213641488162345 0.07629273806159931 0.07863585118376548 (naive) 1.0 0.7016574585635359 165.7175 0:02:45 5885.04 123601.91 5497.07 5591.23 1.99 3.52 143.17 280.06
rhv_50_0 1 0.4789027526431089 0.6138444634354779 0.5210972473568911 0.38615553656452206 (naive) 1.4273504273504274 0.2335928809788654 419.7504 0:06:59 6066.19 123537.89 6040.07 6046.23 1.99 3.57 222.83 1037.53
DEATH_1000_3 1 0.9122715404699739 0.9084763390535622 0.08772845953002606 0.09152366094643782 (naive) 1.0 0.6774193548387096 162.4827 0:02:42 7219.09 123546.29 6829.88 6924.93 1.98 5.70 127.89 238.71
mofe_50_1 1 0.6730769230769231 0.6660719595599167 0.32692307692307687 0.3339280404400833 (naive) 0.9589490968801314 0.4037735849056604 512.9761 0:08:32 6949.21 123537.75 6561.52 6693.17 1.99 4.13 208.73 1145.38
ltn_20_0 1 0.9238140546418377 0.9206854510972636 0.07618594535816225 0.07931454890273637 (naive) 0.99644128113879 0.7154150197628458 400.5739 0:06:40 5828.95 123671.11 5802.14 5809.11 1.99 3.48 197.38 903.65
DEATH_20_3 1 0.6057441253263708 0.608604407135362 0.3942558746736292 0.391395592864638 (naive) 1.0440251572327044 0.18548387096774194 297.5152 0:04:57 5354.15 123602.06 4965.41 5150.74 1.99 3.39 203.91 673.35
tms_100_3 1 0.9605515128303332 0.957983193277311 0.03944848716966676 0.04201680672268904 (naive) 0.9971988795518207 0.8596491228070176 355.1671 0:05:55 6670.11 123607.14 6282.95 6408.48 1.99 4.00 206.58 801.03
hom_500_0 1 0.9510624597553123 0.9516752577319587 0.04893754024468766 0.04832474226804129 (naive) 0.9897959183673469 0.6956521739130435 130.0389 0:02:10 5964.82 123543.25 5576.62 5761.90 1.99 4.31 124.42 201.07
egf_500_1 1 0.7587803936703975 0.7492378048780488 0.2412196063296025 0.2507621951219512 (naive) 1.028169014084507 0.3382352941176471 128.5498 0:02:08 5811.41 123603.10 5424.04 5518.07 1.98 4.96 93.05 174.24
blm_50_1 1 0.879053583855254 0.8900789177001127 0.120946416144746 0.10992108229988728 (naive) 1.032846715328467 0.704119850187266 456.4525 0:07:36 6484.95 123607.10 6097.01 6191.32 1.99 4.16 205.31 1035.51
proteasome_500_0 1 0.8437535718367813 0.8312751022859503 0.15624642816321865 0.16872489771404975 (naive) 1.0161812297734627 0.4 201.0471 0:03:21 6865.50 123536.40 6490.27 6669.08 1.99 4.87 183.17 403.59
DMRL_synthase_1000_3 1 0.9255972696245733 0.901595744680851 0.07440273037542666 0.09840425531914898 (naive) 0.9615384615384616 0.7455621301775148 180.2804 0:03:00 7357.26 123472.54 6968.75 7062.83 1.99 5.13 131.75 280.04
cyclo_500_1 1 0.907608695652174 0.9230442176870748 0.09239130434782605 0.07695578231292521 (naive) 1.0492610837438423 0.7619047619047619 214.9041 0:03:34 6793.45 123479.43 6766.63 6772.89 1.99 4.38 323.33 798.47
tim_200_3 1 0.962909354079971 0.9650045330915684 0.037090645920028975 0.03499546690843158 (naive) 1.0115384615384615 0.8687258687258688 216.6564 0:03:36 6592.07 123601.95 6203.48 6303.28 1.99 4.34 165.94 428.57
ghf5_200_3 1 0.6669119450576404 0.6633325201268602 0.3330880549423596 0.33666747987313983 (naive) 1.0191489361702128 0.37275064267352187 280.6812 0:04:40 7276.41 123601.74 6888.12 6982.27 1.99 4.41 177.53 552.38
sodfe_500_1 1 0.9130598419269853 0.9043802423112768 0.0869401580730147 0.09561975768872322 (naive) 0.9908675799086758 0.6650717703349283 157.0609 0:02:37 6344.77 123607.18 5956.15 6050.47 1.99 4.93 124.75 247.36
kringle_500_3 1 0.9563055062166963 0.947553678282295 0.0436944937833037 0.052446321717705024 (naive) 1.03 0.8202247191011236 139.7252 0:02:19 5996.62 123544.18 5608.82 5794.08 1.99 4.53 163.51 247.30
blmb_50_3 1 0.6923076923076923 0.7108433734939759 0.3076923076923077 0.28915662650602414 (naive) 0.9854651162790697 0.3236363636363636 311.7604 0:05:11 5870.13 123472.24 5481.61 5575.96 1.99 3.76 192.45 662.55
il8_50_0 1 0.9152302910426674 0.9070288434612154 0.0847697089573326 0.09297115653878463 (naive) 0.9753086419753086 0.6493506493506493 168.0558 0:02:48 5347.99 123536.42 4959.46 5053.60 1.99 4.08 134.95 296.78
peroxidase_1000_2 1 0.7309677419354839 0.7754962354551677 0.26903225806451614 0.22450376454483234 (naive) 1.112271540469974 0.4269340974212034 457.6886 0:07:37 7322.15 123603.11 6933.49 7027.71 1.99 6.42 198.28 964.23
ghf1_50_1 1 0.9097284661032189 0.9081770038596176 0.09027153389678111 0.09182299614038236 (naive) 1.00355871886121 0.7157057654075547 484.9816 0:08:04 7181.41 123601.77 7155.51 7161.82 1.99 3.73 210.50 1105.58
KAS_50_1 1 0.5172919723328443 0.6673877771768524 0.4827080276671557 0.3326122228231476 (naive) 1.3564356435643565 0.2225 383.6828 0:06:23 5952.33 123600.38 5564.95 5675.62 1.99 3.48 220.46 909.30
GEL_500_2 1 0.7343283582089553 0.7214076246334311 0.26567164179104474 0.2785923753665689 (naive) 1.0133333333333334 0.3904109589041096 148.8908 0:02:28 6233.66 123537.25 5845.20 5939.96 1.99 4.45 136.53 267.60
ghf1_500_0 1 0.9196187736018702 0.920115149334293 0.08038122639812983 0.07988485066570705 (naive) 1.0160142348754448 0.705765407554672 585.3749 0:09:45 7944.29 123604.69 7555.80 7681.29 1.99 6.12 192.51 1157.99
hr_200_1 1 1.0 1.0 0.0 0.0 (naive) 1.0 1.0 131.7489 0:02:11 5539.86 123607.19 5151.43 5247.17 1.99 3.75 107.07 216.48
egf_50_1 1 0.7059050559629486 0.6857892763404574 0.2940949440370514 0.3142107236595426 (naive) 1.028169014084507 0.20588235294117646 163.4490 0:02:43 5312.95 123481.84 4924.94 5110.26 1.99 3.46 140.08 294.58
HLH_100_0 1 0.8917609046849758 0.8975609756097561 0.10823909531502418 0.10243902439024388 (naive) 1.0108695652173914 0.6666666666666666 147.0505 0:02:27 5387.09 123664.24 4998.75 5093.63 1.99 3.68 142.25 318.58
HMG_box_20_0 1 0.7577903682719547 0.7675753228120517 0.24220963172804533 0.23242467718794835 (naive) 1.0561797752808988 0.49382716049382713 229.0314 0:03:49 5315.77 123601.84 5279.03 5285.95 1.99 3.42 161.41 451.84
serpin_100_3 1 0.966131907308378 0.9591034211561148 0.033868092691622054 0.0408965788438852 (naive) 1.0 0.8542713567839196 376.3403 0:06:16 7111.12 123536.59 6722.63 6817.12 1.99 4.68 186.74 772.28
cyclo_1000_3 1 0.8804347826086957 0.8863636363636364 0.11956521739130432 0.11363636363636365 (naive) 1.0295566502463054 0.7354497354497355 221.2945 0:03:41 7030.70 123540.76 6642.13 6739.12 1.99 6.22 141.26 344.49
sodfe_100_0 1 0.8833270605946556 0.8782039289055191 0.1166729394053444 0.12179607109448087 (naive) 1.0228310502283104 0.6267942583732058 197.9578 0:03:17 5650.14 123601.78 5262.37 5356.29 1.99 3.65 163.65 388.56
msb_1000_0 1 0.8721374045801527 0.8819556127372146 0.12786259541984735 0.11804438726278543 (naive) 1.0126582278481013 0.6206896551724138 176.9203 0:02:56 6756.26 123604.57 6361.83 6456.73 1.97 5.86 139.15 297.57
lyase_1_500_3 1 0.851358024691358 0.8507278559092031 0.14864197530864198 0.14927214409079692 (naive) 1.0 0.6978131212723658 449.6034 0:07:29 7556.51 123537.86 7168.92 7283.78 1.99 4.88 195.72 948.26
LIM_100_1 1 0.9725806451612903 0.9725806451612903 0.02741935483870972 0.02741935483870972 (naive) 1.0 0.8658536585365854 150.0859 0:02:30 5428.78 123607.36 5040.35 5136.89 1.99 3.76 151.69 323.09
cyclo_1000_0 1 0.8963210702341137 0.897071129707113 0.10367892976588633 0.102928870292887 (naive) 1.019704433497537 0.7566137566137566 258.9888 0:04:18 6896.39 123600.54 6507.86 6632.44 1.99 6.00 150.17 443.86
il8_100_2 1 0.9358575868889517 0.9261744966442953 0.06414241311104829 0.0738255033557047 (naive) 0.9753086419753086 0.7142857142857143 151.1448 0:02:31 5397.21 123537.95 5009.49 5194.45 1.99 3.75 148.40 297.00
LIM_20_2 1 0.9806451612903225 0.9806451612903225 0.01935483870967747 0.01935483870967747 (naive) 1.0 0.8780487804878049 228.1378 0:03:48 5286.48 123543.26 4898.24 4992.29 1.99 3.47 146.78 428.40
cytb_200_3 1 0.8751040799333888 0.8751040799333888 0.12489592006661121 0.12489592006661121 (naive) 1.0 0.6521739130434783 172.6583 0:02:52 5894.53 123662.05 5507.53 5692.57 1.99 3.95 187.51 408.35
il8_1000_2 1 0.8872562870867476 0.8832630098452883 0.11274371291325236 0.11673699015471173 (naive) 0.9876543209876543 0.5974025974025974 138.5672 0:02:18 5692.45 123607.41 5301.80 5397.21 1.99 4.87 91.21 195.88
myb_DNA-binding_20_2 1 0.9398797595190381 0.9287128712871288 0.06012024048096187 0.07128712871287124 (naive) 1.0 0.7678571428571429 212.7333 0:03:32 5251.57 123536.24 4863.45 5048.67 1.99 3.51 161.97 455.41
DMRL_synthase_1000_2 1 0.9283276450511946 0.9012591119946984 0.07167235494880542 0.09874088800530156 (naive) 0.9560439560439561 0.7337278106508875 176.7353 0:02:56 7170.53 123607.17 6781.61 6881.54 1.99 5.40 146.60 303.25
cyclo_200_1 1 0.9260033444816054 0.9275544388609716 0.07399665551839463 0.07244556113902845 (naive) 1.0098522167487685 0.8201058201058201 198.1333 0:03:18 6199.46 123479.11 6173.58 6179.84 1.99 3.91 150.77 382.53
hormone_rec_50_3 1 0.7396071265417999 0.701473136915078 0.26039287345820006 0.29852686308492205 (naive) 0.9837662337662337 0.46619217081850534 324.9177 0:05:24 5858.98 123543.21 5470.97 5565.30 1.99 3.77 202.19 750.68
GEL_20_0 1 0.6656716417910448 0.6371428571428571 0.33432835820895523 0.3628571428571429 (naive) 0.9466666666666667 0.363013698630137 273.9350 0:04:33 5330.87 123601.77 4941.98 5067.90 1.99 3.47 187.45 621.52
sdr_1000_2 1 0.8239774797151846 0.8151141203450912 0.17602252028481535 0.18488587965490877 (naive) 1.1329639889196677 0.35331230283911674 229.6813 0:03:49 7243.98 123604.66 6856.07 6955.60 1.97 7.42 128.81 339.17
Rhodanese_1000_3 1 0.7163774403470716 0.7152138603140228 0.2836225596529284 0.2847861396859772 (naive) 1.0462962962962963 0.4166666666666667 170.2942 0:02:50 7118.73 123546.07 6747.15 6925.06 1.98 5.47 110.74 258.83
LIM_1000_3 1 0.9532258064516129 0.9656862745098039 0.04677419354838708 0.03431372549019607 (naive) 1.0232558139534884 0.8292682926829268 140.0116 0:02:20 5563.65 123610.35 5176.25 5271.63 1.98 5.52 111.30 193.45
ace_200_1 1 0.826220325420112 0.8266613290632506 0.17377967457988797 0.17333867093674937 (naive) 1.0116666666666667 0.6228373702422145 567.4805 0:09:27 8142.88 123607.20 7754.30 7879.87 1.99 4.84 197.99 1177.47
HLH_1000_2 1 0.8901453957996769 0.9077429983525536 0.10985460420032311 0.09225700164744643 (naive) 1.0326086956521738 0.6547619047619048 147.6052 0:02:27 6546.93 123543.14 6157.82 6343.42 1.99 4.74 138.22 269.20
hom_20_2 1 0.8055376690276883 0.7907711757269279 0.1944623309723117 0.2092288242730721 (naive) 0.8775510204081632 0.2028985507246377 209.7969 0:03:29 5294.25 123540.57 4905.22 4999.69 1.99 4.03 169.46 407.05
subt_200_1 1 0.8016717325227963 0.7957896180484125 0.19832826747720367 0.20421038195158747 (naive) 1.0579710144927537 0.32653061224489793 352.5055 0:05:52 7801.37 123607.12 7413.41 7513.12 1.99 5.43 226.51 863.38
blm_1000_0 1 0.9205288796102993 0.9299775028121485 0.07947112038970072 0.07002249718785147 (naive) 1.0364963503649636 0.7415730337078652 475.8843 0:07:55 8124.21 123540.57 7735.96 7830.87 1.98 6.94 252.85 1259.06
gpdh_1000_2 1 0.9620991253644315 0.9606469002695418 0.03790087463556846 0.039353099730458196 (naive) 1.0 0.8798882681564246 258.4792 0:04:18 6995.10 123604.70 6608.04 6713.60 1.99 5.90 147.93 439.61
zf-CCHH_1000_2 1 0.9600428112736354 0.9545938275984391 0.039957188726364556 0.04540617240156086 (naive) 1.0769230769230769 0.7714285714285715 121.1783 0:02:01 5730.44 123540.73 5341.96 5436.03 1.96 5.23 121.48 172.45
cah_50_2 1 0.8691709844559585 0.8591549295774648 0.13082901554404147 0.14084507042253525 (naive) 0.978494623655914 0.6678966789667896 314.6196 0:05:14 5962.96 123602.92 5574.62 5701.62 1.99 4.12 195.32 688.99
Rhodanese_20_0 1 0.5699566160520607 0.5528669121514992 0.4300433839479393 0.4471330878485008 (naive) 0.9768518518518519 0.3385416666666667 309.3150 0:05:09 5437.97 123601.83 5049.86 5175.49 1.99 3.98 186.68 659.20
tim_200_1 1 0.9727700379952958 0.9732983345401882 0.027229962004704178 0.026701665459811785 (naive) 1.0076923076923077 0.9073359073359073 225.6400 0:03:45 6716.34 123543.82 6327.80 6513.22 1.99 4.28 162.88 421.65
cys_20_1 1 0.8332721038452119 0.8246879166161677 0.1667278961547881 0.1753120833838323 (naive) 1.0353356890459364 0.5335820895522388 420.4269 0:07:00 5767.98 123536.21 5379.45 5564.91 1.99 3.59 207.05 981.75
phc_50_1 1 0.7444863336475024 0.8813880830171836 0.2555136663524976 0.11861191698281637 (naive) 1.4916201117318435 0.27932960893854747 235.3296 0:03:55 5496.58 123607.14 5108.38 5218.96 1.99 3.51 190.91 553.27
Rhodanese_200_0 1 0.648590021691974 0.6358320042530569 0.351409978308026 0.36416799574694314 (naive) 1.0185185185185186 0.3333333333333333 175.8477 0:02:55 5915.62 123543.19 5526.71 5653.87 1.99 4.32 166.47 376.67
hla_100_3 1 0.9797752808988764 0.9864253393665159 0.020224719101123556 0.013574660633484115 (naive) 1.0112359550561798 0.9662921348314607 210.5060 0:03:30 5892.65 123607.31 5504.33 5598.70 1.99 3.68 172.00 444.30
blm_20_1 1 0.9350034794711204 0.9360457015466073 0.06499652052887961 0.06395429845339273 (naive) 1.010948905109489 0.7602996254681648 529.5372 0:08:49 5933.52 123600.36 5907.59 5913.91 1.99 3.58 208.23 1188.22
aldosered_100_0 1 0.8844363152643832 0.9044380207447713 0.11556368473561685 0.09556197925522869 (naive) 1.0336787564766838 0.6369230769230769 309.3447 0:05:09 6552.69 123668.80 6164.52 6280.71 1.99 4.04 190.58 633.56
OTCace_100_3 1 0.9405315614617941 0.9506380120886501 0.05946843853820594 0.049361987911349936 (naive) 1.022857142857143 0.8308605341246291 289.4616 0:04:49 6115.63 123473.84 5728.66 5913.89 1.99 3.71 176.08 608.49
int_500_2 1 0.8663697104677061 0.8712206047032475 0.13363028953229394 0.12877939529675253 (naive) 1.0182648401826484 0.6633663366336634 194.6539 0:03:14 6859.66 123604.67 6833.23 6839.46 1.98 4.82 149.56 330.31
oxidored_q6_200_1 1 0.9666666666666667 0.9662921348314607 0.033333333333333326 0.0337078651685393 (naive) 1.0 0.9022556390977443 205.1129 0:03:25 6117.50 123607.26 5729.34 5856.31 1.99 4.35 179.58 451.79
hr_500_0 1 1.0 1.0 0.0 0.0 (naive) 1.0 1.0 131.1338 0:02:11 6012.68 123536.29 5623.92 5718.31 1.99 4.67 123.36 214.31
rrm_500_2 1 0.8552308878144489 0.8426539629936481 0.1447691121855511 0.15734603700635186 (naive) 0.9171974522292994 0.17117117117117117 144.4848 0:02:24 5823.57 123667.01 5421.27 5547.22 1.98 4.69 134.87 251.87
subt_500_0 1 0.8062310030395137 0.8156975118814649 0.19376899696048633 0.1843024881185351 (naive) 1.0724637681159421 0.3647959183673469 455.2064 0:07:35 7919.74 123609.87 7532.01 7658.56 1.98 5.69 186.26 887.48
rhv_200_3 1 0.36165349080864845 0.4308896958692692 0.6383465091913516 0.5691103041307308 (naive) 1.2532051282051282 0.04338153503893215 248.7543 0:04:08 6623.54 123602.06 6235.43 6329.70 1.99 4.34 167.59 505.35
adh_200_1 1 0.9691275167785235 0.971997845988153 0.03087248322147651 0.028002154011847025 (naive) 1.008 0.936 208.2724 0:03:28 6389.73 123664.37 6002.45 6096.49 1.99 4.41 175.60 429.44
Rhodanese_500_0 1 0.7689804772234273 0.7506617257808365 0.23101952277657267 0.24933827421916355 (naive) 0.9907407407407407 0.4895833333333333 175.0082 0:02:55 6769.44 123481.93 6743.43 6749.65 1.98 4.75 298.04 598.26
ace_50_1 1 0.8086156308348893 0.8103448275862069 0.1913843691651107 0.18965517241379315 (naive) 1.0116666666666667 0.6193771626297578 581.9038 0:09:41 7964.79 123537.93 7576.98 7709.17 1.99 4.25 211.97 1306.78
sdr_1000_0 1 0.8489816194734228 0.8377450980392157 0.15101838052657723 0.1622549019607843 (naive) 1.0498614958448753 0.4069400630914827 236.9347 0:03:56 7114.46 123603.27 6726.98 6823.91 1.96 7.46 145.93 400.13
Sulfotransfer_1000_0 1 0.7286012526096033 0.7369087837837838 0.2713987473903967 0.26309121621621623 (naive) 1.010498687664042 0.38513513513513514 383.8507 0:06:23 7302.43 123600.70 6913.57 7007.63 1.98 7.55 276.58 1131.08
rrm_100_3 1 0.8274823067759792 0.8102229845626072 0.17251769322402077 0.18977701543739278 (naive) 0.9681528662420382 0.1891891891891892 164.9734 0:02:44 5467.30 123537.93 5147.25 5298.38 1.99 3.75 130.57 271.13
flav_20_3 1 0.8308856252781487 0.8286728806036396 0.1691143747218513 0.17132711939636036 (naive) 1.010928961748634 0.5314285714285715 307.0513 0:05:07 5517.75 123609.83 5129.05 5256.19 1.99 3.38 186.04 648.41
rhv_1000_3 1 0.33927040670540054 0.4059259259259259 0.6607295932945995 0.5940740740740741 (naive) 1.2724358974358974 0.025583982202447165 269.0883 0:04:29 7345.20 123667.12 6941.74 7035.88 1.99 5.69 213.28 627.40
hla_100_1 1 1.0 1.0 0.0 0.0 (naive) 1.0 1.0 212.7913 0:03:32 5842.49 123600.23 5453.99 5548.20 1.99 3.62 176.38 435.42
flav_100_1 1 0.8024032042723631 0.8221614227086184 0.1975967957276369 0.17783857729138164 (naive) 1.0655737704918034 0.48 200.8796 0:03:20 5688.24 123537.79 5300.18 5394.48 1.99 3.70 148.91 374.39
oxidored_q6_500_2 1 0.9782945736434109 0.9809560823940925 0.02170542635658912 0.019043917605907512 (naive) 1.0070175438596491 0.9210526315789473 191.9678 0:03:11 6653.89 123597.88 6253.45 6348.42 1.99 4.44 143.60 345.50
HMG_box_1000_1 1 0.9730878186968839 0.9621848739495799 0.026912181303116123 0.037815126050420145 (naive) 1.0 0.8518518518518519 138.0806 0:02:18 6106.16 123602.97 5709.09 5894.41 1.98 4.65 97.22 209.53
ace_20_3 1 0.6097626033608963 0.6235679214402619 0.39023739663910373 0.37643207855973815 (naive) 1.055 0.32525951557093424 773.0528 0:12:53 7305.12 123536.45 6917.32 7039.29 1.99 4.05 223.58 1795.68
msb_200_1 1 0.852735368956743 0.8557293329077561 0.14726463104325704 0.1442706670922439 (naive) 1.0 0.6068965517241379 165.2563 0:02:45 5903.21 123600.54 5516.03 5642.69 1.99 4.56 139.09 321.61
blmb_100_0 1 0.7666232073011734 0.799184505606524 0.2333767926988266 0.200815494393476 (naive) 1.0087209302325582 0.4763636363636364 265.2922 0:04:25 6118.54 123536.16 5730.76 5855.47 1.99 3.85 200.68 628.08
hpr_1000_1 1 0.993006993006993 0.993006993006993 0.006993006993006978 0.006993006993006978 (naive) 1.0 0.9772727272727273 148.3770 0:02:28 6433.86 123601.93 6046.48 6232.92 1.99 5.20 141.00 272.90
rvp_20_3 1 0.5906630581867388 0.5866935483870968 0.4093369418132612 0.41330645161290325 (naive) 1.0227272727272727 0.16216216216216217 268.2367 0:04:28 5369.66 123607.20 5332.52 5339.32 1.99 3.33 183.99 582.79
ghf1_100_1 1 0.8931846790145658 0.9131353984741245 0.10681532098543423 0.0868646015258755 (naive) 1.0729537366548043 0.6640159045725647 403.0653 0:06:43 7676.95 123664.70 7288.71 7388.48 1.99 4.41 191.96 842.22
icd_500_3 1 0.9435600578871202 0.9468486784780714 0.05643994211287984 0.053151321521928585 (naive) 1.0161662817551964 0.8484848484848485 449.5812 0:07:29 7915.19 123537.23 7527.26 7653.73 1.99 5.53 192.62 916.07
HMG_box_500_3 1 0.9730878186968839 0.9621848739495799 0.026912181303116123 0.037815126050420145 (naive) 1.0 0.8518518518518519 129.3200 0:02:09 6068.36 123664.19 6042.11 6048.26 1.99 4.01 128.36 279.94
hormone_rec_100_2 1 0.7382366377341252 0.7211066488174922 0.2617633622658748 0.2788933511825078 (naive) 1.0064935064935066 0.49466192170818507 257.0562 0:04:17 6119.68 123601.93 5731.07 5916.43 1.99 3.71 180.45 536.69
myb_DNA-binding_100_0 1 0.9519038076152304 0.9405940594059405 0.04809619238476959 0.05940594059405946 (naive) 1.0 0.8035714285714286 145.7344 0:02:25 5386.34 123600.41 5360.24 5366.44 1.99 3.64 185.86 343.12
rub_50_1 1 0.9836734693877551 0.9836734693877551 0.01632653061224487 0.01632653061224487 (naive) 1.0 0.9259259259259259 166.6869 0:02:46 5281.62 123536.30 4893.57 5049.63 1.99 3.55 130.04 292.38
ldh_20_0 1 0.71900826446281 0.7086682285096414 0.28099173553719003 0.2913317714903586 (naive) 0.9838274932614556 0.25135135135135134 488.6883 0:08:08 6161.26 123537.87 5773.64 5891.82 1.99 3.48 215.38 1114.65
msb_1000_2 1 0.8590966921119593 0.8778030549236269 0.14090330788804073 0.12219694507637313 (naive) 1.0379746835443038 0.6068965517241379 155.7523 0:02:35 6865.37 123610.02 6476.00 6571.23 1.98 6.14 123.55 244.82
sodcu_100_0 1 0.88866930171278 0.8880842659644503 0.11133069828721998 0.11191573403554966 (naive) 1.0 0.7409638554216867 203.4068 0:03:23 5700.71 123607.23 5312.65 5440.45 1.99 3.73 189.39 428.71
Acetyltransf_100_3 1 0.7043994068215521 0.6827982750359367 0.2956005931784479 0.3172017249640633 (naive) 0.982532751091703 0.2804232804232804 196.1053 0:03:16 5646.31 123537.79 5257.69 5355.23 1.99 3.66 143.63 368.13
tms_1000_2 1 0.9724243584833397 0.9709369024856597 0.027575641516660254 0.02906309751434033 (naive) 1.0028011204481793 0.887719298245614 436.4201 0:07:16 7245.09 123602.22 6857.39 6952.22 1.99 7.00 179.23 838.67
tgfb_200_3 1 0.8261603375527427 0.8663716814159292 0.17383966244725735 0.13362831858407076 (naive) 1.0932203389830508 0.3162393162393162 146.3671 0:02:26 5713.70 123601.89 5688.09 5694.36 1.99 3.67 158.85 316.76
p450_200_3 1 0.7637672218794983 0.7605766474177827 0.2362327781205017 0.23942335258221725 (naive) 1.0546875 0.40080160320641284 351.5248 0:05:51 7882.45 123600.27 7493.87 7630.49 1.99 5.05 166.55 641.28
int_50_3 1 0.784521158129176 0.784521158129176 0.215478841870824 0.215478841870824 (naive) 1.0136986301369864 0.4603960396039604 288.1234 0:04:48 5728.69 123537.85 5340.30 5434.45 1.99 3.64 181.82 615.68
cyclo_20_2 1 0.8741638795986622 0.8770973154362416 0.12583612040133785 0.12290268456375841 (naive) 1.0098522167487685 0.708994708994709 345.0884 0:05:45 5538.32 123536.52 5149.69 5245.95 1.99 3.83 189.72 708.22
rhv_20_3 1 0.42299266596818746 0.47059446858111686 0.5770073340318125 0.5294055314188831 (naive) 1.1442307692307692 0.14238042269187987 844.6697 0:14:04 6006.47 123602.01 5617.93 5804.13 1.99 3.36 239.22 2108.15
HMG_box_50_3 1 0.9305949008498584 0.9201680672268907 0.06940509915014159 0.0798319327731093 (naive) 1.0 0.7283950617283951 181.8157 0:03:01 5374.16 123536.17 4985.25 5111.41 1.99 3.65 156.95 393.35
mofe_200_3 1 0.8538161057692307 0.8485889204121249 0.14618389423076927 0.15141107958787514 (naive) 0.993431855500821 0.6716981132075471 345.6749 0:05:45 8181.08 123666.91 7792.78 7887.07 1.99 4.34 179.46 716.51
ace_50_2 1 0.7055214723926381 0.7167050535157837 0.29447852760736193 0.28329494648421627 (naive) 1.035 0.4740484429065744 574.2154 0:09:34 7438.95 123472.35 7050.85 7145.69 1.99 3.70 207.74 1280.36
HMG_box_500_2 1 0.9730878186968839 0.9621848739495799 0.026912181303116123 0.037815126050420145 (naive) 1.0 0.8518518518518519 133.6090 0:02:13 6002.68 123604.52 5614.34 5708.59 1.99 4.09 112.08 206.29
aat_1000_3 1 0.8251674303842087 0.8295045178054686 0.1748325696157913 0.17049548219453137 (naive) 1.069327731092437 0.4501108647450111 508.4359 0:08:28 7946.28 123474.99 7558.15 7653.09 1.98 7.41 189.27 1021.47
flav_50_3 1 0.778816199376947 0.7833482542524619 0.22118380062305298 0.2166517457475381 (naive) 1.0218579234972678 0.45714285714285713 239.8177 0:03:59 5567.84 123472.92 5179.77 5364.94 1.99 3.53 178.06 506.77
hla_500_0 1 1.0 1.0 0.0 0.0 (naive) 1.0 1.0 171.1972 0:02:51 6679.93 123601.84 6311.82 6408.08 1.99 4.25 115.70 321.34
GEL_500_0 1 0.7422885572139304 0.7263875365141188 0.2577114427860696 0.2736124634858812 (naive) 1.0 0.4178082191780822 143.0836 0:02:23 6035.68 123600.27 5648.27 5754.71 1.99 4.99 156.77 277.76
cah_1000_2 1 0.8963730569948186 0.9033942558746736 0.10362694300518138 0.09660574412532641 (naive) 1.028673835125448 0.7121771217712177 337.1197 0:05:37 6819.15 123541.21 6431.28 6616.56 1.98 6.38 175.24 642.97
ghf5_50_2 1 0.5616875153298995 0.5532737376177821 0.43831248467010053 0.4467262623822179 (naive) 0.9914893617021276 0.30077120822622105 406.4270 0:06:46 6396.78 123671.26 6009.06 6175.71 1.99 3.57 195.79 899.88
ace_20_2 1 0.6316351026940518 0.6242256491366812 0.36836489730594824 0.3757743508633188 (naive) 0.9983333333333333 0.3754325259515571 730.4618 0:12:10 7092.99 123602.04 6704.96 6827.46 1.99 4.04 224.84 1721.23
ltn_100_0 1 0.934959902134022 0.932425105056256 0.06504009786597797 0.06757489494374402 (naive) 1.0 0.7154150197628458 258.9288 0:04:18 6198.26 123603.04 5810.02 5904.10 1.99 3.84 173.01 542.71
DEATH_1000_0 1 0.8762402088772846 0.8776150627615062 0.1237597911227154 0.12238493723849375 (naive) 1.0125786163522013 0.6532258064516129 165.3744 0:02:45 7133.82 123607.43 6745.15 6930.54 1.98 5.16 120.53 241.39
biotin_lipoyl_200_0 1 0.9114160948222083 0.9074534161490683 0.08858390517779169 0.09254658385093173 (naive) 1.0089285714285714 0.6705882352941176 142.9075 0:02:22 5633.47 123536.34 5313.28 5464.43 1.99 3.89 165.10 294.59
asp_20_1 1 0.8187087425535341 0.8115548816981207 0.1812912574464659 0.18844511830187927 (naive) 1.0052631578947369 0.4679144385026738 538.2714 0:08:58 6163.81 123536.45 6137.64 6144.46 1.99 3.45 213.57 1251.13
sdr_500_2 1 0.8380526577247889 0.8211021578065004 0.16194734227521113 0.17889784219349958 (naive) 1.0498614958448753 0.3911671924290221 223.7106 0:03:43 7082.98 123604.55 6694.62 6819.61 1.98 5.54 146.05 349.70
zf-CCHH_100_1 1 0.9550481626828398 0.9496275274920184 0.04495183731716024 0.0503724725079816 (naive) 1.0769230769230769 0.7428571428571429 133.1210 0:02:13 5257.71 123603.04 4869.57 4963.76 1.99 4.42 115.63 223.80
icd_500_0 1 0.9479015918958031 0.9492753623188406 0.05209840810419686 0.050724637681159424 (naive) 1.0115473441108545 0.8567493112947658 451.4049 0:07:31 7854.47 123601.93 7739.83 7746.70 1.99 5.16 191.80 910.11
ghf13_1000_2 1 0.6413973513542972 0.642342539024124 0.3586026486457028 0.35765746097587603 (naive) 1.011182108626198 0.28862478777589134 589.2131 0:09:49 7964.71 123482.21 7576.98 7762.15 1.98 6.50 189.89 1141.10
sodcu_100_1 1 0.9113965744400527 0.9129000329924117 0.08860342555994727 0.08709996700758826 (naive) 1.0059171597633136 0.7650602409638554 208.3421 0:03:28 5755.13 123607.21 5366.60 5466.27 1.99 4.08 179.10 435.12
myb_DNA-binding_200_1 1 0.9519038076152304 0.9405940594059405 0.04809619238476959 0.05940594059405946 (naive) 1.0 0.8035714285714286 129.1235 0:02:09 5453.67 123473.87 5064.88 5162.95 1.99 4.23 121.26 248.84
LIM_1000_2 1 0.9725806451612903 0.9725806451612903 0.02741935483870972 0.02741935483870972 (naive) 1.0 0.8658536585365854 137.6799 0:02:17 6030.30 123603.08 6003.57 6009.91 1.98 4.75 90.94 233.61
p450_20_0 1 0.3390910960312564 0.34213037885389436 0.6609089039687436 0.6578696211461057 (naive) 1.099609375 0.06613226452905811 630.3275 0:10:30 6722.91 123472.18 6697.04 6703.40 1.99 3.45 224.95 1512.16
msb_200_3 1 0.8505089058524173 0.859254498714653 0.14949109414758266 0.14074550128534702 (naive) 1.0126582278481013 0.593103448275862 164.5136 0:02:44 5855.66 123536.37 5467.30 5561.67 1.99 4.60 142.30 296.98
int_200_2 1 0.9187082405345212 0.9187082405345212 0.08129175946547884 0.08129175946547884 (naive) 1.004566210045662 0.7821782178217822 200.4902 0:03:20 6418.60 123607.41 6030.87 6218.07 1.99 4.01 141.85 352.40
DEATH_100_1 1 0.8130548302872063 0.8143305439330544 0.18694516971279374 0.18566945606694563 (naive) 1.0125786163522013 0.4596774193548387 186.6819 0:03:06 5546.82 123671.74 5158.68 5343.75 1.99 3.71 159.87 384.32
rub_200_1 1 0.9836734693877551 0.9836734693877551 0.01632653061224487 0.01632653061224487 (naive) 1.0 0.9259259259259259 126.6555 0:02:06 5441.13 123673.85 5052.73 5147.07 1.99 4.26 139.72 260.72
zf-CCHH_20_0 1 0.8819122368890474 0.8738069989395546 0.11808776311095259 0.1261930010604454 (naive) 1.0512820512820513 0.5142857142857142 181.7813 0:03:01 5219.10 123600.42 4831.06 4930.82 1.99 3.98 153.84 373.78
cytb_50_3 1 0.8975853455453788 0.8968386023294509 0.10241465445462117 0.1031613976705491 (naive) 1.01 0.6956521739130435 222.0883 0:03:42 5475.98 123607.23 5087.43 5272.82 1.99 3.59 171.81 435.76
gluts_500_1 1 0.9132105263157895 0.912874204240543 0.08678947368421053 0.087125795759457 (naive) 1.0085106382978724 0.703862660944206 176.2150 0:02:56 6555.25 123609.92 6166.30 6261.37 1.98 5.25 165.42 335.96
OTCace_1000_1 1 0.9421926910299003 0.9481778669341357 0.05780730897009967 0.05182213306586425 (naive) 1.0114285714285713 0.8367952522255193 296.3898 0:04:56 7490.55 123536.25 7087.66 7273.33 1.99 5.54 174.39 558.72
DMRL_synthase_50_0 1 0.8996587030716724 0.8792528352234823 0.1003412969283276 0.1207471647765177 (naive) 0.978021978021978 0.6863905325443787 235.1281 0:03:55 5595.75 123533.75 5208.14 5393.34 1.99 3.43 184.89 513.19
Ald_Xan_dh_2_1000_0 1 0.8325197146075854 0.8329106790645252 0.16748028539241455 0.1670893209354748 (naive) 1.007909604519774 0.6394230769230769 229.6653 0:03:49 6783.99 123539.11 6396.04 6490.19 1.98 5.91 138.58 374.67
hormone_rec_500_3 1 0.7460027409776153 0.7508045977011494 0.2539972590223847 0.24919540229885062 (naive) 1.0714285714285714 0.5160142348754448 215.2862 0:03:35 7054.16 123607.23 6665.49 6761.32 1.99 4.98 156.48 390.92
zf-CCHH_200_0 1 0.940064216910453 0.9334041799504074 0.059935783089546946 0.06659582004959264 (naive) 1.0256410256410255 0.7428571428571429 120.0796 0:02:00 5341.76 123664.33 4953.52 5053.34 1.99 3.68 139.06 217.73
Sulfotransfer_500_2 1 0.7703549060542797 0.7797971259509721 0.2296450939457203 0.22020287404902794 (naive) 0.994750656167979 0.4831081081081081 342.9582 0:05:42 7041.39 123543.44 6653.56 6770.47 1.98 6.08 175.05 643.81
rub_20_0 1 1.0 1.0 0.0 0.0 (naive) 1.0 1.0 208.7291 0:03:28 5261.56 123607.13 4872.99 4967.18 1.99 4.01 160.77 386.25
egf_200_0 1 0.7888846005403319 0.7925552539744087 0.21111539945966806 0.20744474602559126 (naive) 1.0704225352112675 0.35294117647058826 133.0313 0:02:13 5410.41 123600.18 5022.83 5210.39 1.99 4.34 110.19 260.29
ghf1_100_2 1 0.8707067074267218 0.8847875742348105 0.12929329257327815 0.11521242576518953 (naive) 1.0427046263345197 0.6779324055666004 416.7482 0:06:56 7707.27 123537.77 7318.75 7414.15 1.99 4.79 200.68 904.29
aat_500_1 1 0.8327458583010222 0.8358886661162873 0.1672541416989778 0.16411133388371268 (naive) 1.0483193277310925 0.565410199556541 435.8011 0:07:15 7702.04 123540.63 7314.46 7409.59 1.98 6.10 179.21 835.25
rhv_1000_0 1 0.6152014477569292 0.6011167985109354 0.3847985522430708 0.39888320148906464 (naive) 0.9647435897435898 0.3192436040044494 277.8265 0:04:37 7351.13 123601.82 6963.10 7119.27 1.99 5.07 170.31 512.97
msb_1000_3 1 0.8670483460559797 0.8862158647594278 0.1329516539440203 0.11378413524057218 (naive) 1.0316455696202531 0.5793103448275863 168.1660 0:02:48 6758.70 123543.54 6369.40 6463.78 1.97 6.09 112.02 241.79
hom_100_1 1 0.9542820347714102 0.9518304431599229 0.04571796522858984 0.048169556840077066 (naive) 0.9795918367346939 0.6811594202898551 147.7263 0:02:27 5437.70 123666.02 5049.11 5144.09 1.99 4.18 153.60 297.46
sodfe_500_0 1 0.9164471208129469 0.904363974001857 0.08355287918705312 0.09563602599814303 (naive) 0.9908675799086758 0.6555023923444976 155.2743 0:02:35 6645.68 123600.25 6619.50 6625.69 1.99 4.40 139.38 265.73
flav_200_3 1 0.890520694259012 0.8893333333333333 0.10947930574098796 0.11066666666666669 (naive) 1.0163934426229508 0.68 182.2081 0:03:02 6037.00 123537.79 5698.70 5801.27 1.99 4.45 157.20 386.43
PDZ_500_2 1 0.8870967741935484 0.8870967741935484 0.11290322580645162 0.11290322580645162 (naive) 0.990909090909091 0.7777777777777778 150.7855 0:02:30 6348.06 123540.71 6321.48 6327.71 1.98 4.73 133.70 262.89
p450_1000_0 1 0.37491260538762083 0.6391810405272753 0.6250873946123792 0.3608189594727247 (naive) 1.689453125 0.03406813627254509 430.3207 0:07:10 8086.48 123539.24 7699.05 7807.96 1.97 8.44 172.62 808.42
peroxidase_1000_0 1 0.7780645161290323 0.7768115942028986 0.22193548387096773 0.22318840579710142 (naive) 0.9947780678851175 0.5071633237822349 455.5699 0:07:35 7323.87 123610.02 6935.78 7030.00 1.99 6.34 199.75 964.71
annexin_1000_3 1 1.0 1.0 0.0 0.0 (naive) 1.0 1.0 156.9242 0:02:36 6631.96 123603.00 6243.59 6337.92 1.98 5.58 126.67 264.61
GEL_50_1 1 0.6507462686567164 0.6240458015267175 0.34925373134328364 0.3759541984732825 (naive) 0.9666666666666667 0.3424657534246575 199.7834 0:03:19 5447.40 123607.21 5421.52 5427.77 1.99 3.50 147.68 358.70
LIM_200_1 1 0.9790322580645161 0.9790322580645161 0.020967741935483897 0.020967741935483897 (naive) 1.0 0.8780487804878049 136.6013 0:02:16 5518.47 123601.85 5130.42 5315.69 1.99 3.94 105.85 210.71
egf_50_0 1 0.7541489772288692 0.7332082551594746 0.2458510227711308 0.26679174484052537 (naive) 1.028169014084507 0.22058823529411764 161.1459 0:02:41 5281.22 123472.23 4892.47 4987.48 1.99 3.86 149.34 324.95
gpdh_20_1 1 0.8948277723787927 0.901446752964212 0.10517222762120726 0.09855324703578805 (naive) 1.0138888888888888 0.7402234636871509 528.5784 0:08:48 5635.17 123607.14 5247.66 5423.28 1.99 3.45 205.91 1155.94
ltn_100_1 1 0.9341443523175207 0.9312330623306233 0.06585564768247931 0.0687669376693767 (naive) 1.00355871886121 0.7035573122529645 261.8257 0:04:21 6196.01 123537.13 5825.53 5993.38 1.99 3.75 200.40 620.03
rub_1000_2 1 0.9918367346938776 0.9918367346938776 0.008163265306122436 0.008163265306122436 (naive) 1.0 0.9629629629629629 130.2882 0:02:10 6016.48 123543.29 5641.20 5770.60 1.99 4.83 109.32 207.47
ltn_1000_2 1 0.9377463640070681 0.9399182561307902 0.06225363599293188 0.060081743869209836 (naive) 1.0462633451957295 0.7114624505928854 375.8410 0:06:15 6863.79 123604.60 6468.48 6562.74 1.98 6.45 170.02 707.91
annexin_50_1 1 0.9593822720541569 0.966538789428815 0.04061772794584306 0.03346121057118501 (naive) 1.0154798761609907 0.9119496855345912 240.6968 0:04:00 5516.80 123537.85 5129.06 5223.33 1.99 3.57 180.83 534.19
ghf1_500_1 1 0.9221363064197087 0.9203984564300458 0.07786369358029133 0.07960154356995419 (naive) 1.0124555160142348 0.7196819085487077 468.9374 0:07:48 8029.22 123609.90 7641.40 7826.32 1.99 5.83 183.01 891.07
Acetyltransf_50_3 1 0.7053880375679684 0.6853986551392891 0.2946119624320316 0.3146013448607109 (naive) 0.9912663755458515 0.30158730158730157 232.9547 0:03:52 5475.66 123599.41 5085.80 5198.25 1.99 3.67 199.33 546.31
peroxidase_1000_1 1 0.7938709677419354 0.8103391504774449 0.20612903225806456 0.18966084952255513 (naive) 1.0391644908616189 0.498567335243553 545.0880 0:09:05 7277.52 123607.41 7251.46 7257.68 1.99 6.73 672.87 3787.55
DEATH_200_0 1 0.9107049608355091 0.906916276651066 0.08929503916449089 0.093083723348934 (naive) 1.0062893081761006 0.6854838709677419 160.1317 0:02:40 5893.07 123674.13 5504.52 5631.42 1.99 4.38 142.91 290.15
HLH_500_0 1 0.8885298869143781 0.935374149659864 0.11147011308562194 0.06462585034013602 (naive) 1.173913043478261 0.6547619047619048 138.4148 0:02:18 6067.45 123607.22 5671.66 5798.19 1.99 4.55 120.50 219.91
cah_50_0 1 0.8601036269430051 0.8642082429501085 0.13989637305699487 0.13579175704989155 (naive) 1.021505376344086 0.6457564575645757 328.0991 0:05:28 5971.67 123543.28 5640.11 5791.54 1.99 3.65 195.14 726.58
sodfe_500_3 1 0.9123071132856605 0.9027932960893855 0.0876928867143395 0.09720670391061448 (naive) 0.9954337899543378 0.6555023923444976 152.1646 0:02:32 6387.41 123543.15 6361.00 6367.29 1.99 4.27 163.51 287.62
p450_500_0 1 0.42776064157927207 0.6820327868852459 0.5722393584207279 0.31796721311475407 (naive) 1.59375 0.03807615230460922 405.2093 0:06:45 8271.59 123603.08 7883.13 8000.54 1.98 5.93 177.60 802.31
uce_50_1 1 0.9166207529843894 0.9026132561714441 0.08337924701561061 0.09738674382855594 (naive) 0.9891304347826086 0.5 233.8125 0:03:53 5583.57 123543.34 5194.71 5312.70 1.99 3.55 183.79 513.19
hom_100_2 1 0.952994204764971 0.9475032010243278 0.04700579523502901 0.052496798975672165 (naive) 0.9591836734693877 0.6956521739130435 156.5834 0:02:36 5418.76 123668.57 5030.34 5126.64 1.99 3.65 139.27 300.76
ghf1_20_2 1 0.635227477072469 0.6607744107744108 0.36477252292753104 0.3392255892255892 (naive) 1.0907473309608542 0.34592445328031807 671.1901 0:11:11 6822.64 123536.38 6442.81 6575.86 1.99 4.11 221.25 1547.70
gluts_20_0 1 0.844 0.8390979017319868 0.15600000000000003 0.16090209826801316 (naive) 0.9829787234042553 0.6437768240343348 367.5332 0:06:07 5721.51 123664.50 5694.86 5701.12 1.99 3.44 207.61 852.16
rvp_500_1 1 0.39918809201623817 0.4294032023289665 0.6008119079837618 0.5705967976710336 (naive) 1.2121212121212122 0.0 138.9288 0:02:18 6218.00 123600.30 5830.41 6015.53 1.99 3.96 115.90 252.00
OTCace_500_3 1 0.9438538205980066 0.9498495486459378 0.0561461794019934 0.05015045135406215 (naive) 1.0142857142857142 0.8219584569732937 215.8920 0:03:35 7151.38 123610.01 6762.33 6873.32 1.99 4.39 165.66 380.71
myb_DNA-binding_1000_1 1 0.9438877755511023 0.9326732673267327 0.05611222444889774 0.06732673267326728 (naive) 1.0 0.7857142857142857 473.0884 0:07:53 5998.18 106800.02 5609.19 5699.01 29.98 4.94 39.44 188.13
Acetyltransf_20_1 1 0.615916955017301 0.5919239904988124 0.38408304498269896 0.4080760095011876 (naive) 0.9388646288209607 0.20105820105820105 327.1719 0:05:27 5415.50 123664.19 5027.11 5122.62 1.99 3.98 200.81 739.98
asp_200_3 1 0.9126549669940428 0.913795188006287 0.0873450330059572 0.086204811993713 (naive) 1.0157894736842106 0.7165775401069518 302.6976 0:05:02 7481.14 123601.79 7092.83 7190.92 1.99 4.80 183.93 642.60
Acetyltransf_500_0 1 0.6534849233811172 0.6483570377636096 0.3465150766188828 0.35164296223639036 (naive) 0.9956331877729258 0.31216931216931215 169.2290 0:02:49 6522.77 123538.05 6134.04 6228.29 1.98 4.79 113.90 256.33
hla_20_3 1 1.0 1.0 0.0 0.0 (naive) 1.0 1.0 331.8668 0:05:31 5570.86 123607.32 5181.56 5304.08 1.99 3.41 199.93 733.47
ghf10_50_3 1 0.912706437478935 0.9120916133378242 0.08729356252106502 0.08790838666217582 (naive) 1.0054945054945055 0.7678018575851393 411.5125 0:06:51 6311.23 123664.27 5923.44 6021.55 1.99 4.14 199.21 880.16
proteasome_100_1 1 0.7988722520669029 0.7865261262613001 0.20112774793309707 0.21347387373869986 (naive) 1.0161812297734627 0.22413793103448276 255.4827 0:04:15 6015.06 123663.30 5626.55 5734.79 1.99 4.27 163.55 518.85
proteasome_500_3 1 0.8494685106869356 0.8362463431100443 0.15053148931306437 0.1637536568899557 (naive) 1.035598705501618 0.4 201.2490 0:03:21 6930.67 123473.98 6542.20 6667.58 1.99 4.53 199.58 462.89
sodcu_200_0 1 0.8903162055335968 0.892668428005284 0.1096837944664032 0.10733157199471599 (naive) 1.017751479289941 0.7590361445783133 179.7047 0:02:59 6166.63 123671.11 5778.01 5872.17 1.99 3.62 182.26 412.80
rhv_100_0 1 0.2835508143632727 0.5000839912649084 0.7164491856367273 0.49991600873509157 (naive) 1.830128205128205 0.05228031145717464 295.4373 0:04:55 6277.23 123537.98 5893.93 6019.38 1.99 4.05 200.44 696.23
tgfb_200_0 1 0.8147679324894515 0.8432314410480349 0.18523206751054855 0.15676855895196506 (naive) 1.0677966101694916 0.3162393162393162 147.1155 0:02:27 5758.27 123540.63 5370.02 5469.75 1.99 3.67 150.54 289.18
kringle_200_0 1 0.8806394316163411 0.8747353563867325 0.11936056838365894 0.1252646436132675 (naive) 1.05 0.6629213483146067 140.5560 0:02:20 5592.38 123607.42 5566.46 5572.75 1.99 3.80 116.39 260.97
aldosered_100_3 1 0.9241769205187895 0.9243306169965075 0.07582307948121048 0.07566938300349246 (naive) 0.9792746113989638 0.7538461538461538 315.1936 0:05:15 6658.12 123607.10 6271.36 6456.41 1.99 3.68 187.28 692.72
cah_20_2 1 0.6429188255613126 0.6719314079422383 0.35708117443868737 0.32806859205776173 (naive) 1.1003584229390682 0.3837638376383764 429.5541 0:07:09 5810.05 123665.82 5422.43 5553.11 1.99 3.56 211.20 978.80
tms_20_3 1 0.9253159708923784 0.9175845043676415 0.07468402910762162 0.0824154956323585 (naive) 0.9775910364145658 0.7649122807017544 465.0130 0:07:45 6072.88 123543.36 6041.80 6046.17 1.99 3.96 211.33 1051.97
gluts_20_1 1 0.8307894736842105 0.8274361796928238 0.16921052631578948 0.1725638203071762 (naive) 1.004255319148936 0.6094420600858369 366.9667 0:06:06 5689.08 123537.98 5300.37 5423.32 1.99 3.95 201.83 842.16
ltn_200_1 1 0.9296588283267636 0.9302910772578891 0.07034117167323639 0.06970892274211093 (naive) 1.0142348754448398 0.7114624505928854 221.4773 0:03:41 6608.80 123543.12 6550.92 6557.80 1.99 4.48 156.51 431.43
icd_20_3 1 0.6743849493487699 0.7511283043197937 0.3256150506512301 0.24887169568020628 (naive) 1.2032332563510393 0.27548209366391185 612.2534 0:10:12 6588.12 123600.31 6200.23 6313.83 1.99 3.56 218.38 1384.39
icd_200_2 1 0.9400868306801736 0.9433633459192564 0.059913169319826376 0.05663665408074359 (naive) 1.0184757505773672 0.8402203856749312 305.1946 0:05:05 7711.61 123607.10 7322.73 7418.01 1.99 4.87 175.36 620.41
Rhodanese_200_1 1 0.777114967462039 0.7565997888067582 0.222885032537961 0.24340021119324184 (naive) 0.9953703703703703 0.4791666666666667 177.2000 0:02:57 6129.60 123607.30 6102.74 6108.70 1.99 4.07 164.60 347.93
OTCace_50_0 1 0.9176079734219269 0.9375424304141209 0.0823920265780731 0.062457569585879114 (naive) 1.042857142857143 0.798219584569733 361.7354 0:06:01 5789.41 123600.33 5401.88 5587.02 1.99 3.45 200.16 783.62
p450_20_1 1 0.6169442730824594 0.6219835807280869 0.38305572691754064 0.3780164192719131 (naive) 1.134765625 0.23046092184368738 671.2983 0:11:11 6767.67 123543.24 6379.54 6566.58 1.99 4.02 214.12 1562.33
Acetyltransf_500_2 1 0.7439446366782007 0.7207854406130269 0.25605536332179935 0.27921455938697315 (naive) 0.982532751091703 0.3333333333333333 168.7040 0:02:48 6459.52 123482.00 6070.86 6195.59 1.98 5.47 105.04 242.45
aadh_100_2 1 0.8028619845603464 0.8162327718223583 0.1971380154396536 0.18376722817764168 (naive) 1.051660516605166 0.4444444444444444 372.4908 0:06:12 6735.85 123479.25 6348.61 6475.64 1.99 4.36 189.45 820.16
cys_500_3 1 0.9261572373254959 0.9236687835857352 0.07384276267450407 0.07633121641426477 (naive) 1.0424028268551238 0.6902985074626866 207.6465 0:03:27 7248.46 123546.00 6860.27 7045.51 1.99 5.25 152.96 394.41
DMRL_synthase_50_1 1 0.9296928327645051 0.9037823490378235 0.0703071672354949 0.09621765096217649 (naive) 0.9615384615384616 0.7514792899408284 234.3845 0:03:54 5560.99 123671.26 5208.57 5357.25 1.99 3.57 187.58 531.56
PDZ_1000_0 1 0.8701996927803379 0.8668706962509564 0.12980030721966207 0.13312930374904364 (naive) 1.0 0.6464646464646465 160.1152 0:02:40 6790.22 123540.57 6401.11 6496.21 1.97 5.50 127.83 239.85
rub_1000_1 1 0.9918367346938776 0.9918367346938776 0.008163265306122436 0.008163265306122436 (naive) 1.0 0.9629629629629629 130.7960 0:02:10 5940.02 123533.83 5546.38 5671.80 1.99 5.11 99.61 174.23
Rhodanese_20_3 1 0.5119305856832972 0.49346576058546787 0.4880694143167028 0.5065342394145321 (naive) 0.9675925925925926 0.3125 321.4701 0:05:21 5435.06 123607.16 5045.83 5142.60 1.99 3.42 183.49 673.83
cytb_1000_1 1 0.8626144879267277 0.8618968386023295 0.13738551207327232 0.13810316139767054 (naive) 1.01 0.6086956521739131 159.6445 0:02:39 7055.22 123610.14 6667.14 6761.98 1.98 5.30 121.80 262.98
blm_100_0 1 0.8592901878914405 0.9047479484173505 0.14070981210855948 0.09525205158264949 (naive) 1.186131386861314 0.6741573033707865 332.6595 0:05:32 6825.59 123601.90 6438.18 6574.44 1.99 4.21 204.70 748.84
cryst_500_1 1 0.9118395026843741 0.9108100479819362 0.08816049731562592 0.08918995201806379 (naive) 1.0052083333333333 0.6961325966850829 155.5174 0:02:35 6564.36 123539.15 6175.89 6275.70 1.99 4.70 143.64 298.59
ldh_100_2 1 0.8501791852556132 0.835573605520414 0.1498208147443868 0.16442639447958596 (naive) 0.9757412398921833 0.5378378378378378 272.0342 0:04:32 6014.41 123536.16 5626.77 5721.71 1.99 3.66 189.72 631.56
cryst_50_3 1 0.9005368748233964 0.902321630804077 0.0994631251766036 0.09767836919592299 (naive) 1.0052083333333333 0.6906077348066298 244.4307 0:04:04 5489.92 123543.09 5101.38 5195.62 1.99 4.05 172.82 534.33
aldosered_500_2 1 0.8917525773195877 0.8986260053619303 0.10824742268041232 0.10137399463806973 (naive) 1.005181347150259 0.7138461538461538 395.8619 0:06:35 7428.03 123539.03 7040.55 7145.82 1.98 5.65 182.93 754.89
cys_200_2 1 0.9177075679647319 0.9165290772335352 0.08229243203526815 0.08347092276646484 (naive) 1.0494699646643109 0.667910447761194 222.8270 0:03:42 6651.37 123602.04 6263.84 6358.80 1.99 4.86 156.11 421.25
sdr_50_2 1 0.8214936247723132 0.8062296858071506 0.17850637522768675 0.1937703141928494 (naive) 1.0526315789473684 0.36908517350157727 328.8791 0:05:28 5792.67 123607.43 5404.60 5529.26 1.99 4.07 200.21 772.69
PDZ_20_0 1 0.804147465437788 0.7998472116119175 0.19585253456221197 0.20015278838808248 (naive) 0.9818181818181818 0.5454545454545454 233.5675 0:03:53 5319.56 123539.03 4931.39 5025.61 1.99 3.39 186.33 514.86
PDZ_200_1 1 0.8817204301075269 0.884437596302003 0.11827956989247312 0.11556240369799697 (naive) 1.0 0.7474747474747475 148.3718 0:02:28 5699.57 123545.91 5673.52 5679.68 1.99 3.89 176.79 307.64
ghf1_100_3 1 0.9087394353533537 0.906864064602961 0.09126056464664634 0.09313593539703902 (naive) 1.01067615658363 0.7077534791252486 419.4619 0:06:59 7561.98 123543.27 7173.54 7299.28 1.99 3.70 202.35 902.75
sdr_500_0 1 0.8432963514930728 0.8276273022751895 0.1567036485069272 0.17237269772481045 (naive) 1.0415512465373962 0.41324921135646686 193.5570 0:03:13 7121.81 123667.15 6733.35 6918.72 1.98 5.07 140.54 319.56
PDZ_50_0 1 0.7918586789554531 0.7930769230769231 0.20814132104454686 0.20692307692307688 (naive) 1.0 0.5353535353535354 187.5099 0:03:07 5401.96 123665.77 5028.53 5200.60 1.99 3.65 155.53 383.21
GEL_1000_0 1 0.7243781094527363 0.7061105722599418 0.2756218905472637 0.2938894277400582 (naive) 1.0 0.4041095890410959 156.7281 0:02:36 6745.82 123602.96 6365.86 6458.51 1.98 5.21 131.39 240.51
p450_200_2 1 0.5322229076701624 0.7006497022198159 0.46777709232983755 0.29935029778018407 (naive) 1.7890625 0.026052104208416832 338.3740 0:05:38 7975.71 123607.12 7587.78 7687.44 1.99 5.03 184.52 703.98
phc_1000_1 1 0.9116870876531574 0.91565694812571 0.08831291234684258 0.08434305187429003 (naive) 1.0223463687150838 0.7094972067039106 191.6735 0:03:11 6981.70 123539.13 6592.99 6687.25 1.99 5.39 144.32 321.52
LIM_100_2 1 0.9661290322580646 0.9661290322580646 0.03387096774193543 0.03387096774193543 (naive) 1.0 0.8536585365853658 156.2955 0:02:36 5398.87 123607.29 5011.28 5105.30 1.99 3.58 151.94 288.20
il8_20_1 1 0.8265046623339927 0.8118234804329725 0.17349533766600733 0.18817651956702752 (naive) 0.9506172839506173 0.4675324675324675 208.2506 0:03:28 5288.89 123607.07 4899.84 5026.08 1.99 3.96 174.60 422.18
aat_200_3 1 0.8568910821290096 0.8613440415731665 0.14310891787099045 0.13865595842683354 (naive) 1.0672268907563025 0.5388026607538803 294.6944 0:04:54 7648.93 123544.00 7250.31 7346.76 1.99 4.67 191.89 649.24
ldh_1000_3 1 0.8915746361442258 0.8851012851230668 0.10842536385577417 0.11489871487693315 (naive) 0.9946091644204852 0.6 248.1313 0:04:08 6789.00 123603.71 6400.75 6586.24 1.99 5.37 160.87 466.46
hom_200_0 1 0.948486799742434 0.9472668810289389 0.051513200257566005 0.052733118971061144 (naive) 0.9795918367346939 0.6811594202898551 139.0440 0:02:19 5489.32 123536.19 5100.92 5195.11 1.99 3.54 122.44 235.72
ghf10_100_1 1 0.8459723626558814 0.856655290102389 0.15402763734411862 0.14334470989761094 (naive) 1.0412087912087913 0.6780185758513931 307.1724 0:05:07 6563.14 123479.29 6175.31 6300.88 1.99 3.88 191.26 654.35
hom_500_3 1 0.9575016097875081 0.9562700964630225 0.04249839021249191 0.04372990353697748 (naive) 0.9795918367346939 0.7101449275362319 129.3865 0:02:09 5882.08 123600.36 5494.32 5679.33 1.99 4.09 116.76 209.07
ghf10_50_1 1 0.8756319514661274 0.8756319514661274 0.12436804853387262 0.12436804853387262 (naive) 1.0137362637362637 0.718266253869969 375.4059 0:06:15 6176.98 123607.43 5788.48 5883.46 1.99 3.45 193.34 800.86
adh_50_0 1 0.9846979865771812 0.9849624060150376 0.015302013422818783 0.015037593984962405 (naive) 1.0026666666666666 0.9573333333333334 325.2991 0:05:25 5702.00 123473.91 5319.66 5500.46 1.99 3.58 206.47 730.97
lyase_1_100_2 1 0.8446913580246913 0.8442744323790721 0.1553086419753087 0.15572556762092793 (naive) 1.0019569471624266 0.6759443339960238 363.2023 0:06:03 6838.76 123537.89 6450.90 6545.27 1.99 4.22 200.00 857.32
ace_100_0 1 0.7802080554814618 0.7862903225806451 0.21979194451853823 0.21370967741935487 (naive) 1.0216666666666667 0.527681660899654 491.8004 0:08:11 8285.21 123600.31 8183.92 8190.74 1.99 4.03 197.09 1025.80
il8_200_2 1 0.8739756993500989 0.8754599490517974 0.1260243006499011 0.12454005094820264 (naive) 1.0 0.5844155844155844 135.2144 0:02:15 5540.72 123472.18 5152.80 5252.49 1.99 3.88 108.54 243.76
LIM_20_3 1 0.9612903225806452 0.9706840390879479 0.03870967741935483 0.02931596091205213 (naive) 1.0116279069767442 0.8536585365853658 216.2110 0:03:36 5297.04 123536.17 4908.46 5033.32 1.99 3.91 168.47 464.68
zf-CCHH_500_1 1 0.9425615412058509 0.9368794326241134 0.057438458794149105 0.06312056737588656 (naive) 1.0512820512820513 0.7714285714285715 117.3421 0:01:57 5602.49 123545.84 5573.84 5580.20 1.98 4.35 116.23 191.40
il8_50_3 1 0.8717151737779033 0.862937062937063 0.1282848262220967 0.13706293706293704 (naive) 0.9753086419753086 0.5324675324675324 174.0778 0:02:54 5355.47 123543.25 4966.41 5065.36 1.99 3.62 156.95 363.24
ghf5_20_0 1 0.4042187883247486 0.3845076994867009 0.5957812116752514 0.6154923005132991 (naive) 0.9680851063829787 0.13624678663239073 560.0724 0:09:20 6127.18 123479.15 5806.21 5959.00 1.99 3.55 210.88 1246.85
HLH_20_1 1 0.9418416801292407 0.9418416801292407 0.058158319870759256 0.058158319870759256 (naive) 1.0 0.8809523809523809 224.8014 0:03:44 5288.79 123600.22 4900.45 5025.91 1.99 3.43 152.43 428.85
lyase_1_1000_2 1 0.8330864197530864 0.8330864197530864 0.1669135802469136 0.1669135802469136 (naive) 1.0019569471624266 0.6600397614314115 538.3409 0:08:58 7728.30 123664.25 7340.41 7525.69 1.99 6.14 193.08 1092.43
mmp_1000_0 1 0.9445145018915511 0.9656209712075634 0.05548549810844894 0.034379028792436594 (naive) 1.05 0.8579881656804734 281.2855 0:04:41 7337.20 123539.01 7311.21 7317.49 1.98 5.99 429.38 1291.09
cryst_50_1 1 0.9234246962418763 0.9229031347077097 0.07657530375812371 0.07709686529229032 (naive) 1.0 0.7182320441988951 244.9949 0:04:04 5468.41 123607.16 5079.45 5173.75 1.99 3.96 187.05 502.05
cryst_20_1 1 0.8686069511161345 0.8742889647326507 0.1313930488838655 0.12571103526734928 (naive) 1.0208333333333333 0.6022099447513812 315.7643 0:05:15 5363.64 123540.58 4975.17 5079.68 1.99 3.47 182.10 681.77
HLH_50_1 1 0.9434571890145396 0.9434571890145396 0.056542810985460434 0.056542810985460434 (naive) 1.0 0.8690476190476191 180.7533 0:03:00 5342.97 123536.29 4954.48 5079.86 1.99 3.92 152.87 366.51
gluts_1000_2 1 0.9086315789473685 0.9067226890756303 0.09136842105263154 0.09327731092436975 (naive) 0.9957446808510638 0.6609442060085837 207.3222 0:03:27 6567.70 123603.21 6179.46 6304.89 1.98 6.28 157.77 391.83
cys_100_0 1 0.9237080578006368 0.9149129722845534 0.0762919421993632 0.08508702771544663 (naive) 1.0247349823321554 0.6567164179104478 275.2687 0:04:35 6255.55 123607.38 6229.86 6236.67 1.99 3.92 188.28 574.05
Acetyltransf_1000_3 1 0.67622343054869 0.7143603133159269 0.32377656945130995 0.28563968668407314 (naive) 1.074235807860262 0.3333333333333333 175.3432 0:02:55 7125.81 123538.14 6737.46 6922.89 1.96 6.02 155.64 293.79
hpr_100_2 1 1.0 1.0 0.0 0.0 (naive) 1.0 1.0 152.5417 0:02:32 5456.11 123536.29 5429.78 5436.03 1.99 3.55 169.30 314.55
HMG_box_500_0 1 0.9730878186968839 0.9621848739495799 0.026912181303116123 0.037815126050420145 (naive) 1.0 0.8518518518518519 130.2154 0:02:10 6033.00 123536.29 5645.63 5781.02 1.99 4.22 127.28 219.01
adh_200_2 1 0.9589261744966443 0.9648838465694219 0.0410738255033557 0.035116153430578056 (naive) 1.0186666666666666 0.8986666666666666 217.7583 0:03:37 6453.05 123473.97 6065.65 6160.64 1.99 4.04 173.83 420.40
proteasome_50_0 1 0.7980721606278813 0.7666434871719796 0.20192783937211867 0.2333565128280204 (naive) 0.9838187702265372 0.3137931034482759 297.3536 0:04:57 5773.41 123543.30 5452.74 5606.42 1.99 4.20 189.99 666.85
rrm_500_3 1 0.824258986756359 0.8257634257634258 0.175741013243641 0.17423657423657424 (naive) 1.0318471337579618 0.16216216216216217 150.2700 0:02:30 6201.89 123668.73 5813.95 5912.63 1.98 4.75 129.14 240.80
icd_20_0 1 0.6931982633863966 0.9051398337112623 0.30680173661360344 0.09486016628873772 (naive) 1.4734411085450347 0.3002754820936639 580.1408 0:09:40 6417.25 123671.21 6029.28 6155.02 1.99 3.48 216.86 1350.55
cytb_50_2 1 0.8784346378018318 0.8762458471760798 0.12156536219816816 0.12375415282392022 (naive) 1.0 0.6739130434782609 234.2972 0:03:54 5467.70 123540.69 5079.77 5216.06 1.99 4.12 184.32 500.62
LIM_50_1 1 0.9725806451612903 0.9725806451612903 0.02741935483870972 0.02741935483870972 (naive) 1.0 0.8658536585365854 181.7426 0:03:01 5349.11 123537.94 4960.40 5059.46 1.99 4.08 163.01 380.22
egf_20_1 1 0.7035893477421845 0.6866290018832392 0.2964106522578155 0.31337099811676083 (naive) 1.028169014084507 0.20588235294117646 213.2063 0:03:33 5279.16 123543.09 4891.38 5076.38 1.99 3.52 166.19 457.20
HMG_box_1000_3 1 0.9730878186968839 0.9621848739495799 0.026912181303116123 0.037815126050420145 (naive) 1.0 0.8518518518518519 141.8098 0:02:21 5516.74 123539.10 5130.99 5225.01 1.98 5.20 138.23 268.07
aat_200_1 1 0.8743978380918811 0.8746547570076982 0.1256021619081189 0.12534524299230176 (naive) 1.0483193277310925 0.6164079822616408 309.2898 0:05:09 7643.23 123600.43 7255.89 7355.50 1.99 4.66 170.18 583.87
blm_1000_2 1 0.9057759220598469 0.9183011147170876 0.09422407794015308 0.08169888528291236 (naive) 1.051094890510949 0.6966292134831461 506.9324 0:08:26 7742.68 123475.04 7354.75 7449.70 1.98 7.53 232.92 1251.79
aat_500_2 1 0.8436141463987781 0.8418830978483907 0.15638585360122192 0.15811690215160934 (naive) 1.0567226890756303 0.5476718403547672 431.8858 0:07:11 7960.93 123668.66 7572.52 7687.02 1.98 5.98 195.09 893.91
proteasome_20_2 1 0.7449613289137806 0.7057570835589244 0.25503867108621936 0.2942429164410756 (naive) 1.0032362459546926 0.19655172413793104 386.7769 0:06:26 5752.55 123537.79 5726.43 5732.69 1.99 3.48 215.90 907.23
ghf1_500_2 1 0.9295090811005214 0.9278406031233172 0.07049091889947856 0.07215939687668282 (naive) 1.01067615658363 0.7435387673956262 608.8337 0:10:08 7945.59 123607.41 7556.60 7650.92 1.99 6.21 196.75 1244.08
hr_20_3 1 0.9771428571428571 0.9771428571428571 0.02285714285714291 0.02285714285714291 (naive) 1.0 0.9367088607594937 225.8036 0:03:45 5317.71 123537.98 4928.73 5026.11 1.99 4.01 155.32 410.20
peroxidase_200_0 1 0.7880645161290323 0.8209005376344086 0.21193548387096772 0.17909946236559138 (naive) 1.0913838120104438 0.5444126074498568 262.1464 0:04:22 7080.95 123600.26 7055.41 7061.74 1.99 4.62 231.74 687.27
tms_50_3 1 0.9172730754500191 0.9116863342215454 0.08272692454998087 0.08831366577845456 (naive) 0.9831932773109243 0.7684210526315789 355.4839 0:05:55 6228.29 123665.96 5840.75 5961.87 1.99 4.05 200.66 807.22
serpin_1000_2 1 0.9446425034660328 0.9406370180455577 0.055357496533967154 0.05936298195444234 (naive) 1.0047961630695443 0.8065326633165829 381.1661 0:06:21 7905.28 123668.62 7879.06 7885.92 1.98 6.82 166.96 691.32
tms_20_1 1 0.8594408272692455 0.8483931947069944 0.14055917273075447 0.15160680529300563 (naive) 0.9831932773109243 0.7157894736842105 506.3096 0:08:26 6046.18 123537.75 5658.02 5786.13 1.99 3.42 220.05 1130.25
cyclo_200_2 1 0.9155518394648829 0.9213294068153134 0.08444816053511706 0.07867059318468661 (naive) 1.0098522167487685 0.7883597883597884 205.5769 0:03:25 6228.03 123543.13 5839.96 6025.26 1.99 3.87 169.95 440.81
blmb_50_1 1 0.598761408083442 0.603086014445174 0.401238591916558 0.39691398555482604 (naive) 0.9709302325581395 0.24 308.8671 0:05:08 5838.20 123729.79 5449.70 5558.14 1.99 3.57 199.92 664.73
lyase_1_1000_3 1 0.8437037037037037 0.8460014855162169 0.15629629629629627 0.1539985144837831 (naive) 1.009784735812133 0.6719681908548708 605.7568 0:10:05 7716.62 123545.94 7345.98 7465.52 1.99 6.21 191.76 1206.95
kunitz_100_0 1 0.9893069306930693 0.9893069306930693 0.010693069306930703 0.010693069306930703 (naive) 1.0 0.95 150.4555 0:02:30 5380.14 123671.28 4991.73 5085.94 1.99 4.09 158.32 327.15
asp_1000_3 1 0.9147077765255193 0.9173293505025633 0.08529222347448073 0.08267064949743674 (naive) 1.0105263157894737 0.7540106951871658 537.1416 0:08:57 7896.42 123476.73 7508.08 7602.36 1.98 7.57 215.72 1216.74
serpin_20_0 1 0.8928500693206576 0.8863546991742037 0.10714993067934242 0.11364530082579627 (naive) 0.9904076738609112 0.6683417085427136 554.9235 0:09:14 6470.04 123543.12 6081.14 6204.03 1.99 3.46 221.23 1280.01
uce_20_2 1 0.8314967860422406 0.8168696436626072 0.16850321395775936 0.18313035633739283 (naive) 0.967391304347826 0.27710843373493976 313.2016 0:05:13 5492.21 123607.33 5103.64 5197.79 1.99 3.44 182.36 680.06
ghf10_100_2 1 0.8648466464442197 0.896575821104123 0.1351533535557803 0.10342417889587696 (naive) 1.0796703296703296 0.6873065015479877 326.0512 0:05:26 6708.85 123663.34 6321.29 6415.50 1.99 4.25 207.02 747.19
hom_50_0 1 0.9568576947842885 0.9519538757206919 0.043142305215711496 0.0480461242793081 (naive) 0.9693877551020408 0.6956521739130435 170.5752 0:02:50 5349.95 123536.16 5323.91 5330.11 1.99 3.40 150.84 324.70
hormone_rec_50_1 1 0.7423481041571494 0.7124068391056554 0.25765189584285064 0.2875931608943446 (naive) 1.0 0.4875444839857651 311.2335 0:05:11 5879.48 123599.34 5491.40 5616.30 1.99 4.13 183.97 669.49
biotin_lipoyl_20_2 1 0.9226450405489707 0.912962962962963 0.07735495945102933 0.08703703703703702 (naive) 0.9553571428571429 0.6588235294117647 248.5641 0:04:08 5319.59 123536.29 4930.98 5035.70 1.99 4.04 168.00 506.01
aldosered_50_3 1 0.898237445959428 0.8917134367778144 0.101762554040572 0.10828656322218555 (naive) 0.9818652849740933 0.6676923076923077 386.3433 0:06:26 6267.24 123540.66 5879.12 6004.60 1.99 3.79 215.55 891.49
sodcu_500_1 1 0.9341238471673254 0.9362826015186531 0.06587615283267456 0.06371739848134694 (naive) 1.0059171597633136 0.8012048192771084 172.6024 0:02:52 6465.34 123735.55 6076.55 6170.86 1.99 4.73 153.16 333.88
hr_50_1 1 1.0 1.0 0.0 0.0 (naive) 1.0 1.0 172.5092 0:02:52 5350.40 123607.14 5324.41 5331.26 1.99 3.59 165.19 371.26
hormone_rec_200_3 1 0.7756966651439013 0.7395470383275261 0.22430333485609866 0.2604529616724739 (naive) 0.9902597402597403 0.505338078291815 224.0346 0:03:44 6577.26 123538.11 6189.04 6374.26 1.99 3.88 160.61 453.65
tRNA-synt_2b_100_2 1 0.5241605241605242 0.4986365407089988 0.47583947583947583 0.5013634592910012 (naive) 0.9100642398286938 0.24127906976744187 290.7612 0:04:50 6104.66 123607.24 5717.38 5902.66 1.99 3.69 180.14 622.31
mofe_1000_1 1 0.8399939903846154 0.8706010588601681 0.16000600961538458 0.12939894113983186 (naive) 1.077175697865353 0.6754716981132075 672.6994 0:11:12 8467.42 123476.75 8440.53 8446.76 1.99 6.59 254.50 1749.99
tgfb_500_2 1 0.8227848101265823 0.8597883597883598 0.17721518987341767 0.14021164021164023 (naive) 1.0932203389830508 0.3333333333333333 147.3221 0:02:27 6319.12 123607.27 5930.59 6025.52 1.99 4.82 141.39 281.92
kringle_100_0 1 0.9140319715808171 0.908866125044154 0.08596802841918294 0.09113387495584602 (naive) 1.05 0.7528089887640449 161.7060 0:02:41 5445.62 123668.73 5056.94 5151.31 1.99 4.15 141.91 273.85
sodcu_500_0 1 0.9173254281949934 0.9203569068076669 0.08267457180500659 0.07964309319233309 (naive) 1.0118343195266273 0.7771084337349398 170.7433 0:02:50 6813.14 123671.15 6424.77 6519.00 1.99 4.15 142.48 321.82
zf-CCHH_200_2 1 0.9600428112736354 0.9545938275984391 0.039957188726364556 0.04540617240156086 (naive) 1.0769230769230769 0.7714285714285715 121.1280 0:02:01 5341.65 123602.00 4953.58 5138.80 1.99 4.05 140.86 190.92
egf_50_2 1 0.7302199922809726 0.714231785579464 0.26978000771902744 0.285768214420536 (naive) 1.0422535211267605 0.22058823529411764 171.1583 0:02:51 5290.47 123666.04 4902.37 5028.56 1.99 3.68 123.15 315.12
DEATH_100_0 1 0.8443864229765013 0.8404365904365905 0.15561357702349865 0.15956340956340953 (naive) 1.0 0.5725806451612904 181.7887 0:03:01 5560.88 123604.78 5171.96 5266.26 1.99 4.20 161.70 377.92
p450_100_1 1 0.4270203578038248 0.6163846838824577 0.5729796421961753 0.3836153161175423 (naive) 1.69921875 0.002004008016032064 397.2478 0:06:37 7363.58 123536.45 6975.80 7101.26 1.99 4.51 197.41 837.32
gluts_100_1 1 0.9250526315789473 0.9226731061998005 0.07494736842105265 0.07732689380019953 (naive) 1.004255319148936 0.7167381974248928 227.7110 0:03:47 5739.46 123472.18 5351.22 5450.89 1.99 4.29 158.76 442.06
gpdh_500_1 1 0.9578879170715905 0.9596495023799221 0.04211208292840951 0.04035049762007792 (naive) 1.038888888888889 0.8519553072625698 202.3712 0:03:22 6724.08 123607.23 6335.72 6430.30 1.99 5.21 175.84 417.65
blmb_200_2 1 0.6926336375488917 0.7422284317149843 0.30736636245110827 0.2577715682850157 (naive) 1.061046511627907 0.37454545454545457 235.5982 0:03:55 6461.79 123546.41 6418.89 6425.73 1.99 4.21 179.35 463.07
tms_1000_0 1 0.9731903485254692 0.9713302752293578 0.02680965147453085 0.028669724770642224 (naive) 1.0 0.8982456140350877 429.0932 0:07:09 7275.12 123600.30 7063.30 7081.00 1.99 6.22 179.88 813.09
gpdh_100_2 1 0.9489256019868265 0.9586560488709501 0.05107439801317348 0.04134395112904987 (naive) 1.0416666666666667 0.8463687150837989 274.2516 0:04:34 5961.16 123607.09 5573.00 5698.39 1.99 4.10 191.57 616.25
kringle_50_3 1 0.9737122557726465 0.9600700525394046 0.02628774422735347 0.039929947460595416 (naive) 1.02 0.8651685393258427 186.1606 0:03:06 5383.35 123600.34 4995.32 5090.34 1.99 4.12 155.42 360.77
cytb_20_2 1 0.7901748542880933 0.8125 0.2098251457119067 0.1875 (naive) 1.09 0.4673913043478261 290.8261 0:04:50 5354.44 123536.30 5327.66 5334.06 1.99 3.54 199.16 622.25
rub_200_2 1 0.9918367346938776 0.9918367346938776 0.008163265306122436 0.008163265306122436 (naive) 1.0 0.9629629629629629 131.6408 0:02:11 5424.60 123543.27 5035.60 5130.39 1.99 4.31 117.81 252.10
ghf10_200_2 1 0.937984496124031 0.9354621848739496 0.06201550387596899 0.06453781512605039 (naive) 1.0082417582417582 0.8204334365325078 285.8019 0:04:45 7074.81 123601.79 6686.87 6813.79 1.99 4.36 164.62 536.42
cryst_1000_2 1 0.9290760101723651 0.9272419627749577 0.07092398982763493 0.07275803722504226 (naive) 1.0104166666666667 0.7348066298342542 165.5296 0:02:45 7009.89 123726.11 6621.52 6715.84 1.99 5.06 133.81 273.90
hpr_100_1 1 1.0 1.0 0.0 0.0 (naive) 1.0 1.0 157.3613 0:02:37 5459.99 123607.17 5071.80 5171.58 1.99 3.70 139.38 366.43
mmp_20_0 1 0.9520807061790668 0.9536842105263158 0.047919293820933184 0.0463157894736842 (naive) 1.011111111111111 0.8875739644970414 465.9848 0:07:45 5594.60 123664.21 5273.29 5424.41 1.99 3.53 207.39 1058.48
ghf10_50_0 1 0.8998988877654196 0.8962739174219537 0.1001011122345804 0.10372608257804627 (naive) 1.0027472527472527 0.7523219814241486 391.6399 0:06:31 6234.42 123665.93 5846.05 5940.93 1.99 3.66 207.43 871.46
hla_50_2 1 1.0 1.0 0.0 0.0 (naive) 1.0 1.0 250.3593 0:04:10 5656.21 123545.99 5267.76 5453.09 1.99 3.53 183.76 513.40
int_1000_1 1 0.8652561247216035 0.8681564245810056 0.13474387527839649 0.13184357541899439 (naive) 1.0136986301369864 0.6782178217821783 246.5931 0:04:06 7088.11 123600.35 6699.62 6793.95 1.98 6.22 170.44 453.56
sodfe_50_1 1 0.8699661272111404 0.8584958217270195 0.13003387278885958 0.14150417827298045 (naive) 0.9908675799086758 0.5885167464114832 255.6311 0:04:15 5506.41 123537.80 5118.43 5271.28 1.99 3.68 164.32 522.91
KAS_200_2 1 0.5835254663592538 0.7733333333333333 0.41647453364074616 0.22666666666666668 (naive) 1.433168316831683 0.395 258.3132 0:04:18 6768.00 123601.77 6399.09 6494.77 1.99 4.71 166.41 498.00
KAS_50_2 1 0.5424439320897086 0.7125550660792952 0.45755606791029135 0.2874449339207048 (naive) 1.396039603960396 0.2075 410.3497 0:06:50 5969.66 123537.87 5944.49 5950.67 1.99 3.46 205.98 919.51
rrm_100_2 1 0.82411884240768 0.8134034165571616 0.17588115759232004 0.18659658344283836 (naive) 1.0063694267515924 0.17117117117117117 163.4005 0:02:43 5456.14 123600.19 5068.38 5253.55 1.99 3.58 156.15 312.23
serpin_200_1 1 0.9618736383442266 0.9541257367387034 0.03812636165577343 0.04587426326129662 (naive) 1.0023980815347722 0.8266331658291457 325.9996 0:05:25 7769.49 123536.48 7381.91 7478.49 1.99 5.13 184.31 657.91
hpr_500_3 1 1.0 1.0 0.0 0.0 (naive) 1.0 1.0 133.8914 0:02:13 5934.81 123538.05 5542.42 5636.42 1.99 4.27 112.36 219.08
ace_500_2 1 0.8088823686316351 0.8293450020511418 0.1911176313683649 0.1706549979488582 (naive) 1.07 0.5865051903114187 627.4698 0:10:27 8073.96 123603.11 7685.57 7808.05 1.98 5.86 261.63 1712.65
zf-CCHH_20_3 1 0.8947556189796646 0.8865323435843054 0.1052443810203354 0.11346765641569456 (naive) 1.0512820512820513 0.5714285714285714 192.4205 0:03:12 5226.86 123668.51 4838.31 4932.67 1.99 3.42 145.35 354.05
Acetyltransf_50_2 1 0.6791893227879388 0.6612127045235804 0.32081067721206125 0.3387872954764196 (naive) 0.9563318777292577 0.291005291005291 238.3959 0:03:58 5479.75 123543.22 5453.30 5459.64 1.99 3.56 188.02 523.97
asp_1000_0 1 0.9060537755594912 0.9086505469664554 0.09394622444050882 0.09134945303354458 (naive) 1.0105263157894737 0.7352941176470589 393.3359 0:06:33 7842.05 123604.62 7453.51 7578.04 1.98 7.27 171.58 734.75
p450_500_2 1 0.46777709232983755 0.7139539263071998 0.5322229076701624 0.2860460736928002 (naive) 1.623046875 0.04809619238476954 406.9826 0:06:46 8265.89 123475.00 7965.94 8062.86 1.98 6.04 174.15 755.86
annexin_20_1 1 0.9803257880262323 0.9865871833084948 0.01967421197376773 0.01341281669150518 (naive) 1.0123839009287925 0.9371069182389937 433.3365 0:07:13 5406.52 123607.19 5018.33 5137.76 1.99 3.42 203.49 956.98
PDZ_20_1 1 0.8248847926267281 0.8117913832199547 0.1751152073732719 0.1882086167800453 (naive) 0.9818181818181818 0.5656565656565656 237.7943 0:03:57 5337.66 123601.96 4949.52 5043.69 1.99 4.05 180.13 522.87
uce_200_2 1 0.9151515151515152 0.9046019787600981 0.08484848484848484 0.09539802123990193 (naive) 0.9945652173913043 0.5542168674698795 169.7689 0:02:49 6015.52 123665.87 5628.18 5722.38 1.99 4.44 125.39 292.25
hom_1000_2 1 0.952994204764971 0.9475032010243278 0.04700579523502901 0.052496798975672165 (naive) 0.9591836734693877 0.6956521739130435 136.4366 0:02:16 5956.25 123540.80 5567.25 5662.93 1.99 5.25 112.42 198.16
kunitz_50_1 1 0.9821782178217822 0.9821782178217822 0.017821782178217838 0.017821782178217838 (naive) 1.0 0.9166666666666666 169.8545 0:02:49 5320.83 123537.79 5294.61 5300.80 1.99 3.54 136.25 321.44
aldosered_20_2 1 0.9000665114732291 0.8923508077810749 0.09993348852677086 0.1076491922189251 (naive) 0.9844559585492227 0.6738461538461539 480.4949 0:08:00 6038.67 123600.38 5651.58 5776.95 1.99 3.54 219.96 1116.12
aldosered_20_0 1 0.8817758563352178 0.8730655251893316 0.11822414366478218 0.12693447481066844 (naive) 0.9740932642487047 0.5876923076923077 480.6551 0:08:00 6100.36 123536.26 5712.53 5837.09 1.99 3.57 217.69 1138.02
annexin_50_2 1 0.9621324307171567 0.9676595744680851 0.037867569282843294 0.03234042553191485 (naive) 1.0123839009287925 0.9182389937106918 237.9934 0:03:57 5472.40 123600.38 5083.63 5209.14 1.99 3.63 185.81 551.14
il8_20_3 1 0.7990957897711218 0.793713163064833 0.20090421022887817 0.20628683693516703 (naive) 1.0246913580246915 0.23376623376623376 219.9242 0:03:39 5295.79 123665.76 4907.48 5013.10 1.99 3.48 161.33 396.64
hla_50_1 1 1.0 1.0 0.0 0.0 (naive) 1.0 1.0 250.3910 0:04:10 5691.88 123545.82 5303.33 5402.53 1.99 3.97 178.77 493.15
gluts_100_3 1 0.9271052631578948 0.9252547536505935 0.07289473684210523 0.07474524634940649 (naive) 1.0212765957446808 0.7381974248927039 235.5531 0:03:55 5744.97 123600.37 5356.80 5450.90 1.99 3.79 183.78 484.37
rvp_200_1 1 0.38092016238159676 0.40708604483007954 0.6190798376184032 0.5929139551699205 (naive) 1.2272727272727273 0.0 147.9139 0:02:27 5714.84 123539.07 5326.54 5452.01 1.99 3.56 160.55 333.11
phc_100_1 1 0.5131950989632422 0.7003215434083602 0.4868049010367578 0.29967845659163983 (naive) 1.9664804469273742 0.0111731843575419 198.6731 0:03:18 5699.77 123671.14 5311.68 5407.75 1.99 3.70 142.94 364.58
rub_20_3 1 0.9755102040816327 0.9755102040816327 0.024489795918367308 0.024489795918367308 (naive) 1.0 0.8888888888888888 212.5180 0:03:32 5261.02 123537.75 4873.39 4990.66 1.99 3.48 167.75 445.43
biotin_lipoyl_20_1 1 0.9575795383655645 0.9411404046597179 0.04242046163443547 0.05885959534028207 (naive) 0.9553571428571429 0.7764705882352941 254.1950 0:04:14 5319.62 123601.76 4931.57 5056.82 1.99 3.47 167.26 506.96
int_200_0 1 0.8919821826280624 0.8934746235359732 0.10801781737193761 0.10652537646402682 (naive) 1.0091324200913243 0.7128712871287128 209.2085 0:03:29 6448.51 123664.21 6059.65 6153.87 1.99 4.57 167.25 441.49
hla_200_1 1 0.9898876404494382 0.9932356257046223 0.010112359550561778 0.006764374295377684 (naive) 1.0056179775280898 0.9831460674157303 181.1470 0:03:01 6141.00 123664.16 5752.76 5847.07 1.99 3.68 175.41 395.97
rvp_200_2 1 0.2638700947225981 0.28867505551443373 0.736129905277402 0.7113249444855663 (naive) 1.1363636363636365 0.0 151.6039 0:02:31 5756.24 123472.32 5378.42 5558.70 1.99 3.52 166.93 319.20
phc_50_2 1 0.3649387370405278 0.6314416177429876 0.6350612629594722 0.36855838225701243 (naive) 1.988826815642458 0.0111731843575419 239.0246 0:03:59 5522.93 123671.18 5134.29 5252.57 1.99 3.43 198.50 563.45
hr_50_3 1 1.0 1.0 0.0 0.0 (naive) 1.0 1.0 176.7118 0:02:56 5353.66 123536.27 4965.07 5059.23 1.99 4.09 169.21 366.84
mmp_50_3 1 0.9655317360235393 0.9659377628259042 0.034468263976460745 0.034062237174095844 (naive) 1.0055555555555555 0.8757396449704142 355.9918 0:05:55 5812.45 123545.89 5424.82 5521.68 1.99 4.21 209.03 813.10
ghf1_1000_1 1 0.9233051609422765 0.9231391585760518 0.07669483905772345 0.07686084142394822 (naive) 1.01067615658363 0.7137176938369781 618.9102 0:10:18 7987.66 123604.87 7598.87 7724.40 1.99 7.48 194.90 1224.03
ghf5_1000_3 1 0.6637233259749816 0.6681481481481482 0.3362766740250184 0.33185185185185184 (naive) 1.0382978723404255 0.35989717223650386 391.5135 0:06:31 7680.45 123604.59 7654.99 7661.28 1.98 6.80 191.66 809.60
flav_50_2 1 0.7948375611927013 0.7983907018328118 0.20516243880729867 0.2016092981671882 (naive) 1.0273224043715847 0.4685714285714286 243.5820 0:04:03 5652.03 123536.34 5263.34 5387.68 1.99 4.01 190.45 570.02
rvp_50_1 1 0.401894451962111 0.3989254533243788 0.598105548037889 0.6010745466756212 (naive) 1.0075757575757576 0.0 195.4573 0:03:15 5424.82 123537.91 5398.34 5404.69 1.99 3.43 146.72 398.94
myb_DNA-binding_500_0 1 0.9438877755511023 0.9326732673267327 0.05611222444889774 0.06732673267326728 (naive) 1.0 0.7857142857142857 129.6399 0:02:09 5831.53 123543.30 5447.52 5630.78 1.99 4.70 123.60 229.29
aldosered_200_3 1 0.9231792484203525 0.9241011984021305 0.07682075157964752 0.07589880159786955 (naive) 0.9818652849740933 0.7415384615384616 274.9947 0:04:34 7130.39 123601.81 6742.64 6836.88 1.99 4.57 175.11 548.96
adh_50_2 1 0.9699328859060403 0.9714977144393654 0.03006711409395968 0.02850228556063461 (naive) 1.008 0.9306666666666666 330.6567 0:05:30 5683.09 123600.23 5296.25 5481.47 1.99 3.62 208.53 774.30
mmp_200_2 1 0.9436738125262716 0.9565402641670218 0.05632618747372842 0.04345973583297824 (naive) 1.0222222222222221 0.8579881656804734 237.8350 0:03:57 6483.41 123665.85 6094.82 6188.99 1.99 4.57 186.64 543.74
mmp_500_3 1 0.9537620849096259 0.9721508140531276 0.046237915090374115 0.027849185946872357 (naive) 1.0444444444444445 0.8757396449704142 212.8165 0:03:32 7243.96 123735.45 6855.90 7041.31 1.99 4.80 162.07 381.53
ace_1000_2 1 0.8384902640704188 0.8536320434487441 0.16150973592958118 0.1463679565512559 (naive) 1.0466666666666666 0.6211072664359861 530.9011 0:08:50 8445.03 123604.79 8056.35 8150.38 1.98 8.54 176.18 972.14
myb_DNA-binding_1000_0 1 0.9438877755511023 0.9326732673267327 0.05611222444889774 0.06732673267326728 (naive) 1.0 0.7857142857142857 134.6908 0:02:14 5967.51 123538.98 5579.62 5673.79 1.98 4.74 111.43 180.69
ghf13_500_1 1 0.670281759223936 0.6676619076054503 0.32971824077606404 0.3323380923945497 (naive) 1.0047923322683705 0.32767402376910015 489.0213 0:08:09 7862.71 123600.27 7473.75 7571.96 1.99 5.16 190.12 992.65
subt_50_0 1 0.7678226029289859 0.7568432520768078 0.23217739707101415 0.2431567479231922 (naive) 1.0193236714975846 0.3520408163265306 480.5181 0:08:00 6436.60 123607.18 6049.13 6174.69 1.99 3.50 214.72 1137.79
OTCace_500_1 1 0.9574750830564784 0.9574750830564784 0.04252491694352156 0.04252491694352156 (naive) 1.0 0.857566765578635 221.6998 0:03:41 7071.81 123541.86 6683.70 6777.94 1.99 4.57 157.10 384.39
rrm_200_3 1 0.8355406068250297 0.82822810307703 0.16445939317497027 0.17177189692297 (naive) 0.9299363057324841 0.17117117117117117 145.3228 0:02:25 5613.93 123543.34 5225.99 5326.58 1.99 4.07 155.49 284.76
ghf1_200_3 1 0.9083797878079483 0.90683062561709 0.09162021219205174 0.09316937438290995 (naive) 1.00355871886121 0.709741550695825 500.7567 0:08:20 8006.60 123537.80 7679.75 7830.89 1.99 4.64 198.15 1044.21
kringle_100_3 1 0.91651865008881 0.9033613445378151 0.08348134991119005 0.09663865546218486 (naive) 1.01 0.7191011235955056 171.6835 0:02:51 5478.24 123543.44 5089.01 5183.35 1.99 3.64 169.38 367.23
serpin_20_2 1 0.844622697563874 0.8447063484203229 0.15537730243612602 0.15529365157967712 (naive) 1.0023980815347722 0.6130653266331658 576.0921 0:09:36 6414.59 123600.45 6026.40 6147.84 1.99 4.06 215.97 1349.90
aadh_20_3 1 0.5337036339672379 0.6015492359932089 0.46629636603276214 0.39845076400679114 (naive) 1.3726937269372694 0.0022675736961451248 689.4192 0:11:29 6108.27 123473.78 5721.11 5848.06 1.99 4.00 227.31 1647.95
Ald_Xan_dh_2_1000_2 1 0.8397484040555764 0.8422787193973634 0.16025159594442362 0.15772128060263657 (naive) 1.0203389830508474 0.6442307692307693 227.9031 0:03:47 6641.86 123479.48 6253.93 6353.61 1.98 6.12 149.13 359.88
cah_1000_3 1 0.8808290155440415 0.8877284595300261 0.11917098445595853 0.1122715404699739 (naive) 1.028673835125448 0.6863468634686347 291.2693 0:04:51 6931.47 123474.07 6543.23 6642.86 1.98 7.00 182.60 581.60
peroxidase_200_3 1 0.7825806451612903 0.8033112582781456 0.21741935483870967 0.19668874172185435 (naive) 1.0496083550913837 0.5071633237822349 323.8196 0:05:23 7016.41 112130.03 6629.32 6756.06 1.99 5.09 156.16 512.41
mmp_1000_1 1 0.957124842370744 0.9648305084745763 0.04287515762925598 0.0351694915254237 (naive) 1.0333333333333334 0.863905325443787 267.5644 0:04:27 7198.77 123667.06 6810.71 6904.93 1.98 6.37 180.95 514.51
sdr_500_3 1 0.8306562896726831 0.8154429693849905 0.16934371032731688 0.1845570306150095 (naive) 1.0387811634349031 0.38170347003154576 200.8303 0:03:20 7248.38 123540.54 6860.13 6985.52 1.98 5.35 134.98 305.36
